# Blender 5.0.1
# www.blender.org
mtllib HomTardyWithLegs.mtl
o Cube.007
v -3.347648 1.477566 28.656635
v -3.347648 1.477565 31.704632
v 3.559117 0.429746 29.393326
v 3.481783 -1.426842 29.349577
v 3.559117 0.429745 30.967941
v 3.487583 -1.446439 31.069281
v -0.273346 1.688490 32.116005
v -0.273346 1.688491 28.245262
v -4.413212 1.231201 28.881798
v -4.516074 -1.376607 28.562458
v -4.413212 1.231200 31.479469
v -4.485594 -1.465429 31.821758
v -6.494230 0.134843 29.909332
v -6.494230 -0.397369 29.909332
v -6.494230 0.134843 30.451935
v -6.494230 -0.397370 30.451935
v -1.799145 1.681476 31.962759
v -1.799145 1.681477 28.398508
v -6.099859 -0.863028 29.370836
v -6.095777 0.735651 29.371367
v -6.099859 -0.863029 30.990431
v -6.095777 0.735651 30.989901
v -6.335573 0.438497 30.802258
v -6.335573 0.438497 29.559010
v -6.335573 -0.598063 29.559010
v -6.335573 -0.598064 30.802258
v -6.627442 0.024434 30.018456
v -6.627442 -0.299923 30.018456
v -6.627442 0.024434 30.342812
v -6.627442 -0.299923 30.342812
v -6.556874 -0.387310 29.931067
v -6.556874 0.111822 29.931068
v -6.556874 -0.387310 30.430199
v -6.556874 0.111822 30.430201
v 2.384765 -1.704775 31.920799
v 2.332010 1.130664 28.827114
v 2.332010 1.130663 31.534153
v 2.344206 -1.621519 28.515038
v -4.916768 1.118572 29.047028
v -4.916768 1.118572 31.314240
v -4.969610 -1.197528 28.847633
v -4.949689 -1.255580 31.512453
v -5.242023 -1.108389 29.154766
v -5.228890 -1.146662 31.209164
v -5.205235 1.011642 29.156067
v -5.205235 1.011641 31.205202
v -5.597347 -1.048301 29.224052
v -5.597347 -1.048301 31.137215
v -5.576737 0.990833 29.227018
v -5.576737 0.990833 31.134249
v -4.161654 -1.597719 31.877195
v -4.176609 -1.479892 28.507429
v -3.977031 1.237542 28.827196
v -3.977031 1.237541 31.534071
v -6.637446 0.083753 30.402130
v -6.637446 0.083753 29.959137
v -6.637445 -0.359242 29.959137
v -6.637445 -0.359242 30.402130
v -6.478384 -0.037065 30.079954
v -6.478384 -0.238424 30.079954
v -6.478384 -0.037065 30.281313
v -6.478384 -0.238424 30.281313
v -2.601753 1.453063 31.790960
v -2.829523 -1.845609 28.188398
v -2.835730 -1.963834 32.217255
v -2.601753 1.453064 28.570309
v -1.115516 -1.882229 32.520218
v -1.029521 1.561599 28.348820
v -1.029521 1.561598 32.012447
v -1.148059 -1.833956 27.908339
v 1.234410 1.543554 31.886360
v 1.234410 1.543555 28.474907
v 0.516957 1.553549 31.938850
v 0.520426 -1.845941 28.011223
v 0.553293 -1.921031 32.413921
v 0.516957 1.553550 28.422419
v -6.605533 -0.376394 29.941984
v -6.605533 -0.376395 30.419283
v -6.605533 0.100906 29.941984
v -6.605533 0.100906 30.419283
v -6.445826 0.232856 29.800938
v -6.445826 0.232856 30.560329
v -6.445826 -0.435903 29.800938
v -6.445826 -0.435903 30.560329
v -6.591809 0.008246 30.326624
v -6.591809 -0.283735 30.326624
v -6.591809 -0.283735 30.034643
v -6.591809 0.008246 30.034643
v -6.495890 -0.001607 30.316771
v -6.495890 -0.001607 30.044497
v -6.495889 -0.273882 30.044497
v -6.495889 -0.273882 30.316771
v -6.565913 0.005986 30.324364
v -6.565912 -0.281474 30.036903
v -6.565912 -0.281475 30.324364
v -6.565913 0.005986 30.036903
v 1.381407 -2.410305 30.319197
v -3.646245 -2.274263 30.276339
v -4.521924 -2.086453 30.210070
v 0.553958 -2.397506 30.316635
v -0.328121 -2.525038 30.356363
v -2.862193 -2.298426 30.295223
v -1.161148 -2.384959 30.317883
v -4.907707 -1.856562 30.174221
v -1.959593 -2.467028 30.343817
v -4.170812 -2.149287 30.222383
v 2.365821 -2.262744 30.329370
v 2.911008 -2.091591 29.791227
v -3.537402 -1.437169 27.913836
v -3.238780 -2.651534 28.137388
v -3.634209 -2.788373 28.664665
v -3.916775 -2.436643 28.309605
v -3.234801 -2.658283 32.233616
v -3.537402 -1.437171 32.447430
v -3.932284 -2.411808 32.073021
v -3.622062 -3.035663 31.748806
v -0.334409 -3.589700 32.252289
v 0.028725 -2.835897 32.694897
v -0.309023 -1.503780 33.062599
v -0.745182 -2.772276 32.745640
v 0.063580 -2.916105 27.720371
v -0.334232 -3.298309 28.267607
v -0.733193 -2.647891 27.645905
v -0.309023 -1.503778 27.298666
v -1.524464 -2.767952 27.806129
v -1.947260 -3.037042 28.413731
v -2.362719 -2.719545 27.940872
v -1.885196 -1.439703 27.529758
v -1.945319 -3.491119 32.067150
v -1.548581 -2.618967 32.598988
v -1.885196 -1.439705 32.831509
v -2.370258 -2.660320 32.462395
v 1.338968 -3.343959 28.475758
v 0.920805 -2.591644 27.896793
v 1.300583 -1.450633 27.639128
v 1.693963 -2.564877 28.058329
v 1.680841 -2.843849 32.307926
v 1.300583 -1.450634 32.722137
v 0.934749 -2.654732 32.484322
v 1.352686 -3.345171 31.981764
v -3.310839 1.939420 31.014553
v -3.298570 2.093373 30.180634
v -3.310839 1.939421 29.346716
v -2.787323 1.432641 31.766092
v -2.972930 1.437110 31.749268
v -3.160492 1.469431 31.731739
v 2.685462 -1.615287 31.801374
v 2.996064 -1.541295 31.640942
v 3.272577 -1.485824 31.400154
v 3.612502 -0.955479 31.135176
v 3.655833 -0.410743 31.138645
v 3.624983 0.090165 31.070515
v 3.625329 0.520416 29.716482
v 3.658588 0.564667 30.180634
v 3.625329 0.520416 30.644785
v 3.621137 -1.420099 30.654600
v 3.666970 -1.407813 30.196936
v 3.621967 -1.410838 29.745642
v 3.610727 -0.949170 29.250118
v 3.655927 -0.410680 29.229492
v 3.624996 0.090169 29.291611
v 2.700897 0.990414 28.943008
v 3.064581 0.815950 29.077488
v 3.369428 0.611543 29.240400
v 0.335369 1.568969 31.980263
v 0.139947 1.600111 32.034782
v -0.065484 1.656836 32.086250
v -0.852044 1.564059 28.317263
v -0.669388 1.592301 28.279907
v -0.476008 1.651649 28.250500
v -0.263425 2.238315 31.239744
v -0.260118 2.421590 30.180634
v -0.263425 2.238315 29.121525
v -4.398748 1.597924 30.890934
v -4.393926 1.720165 30.180634
v -4.398748 1.597924 29.470333
v -4.436517 0.640370 28.511511
v -4.466882 -0.075143 28.346951
v -4.492951 -0.786028 28.381252
v -4.513178 -2.100579 30.693640
v -4.504474 -2.046443 31.143270
v -4.495904 -1.857805 31.529043
v -4.473530 -0.841841 31.991726
v -4.457935 -0.092251 32.010479
v -4.436358 0.639906 31.849989
v -4.229259 -1.544868 31.861361
v -4.302868 -1.514727 31.853947
v -4.386271 -1.491138 31.844503
v -4.090112 1.226894 28.845867
v -4.194794 1.228454 28.855371
v -4.299639 1.232973 28.864441
v -3.847959 1.269424 31.568075
v -3.699188 1.330678 31.613350
v -3.529986 1.417294 31.662449
v -6.335572 0.584263 30.520584
v -6.335572 0.632852 30.180634
v -6.335572 0.584263 29.840683
v -6.335573 0.203651 29.384178
v -6.335572 -0.079783 29.325901
v -6.335572 -0.363218 29.384178
v -6.335573 -0.743830 29.840683
v -6.335572 -0.792419 30.180634
v -6.335573 -0.743830 30.520584
v -6.335572 -0.363218 30.977089
v -6.335572 -0.079784 31.035366
v -6.335573 0.203651 30.977089
v -6.185730 -0.798313 29.412743
v -6.249435 -0.729515 29.456654
v -6.297278 -0.661238 29.504698
v -4.803640 1.155704 29.002689
v -4.674634 1.189584 28.956087
v -4.540806 1.216114 28.913647
v -6.185730 -0.798314 30.948523
v -6.249435 -0.729516 30.904613
v -6.297278 -0.661238 30.856569
v -4.803640 1.155704 31.358578
v -4.674634 1.189583 31.405182
v -4.540806 1.216114 31.447620
v -1.208762 1.570911 31.996035
v -1.395303 1.602177 31.988989
v -1.592845 1.657374 31.981501
v -2.412936 1.487083 28.531456
v -2.216401 1.545050 28.483768
v -2.009637 1.628428 28.435787
v -1.776974 2.216519 31.155722
v -1.769583 2.394867 30.180634
v -1.776974 2.216520 29.205547
v -5.725700 -1.012002 29.254097
v -5.859905 -0.969448 29.289902
v -5.988442 -0.920050 29.329470
v -6.297209 0.506483 29.504704
v -6.248948 0.579627 29.456730
v -6.184051 0.656493 29.412985
v -5.725700 -1.012003 31.107168
v -5.859905 -0.969449 31.071365
v -5.988442 -0.920050 31.031797
v -6.297209 0.506483 30.856564
v -6.248948 0.579626 30.904537
v -6.184051 0.656493 30.948282
v -6.097002 0.374324 31.217506
v -6.098480 -0.061761 31.293375
v -6.099597 -0.498897 31.217651
v -6.095017 0.959923 29.738066
v -6.094763 1.034680 30.180634
v -6.095017 0.959923 30.623201
v -6.100692 -1.087090 30.623703
v -6.101902 -1.159062 30.180634
v -6.100692 -1.087089 29.737564
v -6.099597 -0.498896 29.143616
v -6.098480 -0.061760 29.067892
v -6.097002 0.374325 29.143761
v -6.494229 0.209685 30.329002
v -6.494230 0.234633 30.180634
v -6.494229 0.209686 30.032267
v -6.494229 0.014264 29.833029
v -6.494230 -0.131263 29.807594
v -6.494229 -0.276790 29.833029
v -6.494229 -0.472212 30.032265
v -6.494230 -0.497159 30.180634
v -6.494229 -0.472212 30.329000
v -6.494229 -0.276790 30.528238
v -6.494230 -0.131263 30.553673
v -6.494229 0.014264 30.528238
v -6.460965 0.198786 29.842819
v -6.472552 0.171384 29.873423
v -6.482877 0.150215 29.894884
v -6.425344 0.273933 30.614351
v -6.399693 0.321985 30.676321
v -6.369546 0.376882 30.740776
v -6.460965 -0.417992 29.842817
v -6.472552 -0.407032 29.873423
v -6.482877 -0.400875 29.894884
v -6.460965 -0.417992 30.518448
v -6.472552 -0.407033 30.487844
v -6.482877 -0.400875 30.466383
v -6.637445 0.146049 30.301765
v -6.637445 0.166814 30.180634
v -6.637445 0.146049 30.059502
v -6.637445 -0.016613 29.896841
v -6.637445 -0.137744 29.876074
v -6.637445 -0.258876 29.896839
v -6.637445 -0.421538 30.059502
v -6.637445 -0.442303 30.180634
v -6.637445 -0.421538 30.301765
v -6.637445 -0.258876 30.464426
v -6.637445 -0.137744 30.485191
v -6.637445 -0.016613 30.464426
v -6.615762 -0.374769 29.943609
v -6.624999 -0.372440 29.945938
v -6.632481 -0.367800 29.950577
v -6.540963 0.114603 29.928307
v -6.524319 0.118402 29.924648
v -6.508291 0.124665 29.918766
v -6.615762 -0.374769 30.417658
v -6.624999 -0.372440 30.415329
v -6.632481 -0.367801 30.410690
v -6.540963 0.114603 30.432961
v -6.524319 0.118402 30.436619
v -6.508291 0.124665 30.442501
v -6.508291 -0.394685 29.918766
v -6.524318 -0.392270 29.924648
v -6.540963 -0.389889 29.928307
v -6.594870 0.103113 29.939775
v -6.583515 0.105891 29.936998
v -6.571005 0.108905 29.933985
v -6.508291 -0.394686 30.442501
v -6.524318 -0.392270 30.436619
v -6.540963 -0.389890 30.432961
v -6.594870 0.103113 30.421492
v -6.583515 0.105891 30.424269
v -6.571005 0.108905 30.427282
v -6.556874 -0.001263 30.500391
v -6.556874 -0.137744 30.523787
v -6.556874 -0.274226 30.500389
v -6.556874 0.182012 30.044151
v -6.556874 0.205409 30.180634
v -6.556874 0.182012 30.317116
v -6.556874 -0.457501 30.317116
v -6.556874 -0.480898 30.180634
v -6.556874 -0.457501 30.044151
v -6.556874 -0.274226 29.860876
v -6.556874 -0.137744 29.837481
v -6.556874 -0.001263 29.860876
v 1.460389 1.464199 28.532028
v 1.715017 1.350007 28.615961
v 2.002823 1.243064 28.716963
v 3.369428 0.611543 31.120867
v 3.064581 0.815949 31.283779
v 2.700897 0.990413 31.418261
v 3.249574 -1.455069 29.045534
v 2.956898 -1.496366 28.821379
v 2.642271 -1.551571 28.652687
v 2.357198 -1.027327 28.322617
v 2.350556 -0.295352 28.285019
v 2.340531 0.473728 28.442888
v 2.270805 -2.277564 29.733919
v 2.265199 -2.227721 29.236288
v 2.302378 -2.011463 28.824490
v 2.326693 1.540965 30.921097
v 2.324921 1.677732 30.180634
v 2.326693 1.540965 29.440172
v 2.380213 -1.079658 32.072475
v 2.357816 -0.312145 32.086449
v 2.340702 0.473775 31.919359
v -5.141387 1.025332 29.137146
v -5.078146 1.049960 29.113562
v -5.006334 1.082162 29.083969
v -5.141387 1.025331 31.224121
v -5.078146 1.049959 31.247705
v -5.006334 1.082161 31.277298
v -4.629838 -1.341503 28.601324
v -4.750337 -1.293924 28.661045
v -4.867087 -1.242917 28.742765
v -4.601598 -1.423800 31.777336
v -4.724815 -1.368298 31.710489
v -4.844443 -1.308906 31.621952
v -4.958341 -0.672416 28.644081
v -4.943938 -0.039083 28.597000
v -4.929162 0.594053 28.725084
v -4.936995 -1.818765 29.919556
v -4.963234 -1.726049 29.562078
v -4.973649 -1.536391 29.178164
v -4.909057 1.444126 29.560694
v -4.906486 1.552644 30.180634
v -4.909057 1.444126 30.800575
v -4.929162 0.594052 31.636040
v -4.940295 -0.049700 31.764580
v -4.946152 -0.707937 31.718204
v -5.050832 -1.164509 28.969606
v -5.117322 -1.141439 29.073904
v -5.178561 -1.123865 29.130199
v -5.033251 -1.215744 31.389296
v -5.101625 -1.187186 31.286175
v -5.164261 -1.165532 31.231882
v -5.461193 1.009638 29.204617
v -5.362282 1.012697 29.187160
v -5.277723 1.010026 29.171896
v -5.461193 1.009637 31.156652
v -5.362282 1.012696 31.174107
v -5.277723 1.010025 31.189371
v -5.234391 -0.627699 28.867357
v -5.224379 -0.047979 28.771690
v -5.213992 0.531544 28.867886
v -5.232928 -1.444894 30.743769
v -5.238871 -1.530115 30.180885
v -5.243674 -1.413578 29.618841
v -5.199780 1.309623 29.620323
v -5.197962 1.408949 30.180634
v -5.199780 1.309622 30.740944
v -5.213992 0.531544 31.493341
v -5.222268 -0.054130 31.590097
v -5.226266 -0.651376 31.496069
v -5.313865 -1.092219 29.171349
v -5.396926 -1.073936 29.186998
v -5.493217 -1.052462 29.204596
v -5.301941 -1.126968 31.193600
v -5.386343 -1.104774 31.178183
v -5.484138 -1.078917 31.160267
v -5.980550 0.814798 29.330442
v -5.847462 0.888147 29.291464
v -5.708772 0.949044 29.256350
v -5.980550 0.814797 31.030825
v -5.847462 0.888146 31.069803
v -5.708772 0.949043 31.104919
v -5.594429 -0.581205 28.957222
v -5.590282 -0.019292 28.869228
v -5.583085 0.533731 28.958815
v -5.601368 -1.331780 30.705074
v -5.605986 -1.416724 30.180634
v -5.601368 -1.331780 29.656191
v -5.572798 1.274552 29.659126
v -5.571485 1.369125 30.180634
v -5.572798 1.274552 30.702143
v -5.583085 0.533730 31.402452
v -5.590282 -0.019293 31.492039
v -5.594429 -0.581206 31.404045
v -4.417005 -1.393601 28.541950
v -4.330626 -1.402695 28.531664
v -4.252196 -1.426360 28.522808
v -3.529986 1.417295 28.698818
v -3.699188 1.330679 28.747917
v -3.847959 1.269425 28.793194
v -4.299639 1.232972 31.496828
v -4.194794 1.228453 31.505896
v -4.090112 1.226893 31.515402
v -4.151116 -0.876620 28.267488
v -4.105273 -0.173569 28.188997
v -4.022357 0.601592 28.443583
v -4.021719 0.599731 31.918177
v -4.068561 -0.171275 32.082085
v -4.110868 -0.922625 32.058376
v -3.948996 1.634637 29.440010
v -3.939651 1.767002 30.180634
v -3.948996 1.634636 30.921259
v -4.180581 -2.122083 29.701880
v -4.187509 -2.035951 29.221222
v -4.191895 -1.856101 28.816006
v -6.627441 0.070047 30.269325
v -6.627441 0.085251 30.180634
v -6.627441 0.070047 30.091942
v -6.627441 -0.049053 29.972843
v -6.627442 -0.137744 29.957638
v -6.627441 -0.226435 29.972843
v -6.627441 -0.345535 30.091942
v -6.627442 -0.360739 30.180634
v -6.627441 -0.345535 30.269325
v -6.627441 -0.226436 30.388424
v -6.627442 -0.137744 30.403629
v -6.627441 -0.049053 30.388424
v -6.639295 0.070390 29.972500
v -6.638093 0.054229 29.988661
v -6.634066 0.038001 30.004889
v -6.634066 0.038001 30.356379
v -6.638093 0.054229 30.372606
v -6.639295 0.070390 30.388767
v -6.639295 -0.345878 29.972500
v -6.638093 -0.329718 29.988659
v -6.634065 -0.313489 30.004889
v -6.639295 -0.345879 30.388767
v -6.638093 -0.329718 30.372606
v -6.634065 -0.313489 30.356379
v -6.478384 -0.022379 30.240366
v -6.478385 -0.015002 30.180634
v -6.478384 -0.022379 30.120901
v -6.478385 -0.078011 30.065268
v -6.478385 -0.137744 30.057892
v -6.478384 -0.197477 30.065268
v -6.478384 -0.253110 30.120901
v -6.478385 -0.260486 30.180634
v -6.478384 -0.253110 30.240366
v -6.478384 -0.197478 30.296000
v -6.478385 -0.137744 30.303375
v -6.478385 -0.078011 30.296000
v -6.478657 -0.253858 30.296747
v -6.480573 -0.266472 30.309362
v -6.485770 -0.272066 30.314955
v -6.599446 -0.284293 30.327183
v -6.608850 -0.286302 30.329191
v -6.618641 -0.291073 30.333963
v -6.576165 0.007089 30.325466
v -6.582280 0.007692 30.326071
v -6.586685 0.008007 30.326385
v -6.599446 0.008805 30.034084
v -6.608850 0.010813 30.032076
v -6.618641 0.015585 30.027304
v -2.009637 1.628427 31.925482
v -2.216401 1.545048 31.877499
v -2.412936 1.487082 31.829813
v -3.160492 1.469432 28.629528
v -2.972930 1.437111 28.612000
v -2.787323 1.432642 28.595175
v -2.566691 1.952017 31.061646
v -2.555004 2.118335 30.180634
v -2.566691 1.952017 29.299623
v -2.757167 -1.160210 32.431858
v -2.713192 -0.280275 32.448704
v -2.657667 0.657427 32.249077
v -2.862640 -2.323052 29.639828
v -2.849286 -2.368832 29.028538
v -2.848854 -2.226698 28.543282
v -2.785256 -1.085703 27.953621
v -2.745191 -0.276958 27.843466
v -2.657780 0.657758 28.112984
v -1.592845 1.657375 28.379768
v -1.395303 1.602179 28.372280
v -1.208762 1.570913 28.365232
v -0.476008 1.651648 32.110767
v -0.669388 1.592300 32.081360
v -0.852044 1.564058 32.044006
v -1.123073 -1.126755 27.655760
v -1.091774 -0.249642 27.612511
v -1.058350 0.715639 27.828920
v -1.166525 -2.392857 29.575178
v -1.152284 -2.374204 28.901745
v -1.155566 -2.234916 28.330256
v -1.105537 -1.177858 32.737545
v -1.088498 -0.259189 32.757481
v -1.058350 0.715638 32.533276
v -1.011479 2.092646 31.182898
v -1.005466 2.269661 30.180634
v -1.011479 2.092646 29.178371
v 2.002823 1.243063 31.644304
v 1.715017 1.350006 31.745308
v 1.460389 1.464198 31.829241
v 0.684984 1.536820 28.440268
v 0.852358 1.533564 28.444368
v 1.033271 1.552161 28.450104
v 1.223565 2.051627 31.113997
v 1.219950 2.220985 30.180634
v 1.223565 2.051628 29.247272
v 1.033271 1.552160 31.911163
v 0.852358 1.533563 31.916901
v 0.684984 1.536819 31.921000
v -0.065484 1.656837 28.275017
v 0.139947 1.600112 28.326487
v 0.335369 1.568970 28.381004
v 0.516999 2.086175 31.142799
v 0.517013 2.263717 30.180634
v 0.516999 2.086175 29.218468
v 0.540014 -1.212640 32.628513
v 0.523061 -0.282239 32.651306
v 0.516947 0.704785 32.437775
v 0.518310 -1.149389 27.766203
v 0.517277 -0.265383 27.719612
v 0.516947 0.704786 27.924408
v 0.542294 -2.438280 29.605957
v 0.536176 -2.558674 28.952948
v 0.525658 -2.389375 28.413975
v -6.571005 -0.384394 29.933985
v -6.583515 -0.381379 29.936998
v -6.594870 -0.378601 29.939775
v -6.571005 -0.384394 30.427282
v -6.583515 -0.381380 30.424269
v -6.594870 -0.378602 30.421490
v -6.632481 0.092312 29.950577
v -6.624999 0.096951 29.945938
v -6.615762 0.099280 29.943609
v -6.632481 0.092312 30.410690
v -6.624999 0.096951 30.415329
v -6.615762 0.099280 30.417658
v -6.605534 -0.007233 30.486404
v -6.605533 -0.137744 30.508778
v -6.605533 -0.268256 30.486404
v -6.605534 0.168026 30.050121
v -6.605533 0.190400 30.180634
v -6.605534 0.168026 30.311146
v -6.605533 -0.443515 30.311146
v -6.605533 -0.465888 30.180634
v -6.605533 -0.443515 30.050121
v -6.605533 -0.268256 29.874863
v -6.605533 -0.137744 29.852489
v -6.605534 -0.007232 29.874863
v -6.369546 0.376882 29.620491
v -6.399693 0.321985 29.684946
v -6.425344 0.273934 29.746916
v -6.482877 0.150215 30.466383
v -6.472552 0.171384 30.487844
v -6.460965 0.198786 30.518450
v -6.369546 -0.543566 29.620491
v -6.399693 -0.498431 29.684946
v -6.425344 -0.462573 29.746916
v -6.369546 -0.543566 30.740776
v -6.399693 -0.498431 30.676321
v -6.425344 -0.462573 30.614351
v -6.445827 -0.284388 30.667118
v -6.445827 -0.101524 30.702715
v -6.445827 0.081340 30.667118
v -6.445827 -0.529948 29.972988
v -6.445827 -0.561296 30.180634
v -6.445827 -0.529948 30.388279
v -6.445827 0.081340 29.694149
v -6.445827 -0.101524 29.658552
v -6.445827 -0.284387 29.694149
v -6.445827 0.326900 30.388279
v -6.445827 0.358248 30.180634
v -6.445827 0.326900 29.972988
v -6.618641 0.015585 30.333963
v -6.608850 0.010813 30.329191
v -6.599446 0.008805 30.327183
v -6.576165 0.007089 30.035801
v -6.582280 0.007692 30.035196
v -6.586685 0.008007 30.034882
v -6.618641 -0.291073 30.027304
v -6.608850 -0.286301 30.032076
v -6.599446 -0.284293 30.034084
v -6.586685 -0.283496 30.034882
v -6.582279 -0.283181 30.035196
v -6.576165 -0.282577 30.035801
v -6.591809 0.049306 30.100796
v -6.591809 0.062993 30.180634
v -6.591809 0.049306 30.260471
v -6.591810 -0.324795 30.260471
v -6.591810 -0.338481 30.180634
v -6.591810 -0.324795 30.100796
v -6.591810 -0.217583 29.993584
v -6.591810 -0.137744 29.979897
v -6.591810 -0.057906 29.993584
v -6.591810 -0.057906 30.367683
v -6.591810 -0.137744 30.381371
v -6.591810 -0.217583 30.367683
v -6.495889 0.036682 30.255083
v -6.495889 0.049445 30.180634
v -6.495889 0.036682 30.106184
v -6.495889 -0.063294 30.006207
v -6.495889 -0.137744 29.993444
v -6.495889 -0.212194 30.006207
v -6.495889 -0.312171 30.106184
v -6.495890 -0.324933 30.180634
v -6.495889 -0.312171 30.255083
v -6.495889 -0.212195 30.355061
v -6.495889 -0.137744 30.367823
v -6.495889 -0.063294 30.355061
v -6.550048 0.004266 30.322643
v -6.530901 0.002189 30.320568
v -6.511754 0.000113 30.318491
v -6.550048 -0.279754 30.038624
v -6.530902 -0.277678 30.040699
v -6.511755 -0.275602 30.042776
v -6.511755 -0.275602 30.318491
v -6.530902 -0.277678 30.320568
v -6.550048 -0.279754 30.322643
v -6.511754 0.000113 30.042776
v -6.530901 0.002190 30.040699
v -6.550048 0.004266 30.038624
v -6.565913 0.046410 30.102032
v -6.565913 0.059885 30.180634
v -6.565913 0.046410 30.259235
v -6.565913 -0.321899 30.259235
v -6.565913 -0.335373 30.180634
v -6.565913 -0.321899 30.102032
v -6.565913 -0.216347 29.996479
v -6.565913 -0.137744 29.983004
v -6.565913 -0.059142 29.996479
v -6.565913 -0.059142 30.364788
v -6.565913 -0.137744 30.378263
v -6.565913 -0.216347 30.364788
v -6.485769 -0.003423 30.314955
v -6.480572 -0.009016 30.309362
v -6.478657 -0.021631 30.296747
v -6.478657 -0.021631 30.064520
v -6.480572 -0.009016 30.051905
v -6.485769 -0.003423 30.046312
v -6.485770 -0.272066 30.046312
v -6.480573 -0.266472 30.051905
v -6.478657 -0.253858 30.064520
v -6.576165 -0.282578 30.325466
v -6.582279 -0.283181 30.326071
v -6.586685 -0.283496 30.326385
v -4.530312 -1.755349 28.866833
v -4.534040 -1.960280 29.264349
v -4.530003 -2.051551 29.722919
v 0.588401 -2.324311 32.058899
v 0.596699 -2.549663 31.602015
v 0.565734 -2.482313 31.006493
v -2.832619 -2.404365 31.880587
v -2.836705 -2.512046 31.464350
v -2.847605 -2.372376 30.926817
v -1.133480 -2.331003 32.142204
v -1.132143 -2.573993 31.659969
v -1.146381 -2.474152 31.039078
v -4.951978 -1.599544 31.175484
v -4.947278 -1.772547 30.785610
v -4.929810 -1.839706 30.426649
v -4.182004 -2.027803 31.582962
v -4.161475 -2.129879 31.205723
v -4.162181 -2.170907 30.738136
v 2.356511 -2.115281 31.669140
v 2.331788 -2.309745 31.324944
v 2.334696 -2.327829 30.885445
v 0.748207 -2.392761 30.314232
v 0.946747 -2.403563 30.316235
v 1.160274 -2.415629 30.320250
v -4.424842 -2.111309 30.214699
v -4.338597 -2.120236 30.216112
v -4.256236 -2.128394 30.217583
v -1.731387 -2.454680 30.339178
v -1.523049 -2.421872 30.328400
v -1.337468 -2.392861 30.320135
v -4.074928 -2.176276 30.232849
v -3.959324 -2.214813 30.247591
v -3.816323 -2.251843 30.263748
v 2.571812 -2.205795 30.095730
v 2.730214 -2.156754 29.949762
v 2.863447 -2.108114 29.831264
v 2.700116 -2.196914 30.623186
v 3.010476 -2.041124 30.806753
v 3.281085 -1.803122 30.955784
v 2.964115 -2.066176 29.749594
v 3.088937 -1.971686 29.656561
v 3.282589 -1.766120 29.506161
v 1.601569 -2.373114 30.308540
v 1.825169 -2.321272 30.298445
v 2.063428 -2.272729 30.301764
v -2.655994 -2.340644 30.306404
v -2.436004 -2.391019 30.320303
v -2.199354 -2.440749 30.335499
v -3.453866 -2.274876 30.281750
v -3.253805 -2.268522 30.283915
v -3.058492 -2.274141 30.287857
v -0.093453 -2.509358 30.349874
v 0.134359 -2.467290 30.335905
v 0.350747 -2.425809 30.324158
v -4.843235 -1.902058 30.179255
v -4.745335 -1.967623 30.188625
v -4.632910 -2.034708 30.200270
v -0.978426 -2.407987 30.323048
v -0.779596 -2.452269 30.334530
v -0.559989 -2.500332 30.348898
v -3.868061 -2.270961 28.197453
v -3.776107 -1.907233 28.077635
v -3.661907 -1.496684 27.965490
v -3.462129 -1.529318 27.922358
v -3.352237 -2.008525 27.963484
v -3.274987 -2.439985 28.042086
v -3.301369 -2.867274 28.245277
v -3.407172 -2.941324 28.399509
v -3.533650 -2.887116 28.551126
v -3.725147 -2.813940 28.591341
v -3.824044 -2.794416 28.493309
v -3.889619 -2.674684 28.388269
v -3.525044 -3.114862 31.847418
v -3.401234 -3.117718 31.983282
v -3.325151 -3.014877 32.100723
v -3.289362 -2.418461 32.327511
v -3.393081 -2.034277 32.409077
v -3.474018 -1.599211 32.441856
v -3.664950 -1.547122 32.389229
v -3.811827 -1.895079 32.298847
v -3.895030 -2.226106 32.181618
v -3.890809 -2.688000 31.993912
v -3.815881 -2.896899 31.893402
v -3.713593 -3.004553 31.807976
v -0.682550 -3.187605 32.638149
v -0.580727 -3.487731 32.490585
v -0.449834 -3.600314 32.353642
v -0.225264 -3.602903 32.342861
v -0.095932 -3.501126 32.464512
v -0.007291 -3.226894 32.597038
v -0.034989 -2.576088 32.825729
v -0.108378 -2.159101 32.952469
v -0.205071 -1.757838 33.033047
v -0.424569 -1.748403 33.049023
v -0.585284 -2.130291 32.986965
v -0.704184 -2.515526 32.871964
v -0.227381 -1.651695 27.338455
v -0.097730 -2.082553 27.424452
v 0.005481 -2.604483 27.565804
v 0.011200 -3.291813 27.830397
v -0.090505 -3.463694 27.980383
v -0.448793 -3.352196 28.127283
v -0.580970 -3.286374 27.951271
v -0.680153 -3.027464 27.774639
v -0.679643 -2.396811 27.506685
v -0.579316 -1.987962 27.385689
v -0.447596 -1.641167 27.322433
v -1.798849 -1.637253 27.542517
v -1.667580 -2.094553 27.588379
v -1.571608 -2.535036 27.686993
v -1.580178 -3.063487 27.927969
v -1.687055 -3.183761 28.101698
v -1.826972 -3.139321 28.278082
v -2.066542 -3.101342 28.310764
v -2.206976 -3.105509 28.175964
v -2.310667 -2.982554 28.039263
v -2.297187 -2.552244 27.809408
v -2.180907 -2.138553 27.676237
v -2.034355 -1.655803 27.583467
v -2.308249 -3.056233 32.370686
v -2.203959 -3.363835 32.249855
v -2.065052 -3.486118 32.142746
v -1.827646 -3.502693 32.173153
v -1.688972 -3.378973 32.321674
v -1.590585 -3.036866 32.482269
v -1.602159 -2.376942 32.707317
v -1.675685 -2.032686 32.796764
v -1.779003 -1.669135 32.833942
v -2.016969 -1.683561 32.793221
v -2.200300 -2.081161 32.708233
v -2.321904 -2.439078 32.583935
v 1.650458 -2.955835 28.146214
v 1.561706 -3.252735 28.268091
v 1.441228 -3.362913 28.384758
v 1.221318 -3.409284 28.350445
v 1.085777 -3.320400 28.187656
v 0.979663 -3.002245 28.017076
v 0.962971 -2.276793 27.777071
v 1.050001 -1.849724 27.679604
v 1.171394 -1.539554 27.643440
v 1.390700 -1.539298 27.693245
v 1.526623 -1.873511 27.787125
v 1.634268 -2.296994 27.923943
v 1.449015 -3.369877 32.046307
v 1.563776 -3.320628 32.133266
v 1.649201 -3.137631 32.231285
v 1.609311 -2.619725 32.431976
v 1.490142 -2.200383 32.567337
v 1.388268 -1.762032 32.669308
v 1.176345 -1.733432 32.721779
v 1.031589 -2.097969 32.681213
v 0.960635 -2.432824 32.589188
v 0.998702 -3.004578 32.378883
v 1.101902 -3.266766 32.231236
v 1.236269 -3.361948 32.088612
v -3.405544 0.746641 28.218523
v -3.504355 -0.128067 27.839600
v -3.518243 -0.812396 27.852648
v -3.966882 -2.165574 28.363132
v -4.029218 -1.815130 28.430277
v -4.100476 -1.591890 28.478886
v -3.635586 -2.612291 28.874641
v -3.637403 -2.475807 29.238312
v -3.645565 -2.316252 29.725872
v -2.953308 -1.948959 28.206964
v -3.064618 -2.153641 28.197519
v -3.162822 -2.445469 28.163279
v -3.632965 -2.323854 30.823311
v -3.626720 -2.641372 31.270010
v -3.622353 -2.906330 31.573914
v -3.989174 -2.179357 32.025139
v -4.047398 -1.887341 31.961233
v -4.100239 -1.697845 31.909859
v -3.405544 0.746640 32.142746
v -3.504355 -0.128069 32.521667
v -3.518243 -0.812398 32.508621
v -3.165206 -2.453701 32.215370
v -3.078647 -2.195754 32.192772
v -2.968988 -2.036416 32.192394
v -0.313427 -2.625217 31.065258
v -0.318951 -3.096222 31.646151
v -0.325828 -3.434236 32.032120
v -0.821794 -2.465226 32.691040
v -0.904891 -2.126498 32.614986
v -0.999695 -1.939942 32.555748
v -0.309165 -0.975901 33.056908
v -0.304941 -0.144032 32.954887
v -0.289155 0.818795 32.672245
v 0.115712 -2.524588 32.629574
v 0.264993 -2.156882 32.538147
v 0.422070 -1.954349 32.464645
v -0.342532 -2.571661 29.616911
v -0.339084 -2.843762 29.007942
v -0.332839 -3.016438 28.563925
v 0.145635 -2.574458 27.790894
v 0.256108 -2.139555 27.886084
v 0.386371 -1.903814 27.964790
v -1.028985 -1.860759 27.870903
v -0.914386 -2.006448 27.801022
v -0.812490 -2.344951 27.708515
v -0.309165 -0.975899 27.304359
v -0.304941 -0.144030 27.406380
v -0.289155 0.818796 27.689020
v -1.971834 -2.503248 29.666615
v -1.960053 -2.731393 29.095694
v -1.950105 -2.805611 28.673552
v -1.453120 -2.476710 27.844179
v -1.363528 -2.110602 27.894381
v -1.261070 -1.900478 27.917583
v -2.697362 -1.823050 28.144991
v -2.568216 -1.994844 28.078003
v -2.451931 -2.391353 27.999529
v -1.880916 -0.911231 27.533009
v -1.866818 -0.102676 27.625544
v -1.833847 0.835337 27.885815
v -1.944743 -2.554888 30.992357
v -1.945654 -3.044998 31.514517
v -1.943880 -3.361467 31.865362
v -2.456959 -2.356224 32.408180
v -2.554190 -2.044576 32.336517
v -2.687393 -1.953781 32.266258
v -1.880916 -0.911233 32.828259
v -1.866818 -0.102678 32.735722
v -1.833847 0.835336 32.475452
v -1.472771 -2.352307 32.569244
v -1.357138 -2.071240 32.527817
v -1.236947 -1.925925 32.509502
v 1.392905 -2.485822 29.715052
v 1.407451 -2.813487 29.184370
v 1.369268 -3.133072 28.741199
v 1.775667 -2.261247 28.138727
v 1.905426 -1.886212 28.258507
v 2.095307 -1.711157 28.386555
v 1.294055 -0.936450 27.641771
v 1.272420 -0.160642 27.733217
v 1.251083 0.739907 27.984337
v 0.642759 -1.885699 28.023085
v 0.751097 -2.051482 27.997442
v 0.846474 -2.351008 27.940636
v 2.115684 -1.874735 32.031689
v 1.882153 -2.175270 32.139313
v 1.747512 -2.568175 32.239826
v 1.372571 -3.203544 31.785894
v 1.388185 -2.906773 31.444019
v 1.392087 -2.493716 30.936962
v 1.251083 0.739906 32.376930
v 1.272420 -0.160644 32.628048
v 1.294055 -0.936452 32.719494
v 0.859293 -2.400780 32.451332
v 0.762890 -2.120478 32.410172
v 0.663559 -1.971446 32.395355
v -4.269443 -1.802653 28.832579
v -4.270056 -2.005643 29.238848
v -4.265562 -2.092906 29.711025
v -4.347939 -1.782532 28.841961
v -4.351292 -1.993029 29.248259
v -4.347492 -2.083032 29.716805
v -4.433074 -1.775142 28.851076
v -4.437328 -1.982678 29.254866
v -4.433307 -2.075108 29.720396
v 2.704450 0.405341 31.771307
v 2.708632 -0.304133 31.928175
v 2.708116 -1.019028 31.925764
v 3.069488 0.302810 31.596838
v 3.070312 -0.328439 31.736925
v 3.050921 -0.982107 31.740749
v 3.387044 0.180441 31.372400
v 3.398051 -0.372323 31.483128
v 3.364481 -0.963841 31.484219
v 3.767012 0.085368 30.660629
v 3.815021 -0.423238 30.690182
v 3.766159 -0.949569 30.688133
v 3.815121 0.099254 30.180885
v 3.868491 -0.422239 30.182642
v 3.818688 -0.947643 30.187414
v 3.767069 0.085384 29.701229
v 3.815477 -0.423108 29.675816
v 3.767413 -0.948297 29.689215
v 2.699267 1.354028 30.857649
v 3.068820 1.130638 30.784594
v 3.387667 0.859214 30.701029
v 2.699132 1.475072 30.180634
v 3.073502 1.234242 30.180634
v 3.403671 0.938618 30.180634
v 2.699267 1.354029 29.503618
v 3.068820 1.130639 29.576675
v 3.387667 0.859214 29.660238
v -0.830584 2.107143 31.200363
v -0.647796 2.149457 31.220940
v -0.459072 2.206229 31.236959
v -0.823430 2.288171 30.180634
v -0.640598 2.335176 30.180634
v -0.453426 2.391088 30.180634
v -0.830584 2.107144 29.160906
v -0.647796 2.149457 29.140327
v -0.459072 2.206229 29.124308
v -6.184569 0.327286 29.197084
v -6.185193 -0.070034 29.125116
v -6.185736 -0.467583 29.197052
v -6.249102 0.283149 29.253132
v -6.249287 -0.074669 29.185265
v -6.249471 -0.432487 29.253132
v -6.297227 0.241931 29.314598
v -6.297251 -0.077356 29.251230
v -6.297274 -0.396643 29.314598
v -4.067372 1.606815 30.910780
v -4.059791 1.733455 30.180634
v -4.067372 1.606815 29.450487
v -4.175714 1.600902 30.905445
v -4.169353 1.725052 30.180634
v -4.175714 1.600902 29.455824
v -4.283135 1.602678 30.900434
v -4.277635 1.725914 30.180634
v -4.283135 1.602679 29.460833
v -4.194263 -0.888559 32.038410
v -4.162960 -0.135958 32.059158
v -4.126333 0.614996 31.895386
v -4.278823 -0.870549 32.028263
v -4.254904 -0.114977 32.047455
v -4.225199 0.627841 31.883772
v -4.370070 -0.858384 32.016510
v -4.351020 -0.102388 32.035160
v -4.325984 0.636673 31.872314
v -4.126818 0.616407 28.466288
v -4.191322 -0.132654 28.237625
v -4.228895 -0.839952 28.299179
v -4.225554 0.628874 28.477844
v -4.276091 -0.106484 28.271923
v -4.307735 -0.818347 28.323523
v -4.326231 0.637394 28.489254
v -4.365690 -0.089071 28.304823
v -4.393554 -0.802994 28.348793
v -6.615762 -0.008122 29.876945
v -6.615762 -0.137744 29.854725
v -6.615762 -0.267367 29.876945
v -6.624999 -0.009395 29.879930
v -6.624998 -0.137744 29.857927
v -6.624999 -0.266093 29.879929
v -6.632481 -0.011932 29.885874
v -6.632480 -0.137744 29.864305
v -6.632481 -0.263556 29.885874
v -6.186113 -1.002469 29.760609
v -6.186723 -1.069115 30.180634
v -6.186113 -1.002469 30.600657
v -6.249572 -0.913414 29.784689
v -6.249752 -0.974326 30.180634
v -6.249572 -0.913414 30.576576
v -6.297301 -0.825411 29.810982
v -6.297309 -0.880135 30.180634
v -6.297301 -0.825411 30.550283
v -6.183731 0.860829 30.600441
v -6.183624 0.928941 30.180634
v -6.183731 0.860829 29.760826
v -6.248853 0.763647 30.576519
v -6.248822 0.824987 30.180634
v -6.248853 0.763647 29.784748
v -6.297196 0.670688 30.550283
v -6.297193 0.725423 30.180634
v -6.297196 0.670688 29.810984
v -6.185736 -0.467584 31.164215
v -6.185193 -0.070034 31.236151
v -6.184569 0.327285 31.164185
v -6.249471 -0.432488 31.108135
v -6.249287 -0.074670 31.176003
v -6.249102 0.283148 31.108135
v -6.297274 -0.396643 31.046669
v -6.297251 -0.077356 31.110037
v -6.297227 0.241931 31.046669
v -2.375404 2.005060 31.083166
v -2.179672 2.081932 31.109406
v -1.979034 2.166228 31.135534
v -2.362894 2.177719 30.180634
v -2.167429 2.260893 30.180634
v -1.968833 2.345495 30.180634
v -2.375404 2.005060 29.278103
v -2.179672 2.081932 29.251862
v -1.979034 2.166229 29.225735
v -5.723403 -0.563220 31.365997
v -5.719869 -0.023807 31.451595
v -5.713881 0.508453 31.364874
v -5.858353 -0.544894 31.320583
v -5.855614 -0.035029 31.403252
v -5.851164 0.469859 31.319883
v -5.987619 -0.524185 31.270306
v -5.985710 -0.049087 31.349646
v -5.982888 0.423349 31.269941
v -5.705601 1.222514 30.686102
v -5.704545 1.313671 30.180634
v -5.705601 1.222514 29.675165
v -5.845164 1.147773 30.666899
v -5.844398 1.234316 30.180634
v -5.845164 1.147773 29.694368
v -5.979098 1.057765 30.645582
v -5.978615 1.138754 30.180634
v -5.979098 1.057765 29.715687
v -5.728946 -1.285255 29.672945
v -5.732720 -1.368497 30.180634
v -5.728946 -1.285255 30.688322
v -5.862278 -1.228855 29.692837
v -5.865140 -1.309289 30.180634
v -5.862278 -1.228855 30.668430
v -5.989969 -1.162795 29.714743
v -5.991949 -1.239427 30.180634
v -5.989969 -1.162796 30.646524
v -5.713881 0.508453 28.996393
v -5.719869 -0.023806 28.909672
v -5.723403 -0.563220 28.995268
v -5.851164 0.469860 29.041384
v -5.855614 -0.035028 28.958015
v -5.858353 -0.544894 29.040684
v -5.982888 0.423350 29.091328
v -5.985710 -0.049087 29.011621
v -5.987619 -0.524184 29.090961
v -6.425344 0.377505 29.943443
v -6.425344 0.412028 30.180634
v -6.425344 0.377504 30.417824
v -6.399693 0.437356 29.909555
v -6.399693 0.475813 30.180634
v -6.399693 0.437356 30.451714
v -6.369546 0.506320 29.874306
v -6.369546 0.549466 30.180634
v -6.369546 0.506320 30.486961
v -6.425344 -0.295708 29.624931
v -6.425344 -0.094320 29.584270
v -6.425344 0.107069 29.624931
v -6.399693 -0.312556 29.545534
v -6.399693 -0.088223 29.499063
v -6.399693 0.136110 29.545534
v -6.369546 -0.335027 29.462950
v -6.369545 -0.083342 29.410437
v -6.369545 0.168343 29.462952
v -6.425344 -0.566144 30.417824
v -6.425344 -0.600668 30.180634
v -6.425344 -0.566144 29.943443
v -6.399693 -0.613802 30.451712
v -6.399693 -0.652259 30.180634
v -6.399693 -0.613802 29.909554
v -6.369546 -0.673004 30.486961
v -6.369546 -0.716150 30.180634
v -6.369546 -0.673004 29.874306
v -6.425344 0.107069 30.736336
v -6.425344 -0.094320 30.776997
v -6.425344 -0.295708 30.736336
v -6.399693 0.136109 30.815733
v -6.399693 -0.088223 30.862204
v -6.399693 -0.312556 30.815733
v -6.369545 0.168343 30.898317
v -6.369545 -0.083342 30.950830
v -6.369546 -0.335027 30.898315
v -6.478658 -0.201817 30.032896
v -6.478658 -0.137744 30.022194
v -6.478658 -0.073671 30.032896
v -6.480572 -0.208121 30.015617
v -6.480573 -0.137744 30.003496
v -6.480572 -0.067368 30.015617
v -6.485770 -0.211199 30.008524
v -6.485770 -0.137744 29.995924
v -6.485769 -0.064290 30.008524
v -6.615762 -0.441432 30.051010
v -6.615762 -0.463653 30.180634
v -6.615762 -0.441432 30.310257
v -6.624999 -0.438448 30.052284
v -6.624999 -0.460451 30.180634
v -6.624999 -0.438448 30.308983
v -6.632482 -0.432504 30.054821
v -6.632481 -0.454071 30.180634
v -6.632482 -0.432504 30.306446
v -6.615762 0.165943 30.310257
v -6.615762 0.188164 30.180634
v -6.615762 0.165943 30.051010
v -6.624999 0.162960 30.308983
v -6.624997 0.184962 30.180634
v -6.624999 0.162960 30.052284
v -6.632480 0.157015 30.306446
v -6.632480 0.178583 30.180634
v -6.632480 0.157015 30.054821
v -6.615762 -0.267367 30.484322
v -6.615762 -0.137744 30.506542
v -6.615762 -0.008122 30.484322
v -6.624999 -0.266094 30.481337
v -6.624998 -0.137744 30.503340
v -6.624999 -0.009395 30.481337
v -6.632481 -0.263556 30.475393
v -6.632480 -0.137744 30.496960
v -6.632481 -0.011933 30.475393
v -6.508291 -0.277020 30.516151
v -6.508291 -0.135010 30.540701
v -6.508291 0.007000 30.516151
v -6.524318 -0.276571 30.508614
v -6.524319 -0.136934 30.532614
v -6.524318 0.002702 30.508615
v -6.540963 -0.275590 30.503929
v -6.540963 -0.137643 30.527584
v -6.540963 0.000304 30.503929
v -6.508291 0.197699 30.323843
v -6.508291 0.222044 30.180634
v -6.508291 0.197699 30.037426
v -6.524318 0.190215 30.320625
v -6.524319 0.214153 30.180634
v -6.524318 0.190215 30.040642
v -6.540963 0.185548 30.318624
v -6.540963 0.209196 30.180634
v -6.540963 0.185548 30.042643
v -6.508291 -0.467719 30.037424
v -6.508291 -0.492064 30.180634
v -6.508291 -0.467719 30.323841
v -6.524318 -0.464083 30.040642
v -6.524319 -0.488021 30.180634
v -6.524318 -0.464083 30.320625
v -6.540963 -0.460834 30.042643
v -6.540963 -0.484482 30.180634
v -6.540963 -0.460834 30.318624
v -6.508291 0.007000 29.845116
v -6.508291 -0.135010 29.820566
v -6.508291 -0.277020 29.845116
v -6.524318 0.002703 29.852652
v -6.524319 -0.136934 29.828653
v -6.524318 -0.276571 29.852652
v -6.540963 0.000304 29.857338
v -6.540963 -0.137643 29.833683
v -6.540963 -0.275590 29.857338
v 3.386867 0.180391 28.990112
v 3.395936 -0.370694 28.888388
v 3.354390 -0.949737 28.912819
v 3.069150 0.302715 28.765898
v 3.065507 -0.323088 28.636936
v 3.032385 -0.957285 28.663956
v 2.704147 0.405256 28.591263
v 2.702282 -0.293394 28.445072
v 2.685961 -0.980683 28.476227
v 3.386497 -1.767779 30.594158
v 3.097734 -2.001462 30.497187
v 2.802086 -2.147368 30.345318
v 3.426403 -1.748248 30.207340
v 3.150194 -1.973044 30.189783
v 2.899901 -2.101817 30.111603
v 3.394433 -1.747156 29.831709
v 3.154829 -1.960900 29.897959
v 2.970705 -2.069654 29.898165
v 1.446491 1.968294 31.082800
v 1.701551 1.843951 31.036926
v 1.992998 1.701774 30.981546
v 1.441858 2.136326 30.180634
v 1.697062 2.008600 30.180634
v 1.989723 1.854677 30.180634
v 1.446491 1.968295 29.278467
v 1.701551 1.843952 29.324343
v 1.992998 1.701774 29.379721
v -4.560984 0.636658 28.552427
v -4.585334 -0.062688 28.399487
v -4.609678 -0.762037 28.425545
v -4.691806 0.626848 28.607059
v -4.707445 -0.067085 28.457939
v -4.717470 -0.777262 28.480862
v -4.818192 0.612360 28.667332
v -4.835680 -0.043440 28.528469
v -4.853009 -0.699323 28.561737
v -4.642124 -1.712740 28.897354
v -4.644946 -1.913113 29.283354
v -4.640649 -2.001711 29.727840
v -4.760391 -1.654532 28.952345
v -4.760984 -1.849618 29.325935
v -4.753982 -1.936349 29.746441
v -4.874408 -1.591995 29.042149
v -4.870420 -1.783143 29.410067
v -4.856076 -1.870968 29.796307
v -4.528282 1.575776 30.873518
v -4.524107 1.695664 30.180634
v -4.528282 1.575777 29.487751
v -4.663954 1.538808 30.850307
v -4.660394 1.655216 30.180634
v -4.663954 1.538808 29.510960
v -4.794600 1.492947 30.824821
v -4.791586 1.605362 30.180634
v -4.794600 1.492948 29.536446
v -4.592016 -0.813511 31.945362
v -4.579372 -0.080063 31.964930
v -4.560898 0.636408 31.808969
v -4.717470 -0.777263 31.880405
v -4.707445 -0.067086 31.903328
v -4.691806 0.626847 31.754208
v -4.839110 -0.739828 31.802727
v -4.831353 -0.056054 31.833830
v -4.818190 0.612346 31.693851
v -5.017180 0.573553 28.773746
v -5.029943 -0.040458 28.658424
v -5.042024 -0.654827 28.727285
v -5.087971 0.553971 28.812828
v -5.099422 -0.044851 28.708452
v -5.110029 -0.644117 28.796717
v -5.150573 0.538807 28.843557
v -5.161331 -0.048551 28.744970
v -5.171412 -0.636267 28.840734
v -5.096142 -1.630058 30.174774
v -5.051348 -1.495823 29.360697
v -5.033714 -1.684241 29.805218
v -4.991863 -1.780870 30.171246
v -5.024345 -1.711544 30.540007
v -5.033893 -1.546692 30.991282
v -5.102468 -1.504075 30.824305
v -5.166959 -1.469728 30.758778
v -5.171879 -1.559024 30.178467
v -5.178640 -1.435685 29.600155
v -5.116083 -1.464400 29.530375
v -4.999568 1.397831 30.780373
v -4.997312 1.503054 30.180634
v -4.999568 1.397832 29.580896
v -5.072006 1.357792 30.764189
v -5.069958 1.460402 30.180634
v -5.072006 1.357792 29.597078
v -5.135650 1.327293 30.751291
v -5.133737 1.427948 30.180634
v -5.135650 1.327294 29.609978
v -5.031187 -0.686410 31.634354
v -5.026801 -0.049615 31.702925
v -5.017180 0.573552 31.587376
v -5.100241 -0.672640 31.565317
v -5.096652 -0.052923 31.652990
v -5.087971 0.553970 31.548323
v -5.162478 -0.662300 31.522038
v -5.158881 -0.055691 31.616665
v -5.150573 0.538806 31.517633
v -5.286089 0.533830 28.888197
v -5.296110 -0.040930 28.793550
v -5.305974 -0.615773 28.887957
v -5.370184 0.539972 28.907749
v -5.379698 -0.030570 28.814589
v -5.389164 -0.601137 28.907677
v -5.468455 0.542447 28.930111
v -5.476376 -0.023854 28.838274
v -5.480837 -0.600227 28.928061
v -5.316551 -1.393479 29.628719
v -5.312645 -1.507555 30.182245
v -5.306636 -1.422373 30.735998
v -5.400187 -1.371660 29.637611
v -5.396973 -1.483337 30.182745
v -5.391188 -1.397884 30.727827
v -5.496670 -1.345456 29.647249
v -5.494033 -1.454145 30.182653
v -5.488727 -1.368603 30.717951
v -5.272522 1.305591 30.732286
v -5.270789 1.404113 30.180634
v -5.272522 1.305591 29.628981
v -5.357376 1.306110 30.723940
v -5.355740 1.403915 30.180634
v -5.357376 1.306111 29.637329
v -5.456686 1.299618 30.714394
v -5.455183 1.396279 30.180634
v -5.456686 1.299618 29.646873
v -5.298743 -0.636842 31.475742
v -5.294404 -0.045905 31.568262
v -5.286089 0.533829 31.473070
v -5.382936 -0.619288 31.455948
v -5.378429 -0.034268 31.547148
v -5.370184 0.539971 31.453518
v -5.480837 -0.600228 31.433205
v -5.476376 -0.023855 31.522993
v -5.468455 0.542446 31.431156
v -3.490215 1.873369 30.991850
v -3.476958 2.025393 30.180634
v -3.490215 1.873369 29.369417
v -3.659562 1.779356 30.965197
v -3.646353 1.928915 30.180634
v -3.659562 1.779357 29.396072
v -3.813209 1.694396 30.940231
v -3.801626 1.836054 30.180634
v -3.813209 1.694397 29.421036
v -6.634066 0.087429 30.084522
v -6.634066 0.103905 30.180634
v -6.634066 0.087429 30.276745
v -6.638093 0.108222 30.075647
v -6.638092 0.126219 30.180634
v -6.638093 0.108222 30.285620
v -6.639295 0.128928 30.066811
v -6.639295 0.148440 30.180634
v -6.639295 0.128928 30.294456
v -6.634066 -0.233855 29.955460
v -6.634066 -0.137744 29.938984
v -6.634066 -0.041634 29.955460
v -6.638093 -0.242730 29.934668
v -6.638093 -0.137744 29.916670
v -6.638093 -0.032759 29.934668
v -6.639296 -0.251568 29.913961
v -6.639296 -0.137744 29.894449
v -6.639295 -0.023921 29.913961
v -6.634067 -0.362918 30.276745
v -6.634065 -0.379394 30.180634
v -6.634067 -0.362918 30.084522
v -6.638093 -0.383710 30.285620
v -6.638093 -0.401708 30.180634
v -6.638093 -0.383710 30.075647
v -6.639296 -0.404416 30.294456
v -6.639296 -0.423929 30.180634
v -6.639296 -0.404416 30.066811
v -6.634066 -0.041634 30.405807
v -6.634066 -0.137744 30.422283
v -6.634066 -0.233855 30.405807
v -6.638093 -0.032759 30.426600
v -6.638093 -0.137744 30.444597
v -6.638093 -0.242730 30.426600
v -6.639295 -0.023921 30.447306
v -6.639296 -0.137744 30.466818
v -6.639296 -0.251568 30.447306
v -6.478385 -0.074083 30.116972
v -6.478385 -0.137744 30.113552
v -6.478384 -0.201405 30.116972
v -6.478385 -0.070663 30.180634
v -6.478385 -0.137744 30.180634
v -6.478385 -0.204825 30.180634
v -6.478385 -0.074083 30.244295
v -6.478385 -0.137744 30.247715
v -6.478384 -0.201405 30.244295
v -6.478658 -0.073671 30.328371
v -6.478658 -0.137744 30.339073
v -6.478658 -0.201817 30.328371
v -6.480572 -0.067368 30.345650
v -6.480573 -0.137744 30.357771
v -6.480572 -0.208121 30.345650
v -6.485769 -0.064290 30.352743
v -6.485770 -0.137744 30.365343
v -6.485770 -0.211199 30.352743
v -6.586686 0.049000 30.260342
v -6.586685 0.062664 30.180634
v -6.586686 0.049000 30.100925
v -6.582280 0.048596 30.260170
v -6.582279 0.062231 30.180634
v -6.582280 0.048596 30.101097
v -6.576165 0.047823 30.259840
v -6.576165 0.061401 30.180634
v -6.576165 0.047823 30.101427
v -6.586686 -0.058036 29.993889
v -6.586685 -0.137744 29.980225
v -6.586686 -0.217452 29.993889
v -6.582280 -0.058209 29.994293
v -6.582279 -0.137744 29.980658
v -6.582280 -0.217280 29.994293
v -6.576165 -0.058539 29.995066
v -6.576165 -0.137744 29.981487
v -6.576165 -0.216950 29.995066
v -3.127147 1.949668 31.029129
v -2.941499 1.933812 31.038624
v -2.754952 1.929925 31.047869
v -3.116032 2.109747 30.180634
v -2.931022 2.099379 30.180634
v -2.744163 2.095686 30.180634
v -3.127147 1.949668 29.332140
v -2.941499 1.933812 29.322645
v -2.754952 1.929925 29.313400
v -1.577536 2.201035 31.165892
v -1.383062 2.151667 31.169983
v -1.194821 2.109993 31.173840
v -1.572433 2.382255 30.180634
v -1.378982 2.334831 30.180634
v -1.190174 2.289686 30.180634
v -1.577536 2.201035 29.195377
v -1.383062 2.151668 29.191286
v -1.194821 2.109993 29.187428
v 0.686065 2.071875 31.133070
v 0.852137 2.071711 31.130877
v 1.028101 2.076423 31.127651
v 0.686426 2.250227 30.180634
v 0.852063 2.251093 30.180634
v 1.026378 2.251178 30.180634
v 0.686065 2.071876 29.228197
v 0.852137 2.071711 29.230391
v 1.028101 2.076424 29.233616
v -0.061871 2.214674 31.223562
v 0.139633 2.162461 31.195498
v 0.334303 2.116758 31.165575
v -0.060667 2.400620 30.180634
v 0.139528 2.349911 30.180634
v 0.333948 2.299355 30.180634
v -0.061871 2.214675 29.137707
v 0.139633 2.162462 29.165771
v 0.334303 2.116758 29.195694
v -6.571004 -0.272631 30.496653
v -6.571005 -0.137744 30.519777
v -6.571004 -0.002858 30.496653
v -6.583515 -0.270982 30.492790
v -6.583515 -0.137744 30.515633
v -6.583515 -0.004507 30.492790
v -6.594871 -0.269463 30.489231
v -6.594871 -0.137744 30.511812
v -6.594871 -0.006026 30.489231
v -6.571004 0.178275 30.315519
v -6.571005 0.201399 30.180634
v -6.571004 0.178275 30.045748
v -6.583516 0.174413 30.313871
v -6.583515 0.197254 30.180634
v -6.583516 0.174413 30.047396
v -6.594871 0.170854 30.312353
v -6.594871 0.193434 30.180634
v -6.594871 0.170854 30.048914
v -6.571004 -0.453764 30.045748
v -6.571005 -0.476887 30.180634
v -6.571004 -0.453764 30.315519
v -6.583516 -0.449902 30.047396
v -6.583515 -0.472743 30.180634
v -6.583516 -0.449902 30.313871
v -6.594871 -0.446343 30.048914
v -6.594871 -0.468923 30.180634
v -6.594871 -0.446343 30.312353
v -6.571004 -0.002858 29.864614
v -6.571005 -0.137744 29.841490
v -6.571004 -0.272631 29.864614
v -6.583515 -0.004506 29.868477
v -6.583515 -0.137744 29.845634
v -6.583515 -0.270982 29.868477
v -6.594871 -0.006025 29.872036
v -6.594871 -0.137744 29.849455
v -6.594871 -0.269463 29.872036
v -6.482877 0.025358 30.546751
v -6.482878 -0.125330 30.573540
v -6.482877 -0.276019 30.546751
v -6.472552 0.040337 30.574247
v -6.472552 -0.117824 30.603048
v -6.472552 -0.275985 30.574247
v -6.460964 0.059047 30.613459
v -6.460964 -0.109603 30.645130
v -6.460965 -0.278253 30.613459
v -6.482877 -0.478372 30.336903
v -6.482878 -0.504204 30.180634
v -6.482877 -0.478372 30.024364
v -6.472552 -0.488372 30.348639
v -6.472552 -0.515486 30.180634
v -6.472552 -0.488372 30.012629
v -6.460964 -0.504726 30.365376
v -6.460964 -0.533638 30.180634
v -6.460964 -0.504726 29.995892
v -6.482877 -0.276019 29.814516
v -6.482878 -0.125330 29.787727
v -6.482877 0.025359 29.814516
v -6.472552 -0.275985 29.787020
v -6.472552 -0.117824 29.758219
v -6.472552 0.040337 29.787020
v -6.460965 -0.278253 29.747808
v -6.460964 -0.109603 29.716137
v -6.460964 0.059048 29.747808
v -6.482877 0.227712 30.024364
v -6.482878 0.253544 30.180634
v -6.482877 0.227712 30.336903
v -6.472552 0.252724 30.012629
v -6.472552 0.279838 30.180634
v -6.472552 0.252724 30.348639
v -6.460965 0.285521 29.995892
v -6.460964 0.314432 30.180634
v -6.460965 0.285521 30.365376
v -6.618641 0.058708 30.264486
v -6.618641 0.073083 30.180634
v -6.618641 0.058708 30.096783
v -6.608849 0.052595 30.261875
v -6.608849 0.066522 30.180634
v -6.608849 0.052595 30.099392
v -6.599445 0.050022 30.260778
v -6.599446 0.063761 30.180634
v -6.599445 0.050022 30.100489
v -6.618641 -0.334197 30.096781
v -6.618641 -0.348572 30.180634
v -6.618641 -0.334197 30.264484
v -6.608850 -0.328083 30.099392
v -6.608849 -0.342010 30.180634
v -6.608850 -0.328083 30.261875
v -6.599446 -0.325510 30.100489
v -6.599446 -0.339249 30.180634
v -6.599446 -0.325510 30.260777
v -6.618641 -0.053892 29.984180
v -6.618641 -0.137744 29.969807
v -6.618641 -0.221596 29.984180
v -6.608850 -0.056502 29.990295
v -6.608849 -0.137744 29.976368
v -6.608849 -0.218986 29.990295
v -6.599446 -0.057600 29.992868
v -6.599446 -0.137744 29.979128
v -6.599445 -0.217888 29.992868
v -6.618641 -0.221596 30.377087
v -6.618641 -0.137744 30.391460
v -6.618641 -0.053893 30.377087
v -6.608849 -0.218987 30.370972
v -6.608849 -0.137744 30.384899
v -6.608850 -0.056502 30.370972
v -6.599445 -0.217888 30.368399
v -6.599446 -0.137744 30.382139
v -6.599446 -0.057600 30.368399
v -6.550048 -0.215406 30.362583
v -6.550047 -0.137744 30.375896
v -6.550049 -0.060083 30.362583
v -6.530901 -0.214271 30.359924
v -6.530901 -0.137744 30.373043
v -6.530902 -0.061218 30.359924
v -6.511755 -0.213135 30.357264
v -6.511755 -0.137744 30.370188
v -6.511755 -0.062353 30.357264
v -6.550049 -0.060083 29.998684
v -6.550047 -0.137744 29.985371
v -6.550048 -0.215406 29.998684
v -6.530902 -0.061218 30.001343
v -6.530901 -0.137744 29.988224
v -6.530901 -0.214271 30.001343
v -6.511755 -0.062353 30.004004
v -6.511755 -0.137744 29.991079
v -6.511755 -0.213135 30.004004
v -6.550048 -0.319695 30.102972
v -6.550048 -0.333008 30.180634
v -6.550048 -0.319695 30.258295
v -6.530901 -0.317035 30.104107
v -6.530902 -0.330153 30.180634
v -6.530901 -0.317035 30.257160
v -6.511755 -0.314375 30.105242
v -6.511755 -0.327299 30.180634
v -6.511755 -0.314375 30.256025
v -6.550048 0.044206 30.258295
v -6.550048 0.057519 30.180634
v -6.550048 0.044206 30.102972
v -6.530901 0.041546 30.257160
v -6.530901 0.054665 30.180634
v -6.530901 0.041546 30.104107
v -6.511755 0.038886 30.256025
v -6.511755 0.051810 30.180634
v -6.511755 0.038886 30.105242
v -6.586686 -0.217452 30.367378
v -6.586685 -0.137744 30.381042
v -6.586686 -0.058037 30.367378
v -6.582280 -0.217280 30.366974
v -6.582279 -0.137744 30.380608
v -6.582280 -0.058209 30.366974
v -6.576165 -0.216950 30.366201
v -6.576165 -0.137744 30.379780
v -6.576165 -0.058539 30.366201
v -6.586686 -0.324488 30.100925
v -6.586685 -0.338153 30.180634
v -6.586686 -0.324488 30.260342
v -6.582280 -0.324085 30.101097
v -6.582280 -0.337719 30.180634
v -6.582280 -0.324085 30.260168
v -6.576165 -0.323312 30.101427
v -6.576165 -0.336890 30.180634
v -6.576165 -0.323312 30.259840
v -6.478658 -0.285481 30.244707
v -6.478658 -0.296184 30.180634
v -6.478658 -0.285481 30.116560
v -6.480572 -0.302760 30.251009
v -6.480572 -0.314881 30.180634
v -6.480572 -0.302760 30.110256
v -6.485770 -0.309854 30.254087
v -6.485769 -0.322453 30.180634
v -6.485770 -0.309854 30.107180
v -6.478658 0.009993 30.116560
v -6.478658 0.020696 30.180634
v -6.478658 0.009993 30.244707
v -6.480572 0.027271 30.110258
v -6.480572 0.039393 30.180634
v -6.480572 0.027271 30.251009
v -6.485770 0.034366 30.107180
v -6.485769 0.046965 30.180634
v -6.485770 0.034365 30.254087
v -4.415706 -2.126404 30.704706
v -4.329322 -2.135979 30.710844
v -4.247115 -2.145996 30.719505
v -4.406489 -2.072370 31.159666
v -4.320224 -2.082046 31.169060
v -4.239888 -2.093393 31.181332
v -4.401812 -1.897464 31.547766
v -4.322673 -1.929279 31.555815
v -4.251396 -1.965625 31.564215
v 3.089067 -1.804863 29.259615
v 2.937761 -2.009110 29.493542
v 2.858065 -2.096650 29.689001
v 2.839744 -1.860278 29.079079
v 2.729292 -2.067242 29.388369
v 2.680038 -2.154503 29.695744
v 2.567260 -1.929704 28.941437
v 2.498489 -2.139789 29.310232
v 2.482863 -2.216505 29.720146
v 2.805897 -2.086545 31.307268
v 2.627270 -2.234593 30.972883
v 2.901579 -2.079933 31.100716
v 3.117031 -1.850743 31.258175
v 2.901035 -1.912014 31.473301
v 2.634654 -2.002806 31.590204
v 2.598271 -2.193178 31.310581
v -4.844737 -1.904012 30.561619
v -4.740143 -1.976681 30.630032
v -4.625040 -2.047199 30.670586
v -4.849587 -1.843851 30.948381
v -4.736418 -1.921206 31.049002
v -4.617476 -1.993161 31.109768
v -4.848828 -1.666542 31.319427
v -4.731217 -1.739547 31.421165
v -4.609811 -1.806906 31.488791
v -3.573661 -2.222587 28.012741
v -3.471877 -2.676209 28.055595
v -3.380606 -2.867433 28.131880
v -3.697093 -2.622296 28.115374
v -3.599576 -2.962926 28.168465
v -3.498863 -3.028381 28.255302
v -3.804653 -2.751368 28.240345
v -3.722387 -2.963641 28.309319
v -3.623498 -2.987622 28.404083
v -3.413286 -2.995756 32.199707
v -3.482060 -2.606387 32.311138
v -3.610882 -2.180424 32.359844
v -3.498612 -3.088899 32.112644
v -3.601810 -2.909406 32.198124
v -3.713797 -2.533218 32.256371
v -3.619722 -3.109465 31.973755
v -3.720863 -2.977238 32.062168
v -3.810591 -2.693274 32.133533
v -0.342266 -3.622621 32.532772
v -0.214451 -3.484222 32.663555
v -0.114754 -3.146768 32.764599
v -0.468773 -3.468390 32.678905
v -0.348367 -3.276595 32.809692
v -0.245806 -2.853969 32.898720
v -0.591928 -3.110435 32.796120
v -0.495287 -2.832336 32.916206
v -0.372774 -2.374459 32.993603
v -0.093089 -3.240319 27.632029
v -0.209574 -3.539490 27.735304
v -0.338686 -3.546381 27.887289
v -0.211346 -2.888201 27.480764
v -0.338586 -3.305998 27.571278
v -0.466971 -3.409282 27.716209
v -0.340437 -2.301930 27.378107
v -0.466768 -2.780948 27.456488
v -0.581005 -3.020839 27.588358
v -1.673513 -3.101473 27.780846
v -1.799446 -3.335356 27.910542
v -1.941702 -3.306819 28.079180
v -1.787215 -2.918860 27.682077
v -1.928796 -3.299234 27.796394
v -2.075087 -3.311784 27.951393
v -1.919574 -2.439358 27.621429
v -2.060287 -2.943711 27.729374
v -2.193658 -3.093355 27.864611
v -1.943779 -3.508459 32.327267
v -1.803382 -3.353805 32.480717
v -1.692395 -2.959606 32.612202
v -2.077091 -3.368082 32.438595
v -1.939978 -3.171886 32.587734
v -1.821893 -2.706233 32.707191
v -2.203199 -3.020390 32.526943
v -2.090891 -2.757115 32.660069
v -1.958654 -2.289755 32.764622
v 1.322456 -3.452435 28.172228
v 1.188359 -3.274892 28.003382
v 1.067157 -2.866762 27.866966
v 1.439912 -3.280746 28.050171
v 1.305258 -3.041737 27.885330
v 1.170534 -2.550433 27.762856
v 1.544579 -2.893705 27.964628
v 1.422428 -2.581758 27.817297
v 1.287199 -2.079318 27.708563
v 1.544073 -3.107416 32.392315
v 1.413889 -2.857294 32.530334
v 1.259953 -2.377754 32.641399
v 1.438710 -3.348629 32.323948
v 1.306803 -3.184300 32.473476
v 1.166836 -2.761460 32.590008
v 1.323938 -3.410842 32.230499
v 1.193279 -3.292923 32.380089
v 1.076335 -2.967201 32.502655
v -3.894511 -0.413461 27.979736
v -3.592123 0.691267 28.274071
v -3.696554 -0.170125 27.903730
v -3.705608 -0.840097 27.894108
v -3.843701 -1.072259 28.005808
v -3.925241 -1.596515 28.183117
v -3.991808 -1.104389 28.185760
v -4.070137 -0.944971 28.224400
v -4.011700 -0.243115 28.111757
v -3.904376 0.588066 28.400648
v -3.763750 0.602602 28.338064
v -3.973515 -2.224183 29.091038
v -3.958867 -2.450800 28.552542
v -3.897285 -2.518946 28.734922
v -3.781390 -2.560901 28.848005
v -3.810036 -2.389264 29.216391
v -3.819204 -2.279365 29.712698
v -3.966949 -2.224345 29.684523
v -4.084770 -2.168507 29.689064
v -4.096135 -2.099541 29.185829
v -4.110770 -1.969939 28.782339
v -4.029305 -2.173549 28.703489
v -3.135757 -0.476064 27.781746
v -2.838364 0.636717 28.142862
v -2.925112 -0.319734 27.827316
v -2.926233 -1.106934 27.972092
v -3.057041 -1.254415 27.984829
v -3.172181 -1.791142 27.996710
v -3.246139 -1.139438 27.891500
v -3.388163 -0.867929 27.828142
v -3.328145 -0.193132 27.804688
v -3.214574 0.705548 28.182768
v -3.023862 0.632384 28.160191
v -3.221389 -2.455950 28.977579
v -3.052193 -2.316778 29.644009
v -3.245681 -2.326823 29.653173
v -3.449896 -2.331395 29.698252
v -3.443398 -2.499745 29.170275
v -3.475450 -2.678296 28.792589
v -3.324564 -2.734719 28.620182
v -3.217158 -2.728329 28.383251
v -3.114879 -2.515088 28.510078
v -2.988197 -2.335319 28.554663
v -3.022670 -2.379274 29.033724
v -3.959495 -2.420185 31.358135
v -4.066823 -2.196032 30.771544
v -3.950345 -2.244137 30.805580
v -3.804882 -2.291657 30.810644
v -3.795881 -2.549444 31.271355
v -3.766468 -2.818520 31.588102
v -3.886883 -2.712970 31.679462
v -3.961602 -2.537086 31.844835
v -4.033199 -2.321742 31.704584
v -4.109315 -2.141529 31.622883
v -4.076950 -2.218290 31.253561
v -3.077091 -0.470073 32.433475
v -3.214318 0.704799 32.178669
v -3.274205 -0.173365 32.405594
v -3.343316 -0.912504 32.475101
v -3.220392 -1.243947 32.467442
v -3.205838 -1.881837 32.382797
v -3.041568 -1.386417 32.399971
v -2.896351 -1.188185 32.408203
v -2.879589 -0.313863 32.422092
v -2.838065 0.635845 32.219166
v -3.023410 0.631069 32.201626
v -3.218583 -2.750524 31.493195
v -2.978508 -2.527776 31.860928
v -3.106298 -2.697405 31.896439
v -3.206350 -2.871405 32.006020
v -3.315757 -3.012267 31.793850
v -3.465079 -2.989420 31.646048
v -3.438465 -2.720766 31.333799
v -3.437944 -2.337531 30.861782
v -3.234158 -2.342790 30.906452
v -3.039696 -2.350875 30.916407
v -3.018909 -2.589299 31.450298
v -3.833884 -0.402619 32.227680
v -3.934156 -1.642277 32.186913
v -3.796735 -1.132565 32.308094
v -3.653543 -0.871472 32.388962
v -3.642645 -0.150266 32.306400
v -3.591748 0.690171 32.087383
v -3.762641 0.600655 32.022583
v -3.903574 0.585733 31.961212
v -3.964781 -0.235164 32.129173
v -4.025268 -0.991963 32.097351
v -3.949566 -1.174060 32.150898
v -0.765944 -2.886244 31.822884
v -0.507207 -3.422418 32.087238
v -0.668990 -3.319369 32.229027
v -0.772446 -3.014806 32.455479
v -0.871422 -2.674656 32.279976
v -0.991285 -2.388393 32.184589
v -0.958198 -2.594778 31.705181
v -0.967545 -2.500049 31.062780
v -0.767159 -2.554433 31.091728
v -0.545555 -2.603060 31.078979
v -0.537157 -3.056833 31.685432
v -0.740715 -0.519068 32.903824
v -0.887179 0.695522 32.574188
v -0.930954 -0.312580 32.804237
v -0.973264 -1.236613 32.777046
v -0.845109 -1.441198 32.835453
v -0.753989 -1.893672 32.883598
v -0.639339 -1.390869 32.994682
v -0.484802 -1.089164 33.048416
v -0.515475 -0.227375 32.947807
v -0.501559 0.769028 32.665421
v -0.704125 0.689699 32.626869
v 0.142627 -0.531965 32.837078
v -0.072904 0.769070 32.634029
v -0.091374 -0.232563 32.915066
v -0.130712 -1.097340 33.021732
v 0.030392 -1.407938 32.945301
v 0.119519 -1.927924 32.821064
v 0.251067 -1.465899 32.756165
v 0.394613 -1.267474 32.680656
v 0.353671 -0.330711 32.712086
v 0.337866 0.692718 32.491680
v 0.139986 0.689007 32.566727
v 0.144854 -2.869071 31.787928
v 0.420596 -2.380628 32.112659
v 0.225708 -2.680454 32.222225
v 0.095419 -3.043159 32.406647
v 0.004875 -3.317005 32.197613
v -0.148478 -3.415523 32.072273
v -0.098046 -3.049339 31.670271
v -0.078346 -2.610263 31.069130
v 0.151314 -2.566036 31.072334
v 0.365909 -2.513874 31.036493
v 0.405353 -2.590563 31.654270
v 0.126864 -2.703263 28.794369
v 0.339991 -2.466803 29.584637
v 0.123440 -2.514894 29.569456
v -0.107314 -2.556982 29.600039
v -0.115864 -2.828630 28.966253
v -0.148843 -3.056148 28.505592
v 0.013902 -3.094658 28.333590
v 0.115860 -3.033099 28.069096
v 0.230916 -2.638005 28.269928
v 0.373124 -2.379318 28.365063
v 0.346773 -2.592202 28.906687
v -0.785051 -2.577138 28.762676
v -0.574147 -2.544348 29.588972
v -0.792218 -2.480433 29.549856
v -0.987594 -2.421822 29.559795
v -0.987922 -2.424342 28.867027
v -1.021315 -2.259125 28.288176
v -0.887510 -2.454762 28.190928
v -0.777379 -2.799342 27.996195
v -0.675519 -2.947175 28.290136
v -0.514995 -2.990153 28.485611
v -0.556794 -2.765287 28.953020
v 0.135830 -0.512157 27.532108
v 0.337866 0.692719 27.870480
v 0.348083 -0.314425 27.658779
v 0.373322 -1.205429 27.714653
v 0.227869 -1.398296 27.638395
v 0.105662 -1.827145 27.569872
v 0.007873 -1.342313 27.430696
v -0.147169 -1.049381 27.346811
v -0.094461 -0.223566 27.447956
v -0.072904 0.769071 27.727337
v 0.139986 0.689008 27.795095
v -0.771875 -0.335133 27.497118
v -0.501559 0.769029 27.695944
v -0.518593 -0.218288 27.415220
v -0.501207 -1.041356 27.320097
v -0.661771 -1.325501 27.381195
v -0.770832 -1.753631 27.504589
v -0.868456 -1.373160 27.558847
v -0.992032 -1.181921 27.617062
v -0.959218 -0.137083 27.597725
v -0.887179 0.695523 27.787966
v -0.704125 0.689700 27.734949
v -1.497637 -2.512545 28.829071
v -1.340133 -2.402918 29.575560
v -1.527454 -2.443297 29.581329
v -1.741632 -2.490050 29.631929
v -1.733408 -2.680999 29.033535
v -1.760398 -2.819712 28.590206
v -1.596286 -2.850105 28.392622
v -1.492576 -2.837565 28.111372
v -1.395917 -2.513304 28.277021
v -1.281214 -2.308270 28.336573
v -1.309491 -2.400894 28.901632
v -2.440724 -2.516258 28.889111
v -2.210596 -2.470415 29.650341
v -2.445696 -2.411179 29.615227
v -2.663287 -2.354850 29.623499
v -2.665812 -2.402573 28.990829
v -2.698938 -2.198956 28.499300
v -2.547408 -2.343386 28.406303
v -2.421602 -2.682827 28.236303
v -2.315522 -2.746140 28.469664
v -2.143762 -2.787428 28.623606
v -2.191205 -2.682703 29.055738
v -1.440720 -0.457555 27.596037
v -1.230294 0.708793 27.848236
v -1.248465 -0.281371 27.628042
v -1.251340 -1.157475 27.669634
v -1.373799 -1.325088 27.659702
v -1.478756 -1.780292 27.648815
v -1.565274 -1.256743 27.548309
v -1.715433 -0.973222 27.522137
v -1.656049 -0.172898 27.601498
v -1.618263 0.792455 27.861420
v -1.415024 0.712345 27.852406
v -2.350024 -0.472428 27.755480
v -2.056503 0.772635 27.934244
v -2.094416 -0.183896 27.678928
v -2.087918 -0.979686 27.587299
v -2.269033 -1.264379 27.669586
v -2.397695 -1.788129 27.802107
v -2.503753 -1.318755 27.853519
v -2.639102 -1.137460 27.915775
v -2.562977 -0.306097 27.829700
v -2.473886 0.658441 28.063192
v -2.275465 0.675205 27.997549
v -2.413935 -2.734026 31.634113
v -2.132543 -3.308094 31.892014
v -2.301210 -3.152943 32.004543
v -2.408784 -2.840505 32.199150
v -2.522255 -2.495377 32.037209
v -2.673296 -2.335461 31.939352
v -2.639661 -2.489599 31.519123
v -2.645086 -2.414898 30.956944
v -2.425842 -2.471663 30.989483
v -2.185941 -2.528592 30.989006
v -2.169503 -2.957036 31.526711
v -2.339092 -0.501477 32.611950
v -2.473862 0.658368 32.298840
v -2.543034 -0.320896 32.503468
v -2.613309 -1.212626 32.477482
v -2.476251 -1.398901 32.539684
v -2.387683 -1.844910 32.589031
v -2.245071 -1.334208 32.706310
v -2.070143 -1.031486 32.781693
v -2.090102 -0.196466 32.684521
v -2.056503 0.772634 32.427109
v -2.275464 0.675205 32.364201
v -1.433632 -0.478213 32.772961
v -1.618263 0.792455 32.499939
v -1.652367 -0.183630 32.761730
v -1.698410 -1.022831 32.846588
v -1.542685 -1.322569 32.827324
v -1.462218 -1.815130 32.744724
v -1.350357 -1.393402 32.733547
v -1.232190 -1.213283 32.723930
v -1.244313 -0.293471 32.741997
v -1.230294 0.708792 32.513893
v -1.415024 0.712344 32.509388
v -1.504745 -2.919906 31.733582
v -1.279893 -2.442925 32.137260
v -1.404968 -2.660180 32.193794
v -1.501608 -2.907734 32.332169
v -1.601620 -3.251757 32.093410
v -1.761255 -3.362942 31.935459
v -1.729301 -3.041971 31.571054
v -1.714315 -2.546625 31.018658
v -1.502530 -2.515928 31.049023
v -1.318250 -2.483261 31.041775
v -1.306295 -2.666211 31.662075
v 1.824843 -2.564809 29.021318
v 2.043855 -2.292439 29.701601
v 1.825201 -2.373126 29.678862
v 1.610341 -2.443386 29.703154
v 1.612767 -2.741178 29.159035
v 1.541155 -3.084529 28.708380
v 1.682198 -2.985219 28.576166
v 1.760747 -2.751532 28.360996
v 1.893036 -2.386983 28.568480
v 2.071736 -2.109754 28.706339
v 2.049866 -2.289117 29.156981
v 1.750380 -0.514482 27.937929
v 2.019014 0.507712 28.301111
v 2.043918 -0.345886 28.129543
v 2.080994 -1.113337 28.180462
v 1.867936 -1.302654 28.049267
v 1.729042 -1.664434 27.951756
v 1.621220 -1.260474 27.815483
v 1.455372 -0.989461 27.713356
v 1.487062 -0.237358 27.811287
v 1.480357 0.661701 28.057318
v 1.735288 0.548754 28.166306
v 0.933145 -2.778132 28.899679
v 1.169485 -2.492843 29.682671
v 0.947118 -2.472851 29.630875
v 0.739973 -2.444821 29.615763
v 0.720358 -2.593725 28.962376
v 0.670208 -2.503031 28.422235
v 0.799160 -2.706477 28.360210
v 0.895054 -2.920569 28.194550
v 1.008624 -3.152244 28.460268
v 1.181270 -3.174361 28.649769
v 1.185666 -2.827739 29.110197
v 0.852435 -0.485234 27.703791
v 1.042408 0.718030 27.952993
v 1.061126 -0.212852 27.704157
v 1.102698 -0.982892 27.627869
v 0.956305 -1.261615 27.656309
v 0.867121 -1.689662 27.752785
v 0.768307 -1.343502 27.772631
v 0.650091 -1.180435 27.784058
v 0.672621 -0.304484 27.738482
v 0.682444 0.680826 27.946089
v 0.852566 0.661904 27.946775
v 1.808288 -2.724197 31.522621
v 2.085057 -2.333124 31.755762
v 1.871232 -2.640859 31.877876
v 1.746790 -2.956344 32.053200
v 1.672119 -3.114076 31.888103
v 1.536187 -3.178035 31.798717
v 1.589749 -2.849309 31.442905
v 1.612570 -2.455520 30.924082
v 1.837100 -2.393946 30.915722
v 2.072635 -2.412487 30.882294
v 2.080648 -2.445551 31.385855
v 1.762466 -0.549311 32.431870
v 1.480359 0.661700 32.304020
v 1.494444 -0.258851 32.553299
v 1.477299 -1.053355 32.657162
v 1.646201 -1.352693 32.559837
v 1.710017 -1.945169 32.418972
v 1.894577 -1.392502 32.339836
v 2.105618 -1.178882 32.210854
v 2.052571 -0.369273 32.241028
v 2.019114 0.507647 32.060905
v 1.735338 0.548662 32.195385
v 0.958985 -2.816893 31.664619
v 1.199435 -3.202091 31.860003
v 1.038302 -3.114613 32.011753
v 0.925309 -2.864499 32.232635
v 0.838627 -2.628558 32.097958
v 0.722034 -2.429805 32.045876
v 0.766236 -2.615821 31.598043
v 0.756329 -2.478978 31.002829
v 0.954335 -2.493495 31.004198
v 1.170178 -2.503364 30.969475
v 1.182033 -2.913945 31.505770
v 0.862988 -0.515990 32.666241
v 0.682444 0.680824 32.416004
v 0.679611 -0.324854 32.632393
v 0.673581 -1.248890 32.610191
v 0.796091 -1.424762 32.620728
v 0.871956 -1.881276 32.627319
v 0.983065 -1.339597 32.720535
v 1.123789 -1.044353 32.742428
v 1.067715 -0.232054 32.660194
v 1.042408 0.718029 32.408360
v 0.852566 0.661902 32.414982
v -0.104597 -3.267776 28.332190
v -0.235221 -3.509831 27.941778
vn -0.1761 0.7163 -0.6752
vn -0.1760 0.7163 0.6752
vn 0.8341 0.3837 -0.3963
vn 0.7823 -0.4663 -0.4129
vn 0.8342 0.3842 0.3956
vn 0.8337 -0.4118 0.3680
vn 0.0170 0.7302 0.6830
vn 0.0170 0.7303 -0.6830
vn -0.1693 0.7162 -0.6770
vn -0.3299 -0.4384 -0.8361
vn -0.1692 0.7162 0.6771
vn -0.3626 -0.3821 0.8500
vn -0.8041 0.4267 -0.4140
vn -0.6281 -0.5673 -0.5326
vn -0.8041 0.4267 0.4140
vn -0.6281 -0.5673 0.5326
vn -0.0961 0.7276 0.6793
vn -0.0961 0.7276 -0.6793
vn -0.5784 -0.5668 -0.5866
vn -0.6313 0.5369 -0.5596
vn -0.5784 -0.5668 0.5866
vn -0.6313 0.5369 0.5596
vn -0.9217 0.2915 0.2558
vn -0.9217 0.2915 -0.2558
vn -0.9146 -0.3041 -0.2665
vn -0.9146 -0.3041 0.2665
vn -0.8954 -0.3148 0.3148
vn -0.8954 0.3148 0.3148
vn -0.8954 -0.3148 -0.3148
vn -0.8954 0.3148 -0.3148
vn -0.2520 -0.6860 -0.6826
vn -0.2568 0.6834 -0.6834
vn -0.2520 -0.6860 0.6826
vn -0.2568 0.6834 0.6834
vn 0.4784 -0.3277 0.8147
vn 0.4357 0.6172 -0.6551
vn 0.4355 0.6177 0.6549
vn 0.4986 -0.4233 -0.7564
vn -0.4750 0.6301 -0.6142
vn -0.4751 0.6301 0.6143
vn -0.7765 -0.3145 -0.5461
vn -0.7849 -0.3103 0.5363
vn -0.3608 -0.6524 -0.6665
vn -0.3696 -0.6497 0.6643
vn -0.2561 0.6656 -0.7010
vn -0.2560 0.6656 0.7011
vn -0.2450 -0.6954 -0.6756
vn -0.3255 -0.6396 0.6964
vn -0.2893 0.6706 -0.6831
vn -0.2893 0.6706 0.6831
vn -0.5718 -0.2972 0.7647
vn -0.5849 -0.3903 -0.7111
vn -0.2540 0.6623 -0.7049
vn -0.2536 0.6618 0.7055
vn -0.9639 0.1884 0.1884
vn -0.9639 0.1884 -0.1884
vn -0.9639 -0.1884 -0.1884
vn -0.9639 -0.1884 0.1884
vn -1.0000 -0.0045 0.0045
vn -1.0000 0.0045 0.0045
vn -1.0000 -0.0045 -0.0045
vn -1.0000 0.0045 -0.0045
vn -0.2175 0.6682 0.7115
vn -0.0492 -0.4659 -0.8835
vn -0.1046 -0.4086 0.9067
vn -0.2172 0.6680 -0.7118
vn -0.1357 -0.3666 0.9204
vn -0.0861 0.6998 -0.7091
vn -0.0861 0.7001 0.7088
vn -0.0957 -0.4477 -0.8890
vn 0.2116 0.6940 0.6882
vn 0.2116 0.6940 -0.6882
vn 0.1809 0.6909 0.6999
vn 0.1392 -0.4009 -0.9055
vn 0.1657 -0.3773 0.9112
vn 0.1809 0.6907 -0.7002
vn -0.2517 -0.6843 -0.6843
vn -0.2517 -0.6843 0.6843
vn -0.2517 0.6843 -0.6843
vn -0.2517 0.6843 0.6843
vn -0.9580 0.2179 -0.1862
vn -0.9580 0.2179 0.1862
vn -0.9374 -0.2664 -0.2243
vn -0.9374 -0.2664 0.2243
vn -0.0848 -0.7046 -0.7045
vn -0.0848 0.7046 -0.7046
vn -0.0848 0.7046 0.7046
vn -0.0848 -0.7046 0.7045
vn -0.1909 -0.6941 -0.6941
vn -0.1909 -0.6941 0.6941
vn -0.1909 0.6941 0.6941
vn -0.1909 0.6941 -0.6941
vn -0.1510 -0.6990 -0.6990
vn -0.1510 0.6990 0.6990
vn -0.1510 0.6990 -0.6990
vn -0.1510 -0.6990 0.6990
vn 0.0923 -0.9957 -0.0126
vn -0.0925 -0.9957 -0.0091
vn -0.3194 -0.9467 -0.0426
vn 0.0670 -0.9973 -0.0297
vn -0.0198 -0.9987 -0.0469
vn -0.1368 -0.9900 -0.0347
vn -0.0374 -0.9980 -0.0513
vn -0.6234 -0.7815 -0.0251
vn -0.0273 -0.9984 -0.0488
vn -0.2890 -0.9567 -0.0353
vn 0.1848 -0.9803 -0.0697
vn 0.3368 -0.9392 -0.0671
vn -0.2005 -0.1070 -0.9738
vn 0.7487 -0.3592 -0.5572
vn -0.1247 -0.7579 0.6403
vn -0.9117 -0.1655 -0.3761
vn 0.6357 -0.3313 0.6973
vn -0.1254 -0.0692 0.9897
vn -0.8823 -0.2024 0.4249
vn -0.2702 -0.8111 -0.5188
vn -0.0071 -0.8723 -0.4889
vn 0.8276 -0.1874 0.5291
vn 0.0567 -0.0028 0.9984
vn -0.8475 -0.2157 0.4850
vn 0.8743 -0.1998 -0.4424
vn -0.1220 -0.7920 0.5983
vn -0.8762 -0.2153 -0.4311
vn 0.0628 -0.0137 -0.9979
vn 0.8564 -0.2578 -0.4474
vn -0.0033 -0.7393 0.6733
vn -0.8842 -0.2351 -0.4035
vn -0.1198 -0.0149 -0.9927
vn -0.0163 -0.8969 -0.4420
vn 0.7589 -0.2275 0.6101
vn -0.1527 -0.0040 0.9883
vn -0.8412 -0.2153 0.4960
vn 0.0484 -0.8135 0.5795
vn -0.7657 -0.2429 -0.5956
vn 0.1763 -0.0216 -0.9841
vn 0.8567 -0.1706 -0.4868
vn 0.8417 -0.1708 0.5122
vn 0.1992 -0.0152 0.9798
vn -0.8267 -0.2657 0.4960
vn -0.0416 -0.8445 -0.5339
vn -0.1775 0.9188 0.3526
vn -0.1803 0.9836 -0.0000
vn -0.1775 0.9188 -0.3526
vn -0.1132 0.6648 0.7384
vn 0.0030 0.6589 0.7522
vn -0.0059 0.6908 0.7230
vn 0.4574 -0.3329 0.8246
vn 0.5620 -0.3314 0.7579
vn 0.7227 -0.3639 0.5876
vn 0.8738 -0.1704 0.4555
vn 0.8766 0.0241 0.4806
vn 0.8628 0.2122 0.4589
vn 0.8730 0.4411 -0.2081
vn 0.8887 0.4585 -0.0000
vn 0.8730 0.4411 0.2080
vn 0.8814 -0.4418 0.1673
vn 0.8911 -0.4538 -0.0041
vn 0.8681 -0.4593 -0.1884
vn 0.8525 -0.2078 -0.4797
vn 0.8711 0.0093 -0.4910
vn 0.8620 0.2085 -0.4621
vn 0.4707 0.6084 -0.6390
vn 0.5671 0.5699 -0.5946
vn 0.7060 0.4923 -0.5091
vn 0.2585 0.6607 0.7048
vn 0.3280 0.6461 0.6892
vn 0.2624 0.6852 0.6794
vn -0.1910 0.6745 -0.7131
vn -0.2826 0.6591 -0.6969
vn -0.2122 0.6814 -0.7005
vn -0.0044 0.9352 0.3541
vn -0.0158 0.9999 -0.0000
vn -0.0044 0.9352 -0.3541
vn -0.1267 0.9310 0.3424
vn -0.1113 0.9938 -0.0000
vn -0.1267 0.9310 -0.3424
vn -0.2423 0.4028 -0.8826
vn -0.3304 0.1138 -0.9369
vn -0.3544 -0.1550 -0.9222
vn -0.3331 -0.9418 0.0459
vn -0.3754 -0.8919 0.2521
vn -0.4126 -0.6851 0.6003
vn -0.3074 -0.1242 0.9434
vn -0.2657 0.1074 0.9580
vn -0.2214 0.3899 0.8938
vn -0.3431 -0.3669 0.8647
vn -0.2292 -0.3824 0.8951
vn -0.2508 -0.3819 0.8895
vn -0.1163 0.6909 -0.7135
vn -0.0447 0.7063 -0.7065
vn -0.0709 0.7149 -0.6956
vn -0.3929 0.6251 0.6745
vn -0.4784 0.6068 0.6347
vn -0.4231 0.6381 0.6433
vn -0.9238 0.3639 0.1192
vn -0.9238 0.3828 -0.0000
vn -0.9238 0.3639 -0.1192
vn -0.9143 0.1600 -0.3722
vn -0.9086 -0.0005 -0.4177
vn -0.9103 -0.1643 -0.3800
vn -0.9146 -0.3842 -0.1260
vn -0.9140 -0.4057 -0.0000
vn -0.9146 -0.3842 0.1260
vn -0.9103 -0.1643 0.3800
vn -0.9086 -0.0005 0.4177
vn -0.9143 0.1600 0.3722
vn -0.7068 -0.4973 -0.5031
vn -0.8155 -0.4151 -0.4033
vn -0.8833 -0.3446 -0.3178
vn -0.4246 0.6508 -0.6294
vn -0.3667 0.6715 -0.6439
vn -0.2862 0.6951 -0.6595
vn -0.7068 -0.4973 0.5031
vn -0.8155 -0.4151 0.4033
vn -0.8833 -0.3446 0.3178
vn -0.4247 0.6508 0.6293
vn -0.3667 0.6715 0.6439
vn -0.2861 0.6950 0.6596
vn 0.0229 0.6837 0.7294
vn 0.1301 0.6658 0.7347
vn 0.0861 0.6827 0.7256
vn -0.3077 0.6413 -0.7029
vn -0.3856 0.6265 -0.6774
vn -0.3400 0.6565 -0.6734
vn -0.0746 0.9333 0.3512
vn -0.0663 0.9978 -0.0000
vn -0.0746 0.9333 -0.3512
vn -0.3566 -0.6344 -0.6859
vn -0.4028 -0.6254 -0.6683
vn -0.4730 -0.6068 -0.6388
vn -0.8901 0.3348 -0.3094
vn -0.8274 0.4025 -0.3918
vn -0.7347 0.4762 -0.4833
vn -0.3566 -0.6344 0.6859
vn -0.4028 -0.6254 0.6683
vn -0.4730 -0.6068 0.6388
vn -0.8901 0.3348 0.3094
vn -0.8274 0.4025 0.3918
vn -0.7347 0.4762 0.4833
vn -0.5474 0.2832 0.7875
vn -0.4983 -0.0059 0.8670
vn -0.5156 -0.2976 0.8035
vn -0.6894 0.6758 -0.2609
vn -0.7061 0.7081 -0.0000
vn -0.6894 0.6758 0.2609
vn -0.6296 -0.7258 0.2772
vn -0.6449 -0.7643 -0.0000
vn -0.6296 -0.7258 -0.2772
vn -0.5156 -0.2976 -0.8035
vn -0.4983 -0.0059 -0.8670
vn -0.5474 0.2832 -0.7875
vn -0.7850 0.5814 0.2140
vn -0.7735 0.6338 -0.0000
vn -0.7850 0.5814 -0.2140
vn -0.8013 0.2174 -0.5574
vn -0.7787 -0.0001 -0.6273
vn -0.7301 -0.2513 -0.6355
vn -0.4953 -0.8187 -0.2905
vn -0.4401 -0.8979 -0.0000
vn -0.4953 -0.8187 0.2905
vn -0.7301 -0.2513 0.6355
vn -0.7787 -0.0001 0.6273
vn -0.8013 0.2174 0.5574
vn -0.9618 0.2048 -0.1817
vn -0.9554 0.2173 -0.2002
vn -0.9199 0.2845 -0.2700
vn -0.9513 0.2366 0.1976
vn -0.9439 0.2541 0.2107
vn -0.9353 0.2705 0.2280
vn -0.9328 -0.2720 -0.2363
vn -0.9069 -0.3131 -0.2820
vn -0.8193 -0.4199 -0.3904
vn -0.9328 -0.2720 0.2363
vn -0.9069 -0.3131 0.2820
vn -0.8193 -0.4199 0.3904
vn -0.9637 0.2501 0.0936
vn -0.9634 0.2680 -0.0000
vn -0.9637 0.2501 -0.0936
vn -0.9637 0.0936 -0.2501
vn -0.9634 -0.0000 -0.2680
vn -0.9637 -0.0936 -0.2501
vn -0.9637 -0.2501 -0.0936
vn -0.9634 -0.2680 -0.0000
vn -0.9637 -0.2501 0.0936
vn -0.9637 -0.0936 0.2501
vn -0.9634 -0.0000 0.2680
vn -0.9637 0.0936 0.2501
vn -0.2657 -0.6817 -0.6817
vn -0.4456 -0.6330 -0.6330
vn -0.7730 -0.4486 -0.4486
vn -0.2723 0.6806 -0.6802
vn -0.3867 0.6540 -0.6501
vn -0.5905 0.5752 -0.5661
vn -0.2657 -0.6817 0.6817
vn -0.4456 -0.6330 0.6330
vn -0.7730 -0.4486 0.4486
vn -0.2723 0.6806 0.6802
vn -0.3867 0.6540 0.6501
vn -0.5905 0.5752 0.5661
vn -0.4227 -0.6602 -0.6209
vn -0.2928 -0.6929 -0.6589
vn -0.2395 -0.6960 -0.6769
vn -0.3057 0.6733 -0.6733
vn -0.3245 0.6688 -0.6688
vn -0.2982 0.6749 -0.6749
vn -0.4227 -0.6602 0.6209
vn -0.2928 -0.6929 0.6589
vn -0.2395 -0.6960 0.6769
vn -0.3057 0.6733 0.6733
vn -0.3245 0.6688 0.6688
vn -0.2982 0.6749 0.6749
vn -0.2535 0.3419 0.9049
vn -0.2502 -0.0012 0.9682
vn -0.2511 -0.3445 0.9046
vn -0.2530 0.9049 -0.3424
vn -0.2501 0.9682 -0.0000
vn -0.2530 0.9049 0.3424
vn -0.2466 -0.9068 0.3420
vn -0.2433 -0.9699 -0.0000
vn -0.2466 -0.9068 -0.3420
vn -0.2511 -0.3445 -0.9046
vn -0.2502 -0.0012 -0.9682
vn -0.2535 0.3419 -0.9049
vn 0.4307 0.6250 -0.6511
vn 0.4720 0.5977 -0.6480
vn 0.4441 0.6064 -0.6596
vn 0.7062 0.4930 0.5083
vn 0.5671 0.5707 0.5939
vn 0.4705 0.6090 0.6385
vn 0.6421 -0.4665 -0.6083
vn 0.5232 -0.4571 -0.7193
vn 0.4696 -0.4437 -0.7633
vn 0.4622 -0.1515 -0.8737
vn 0.4264 0.0862 -0.9004
vn 0.4153 0.3369 -0.8450
vn 0.1694 -0.9852 -0.0258
vn 0.3086 -0.9323 -0.1885
vn 0.4777 -0.7130 -0.5132
vn 0.4590 0.8226 0.3356
vn 0.4673 0.8841 -0.0000
vn 0.4590 0.8226 -0.3356
vn 0.4444 -0.0971 0.8905
vn 0.4190 0.1087 0.9015
vn 0.4133 0.3418 0.8440
vn -0.4105 0.6364 -0.6530
vn -0.5015 0.6103 -0.6132
vn -0.5115 0.6110 -0.6041
vn -0.4104 0.6364 0.6531
vn -0.5015 0.6103 0.6133
vn -0.5115 0.6110 0.6042
vn -0.4490 -0.3946 -0.8017
vn -0.5626 -0.3644 -0.7421
vn -0.6824 -0.3351 -0.6497
vn -0.4935 -0.3619 0.7909
vn -0.6028 -0.3383 0.7227
vn -0.6987 -0.3216 0.6391
vn -0.6723 -0.1286 -0.7290
vn -0.5652 0.0791 -0.8211
vn -0.5023 0.3368 -0.7964
vn -0.6744 -0.7346 -0.0747
vn -0.7617 -0.6232 -0.1773
vn -0.8101 -0.4802 -0.3364
vn -0.4542 0.8344 -0.3122
vn -0.4453 0.8954 -0.0000
vn -0.4542 0.8344 0.3122
vn -0.5023 0.3345 0.7974
vn -0.5659 0.0745 0.8211
vn -0.6766 -0.1309 0.7246
vn -0.8251 -0.3220 -0.4643
vn -0.7518 -0.4202 -0.5082
vn -0.5342 -0.5809 -0.6142
vn -0.8259 -0.3238 0.4616
vn -0.7518 -0.4230 0.5058
vn -0.5372 -0.5840 0.6086
vn -0.1837 0.7011 -0.6890
vn -0.1191 0.7064 -0.6977
vn -0.1388 0.6941 -0.7063
vn -0.1837 0.7011 0.6890
vn -0.1191 0.7064 0.6977
vn -0.1388 0.6941 0.7064
vn -0.3586 -0.3230 -0.8758
vn -0.3397 -0.0016 -0.9405
vn -0.3077 0.3229 -0.8950
vn -0.3554 -0.8783 0.3197
vn -0.3419 -0.9395 -0.0223
vn -0.3455 -0.8717 -0.3475
vn -0.1940 0.9101 -0.3663
vn -0.1677 0.9858 -0.0000
vn -0.1940 0.9101 0.3663
vn -0.3063 0.3216 0.8960
vn -0.3369 -0.0016 0.9415
vn -0.3588 -0.3168 0.8780
vn -0.2950 -0.6626 -0.6884
vn -0.2691 -0.6608 -0.7007
vn -0.2305 -0.6518 -0.7225
vn -0.3107 -0.6556 0.6882
vn -0.2981 -0.6518 0.6973
vn -0.3054 -0.6456 0.7000
vn -0.5418 0.5775 -0.6107
vn -0.4665 0.6060 -0.6443
vn -0.3889 0.6340 -0.6685
vn -0.5418 0.5775 0.6107
vn -0.4665 0.6060 0.6443
vn -0.3889 0.6340 0.6685
vn -0.2812 -0.3142 -0.9067
vn -0.2793 0.0156 -0.9601
vn -0.2817 0.3389 -0.8976
vn -0.3395 -0.8755 0.3438
vn -0.3102 -0.9505 -0.0167
vn -0.2559 -0.8974 -0.3595
vn -0.2900 0.8920 -0.3468
vn -0.2891 0.9573 -0.0000
vn -0.2900 0.8920 0.3468
vn -0.2817 0.3389 0.8976
vn -0.2793 0.0156 0.9601
vn -0.2955 -0.3044 0.9056
vn -0.2281 -0.4712 -0.8520
vn -0.2319 -0.4625 -0.8558
vn -0.3598 -0.4580 -0.8129
vn -0.4223 0.6383 -0.6436
vn -0.4780 0.6075 -0.6344
vn -0.3938 0.6258 -0.6733
vn -0.0707 0.7148 0.6958
vn -0.0444 0.7061 0.7067
vn -0.1159 0.6906 0.7139
vn -0.5305 -0.1812 -0.8281
vn -0.4145 0.1704 -0.8939
vn -0.2645 0.4202 -0.8680
vn -0.2272 0.3598 0.9049
vn -0.2737 0.1041 0.9562
vn -0.3817 -0.1047 0.9183
vn -0.3143 0.8809 -0.3538
vn -0.3409 0.9401 -0.0000
vn -0.3143 0.8809 0.3538
vn -0.3703 -0.9247 -0.0883
vn -0.5172 -0.8265 -0.2221
vn -0.6440 -0.6146 -0.4557
vn -0.8911 -0.4243 -0.1611
vn -0.8878 -0.4602 -0.0000
vn -0.8911 -0.4243 0.1611
vn -0.8910 -0.1611 0.4244
vn -0.8878 -0.0000 0.4602
vn -0.8911 0.1611 0.4243
vn -0.8911 0.4243 0.1611
vn -0.8878 0.4602 -0.0000
vn -0.8911 0.4243 -0.1611
vn -0.8911 0.1611 -0.4243
vn -0.8878 -0.0000 -0.4602
vn -0.8910 -0.1611 -0.4244
vn -0.9994 0.0238 -0.0238
vn -0.9945 -0.0739 0.0739
vn -0.9706 -0.1701 0.1701
vn -0.9706 -0.1701 -0.1701
vn -0.9945 -0.0739 -0.0739
vn -0.9994 0.0238 0.0238
vn -0.9994 -0.0238 -0.0238
vn -0.9945 0.0739 0.0738
vn -0.9706 0.1701 0.1701
vn -0.9994 -0.0238 0.0238
vn -0.9945 0.0739 -0.0739
vn -0.9706 0.1701 -0.1701
vn -1.0000 -0.0047 -0.0016
vn -1.0000 -0.0043 -0.0000
vn -1.0000 -0.0047 0.0016
vn -1.0000 -0.0016 0.0047
vn -1.0000 -0.0000 0.0043
vn -1.0000 0.0016 0.0047
vn -1.0000 0.0047 0.0016
vn -1.0000 0.0043 -0.0000
vn -1.0000 0.0047 -0.0016
vn -1.0000 0.0016 -0.0047
vn -1.0000 -0.0000 -0.0043
vn -1.0000 -0.0016 -0.0047
vn -0.9979 0.0458 -0.0458
vn -0.9218 0.2741 -0.2741
vn -0.4106 0.6448 -0.6448
vn -0.1900 0.6942 -0.6942
vn -0.4185 0.6422 -0.6422
vn -0.7017 0.5038 -0.5038
vn -0.1438 -0.6998 -0.6998
vn -0.1178 -0.7022 -0.7022
vn -0.0822 -0.7047 -0.7047
vn -0.1900 -0.6942 0.6942
vn -0.4185 -0.6422 0.6422
vn -0.7017 -0.5038 0.5038
vn -0.3398 0.6565 0.6735
vn -0.3853 0.6266 0.6774
vn -0.3076 0.6415 0.7027
vn -0.0061 0.6909 -0.7229
vn 0.0032 0.6589 -0.7522
vn -0.1127 0.6646 -0.7386
vn -0.2085 0.9027 0.3763
vn -0.2022 0.9793 -0.0000
vn -0.2085 0.9027 -0.3763
vn -0.2176 -0.0778 0.9729
vn -0.2249 0.1452 0.9635
vn -0.2206 0.3787 0.8989
vn -0.0943 -0.9937 0.0606
vn -0.0036 -0.9987 -0.0510
vn 0.1108 -0.8771 -0.4674
vn -0.0877 -0.1775 -0.9802
vn -0.1059 0.1628 -0.9810
vn -0.1695 0.3985 -0.9014
vn 0.0862 0.6827 -0.7256
vn 0.1306 0.6657 -0.7347
vn 0.0231 0.6835 -0.7296
vn -0.2120 0.6814 0.7005
vn -0.2822 0.6592 0.6970
vn -0.1907 0.6747 0.7130
vn -0.1416 -0.1085 -0.9840
vn -0.1587 0.0738 -0.9846
vn -0.1425 0.4081 -0.9018
vn -0.0386 -0.9993 0.0023
vn -0.0198 -0.9956 -0.0919
vn 0.0112 -0.8836 -0.4682
vn -0.1795 -0.0838 0.9802
vn -0.1714 0.1607 0.9720
vn -0.1380 0.4073 0.9028
vn -0.0255 0.9278 0.3722
vn -0.0010 1.0000 -0.0000
vn -0.0255 0.9278 -0.3722
vn 0.4438 0.6067 0.6595
vn 0.4718 0.5979 0.6481
vn 0.4306 0.6250 0.6511
vn 0.0879 0.6813 -0.7267
vn -0.0142 0.6650 -0.7467
vn 0.0254 0.6969 -0.7167
vn 0.2228 0.9063 0.3591
vn 0.2273 0.9738 -0.0000
vn 0.2228 0.9063 -0.3591
vn 0.0256 0.6969 0.7167
vn -0.0138 0.6652 0.7466
vn 0.0882 0.6816 0.7264
vn 0.2625 0.6852 -0.6794
vn 0.3284 0.6460 -0.6891
vn 0.2587 0.6605 -0.7049
vn 0.1508 0.9181 0.3664
vn 0.1371 0.9906 -0.0000
vn 0.1508 0.9181 -0.3664
vn 0.2127 -0.0911 0.9729
vn 0.2191 0.1452 0.9648
vn 0.2052 0.3905 0.8974
vn 0.2081 -0.1290 -0.9696
vn 0.2182 0.1308 -0.9671
vn 0.2048 0.3880 -0.8986
vn 0.0302 -0.9921 0.1217
vn -0.0333 -0.9991 0.0279
vn -0.0425 -0.8257 -0.5625
vn -0.2982 -0.6749 -0.6749
vn -0.3245 -0.6688 -0.6688
vn -0.3057 -0.6733 -0.6733
vn -0.2982 -0.6749 0.6749
vn -0.3245 -0.6688 0.6688
vn -0.3057 -0.6733 0.6733
vn -0.7730 0.4486 -0.4486
vn -0.4456 0.6330 -0.6330
vn -0.2657 0.6817 -0.6817
vn -0.7730 0.4486 0.4486
vn -0.4456 0.6330 0.6330
vn -0.2657 0.6817 0.6817
vn -0.2474 0.3430 0.9062
vn -0.2443 -0.0000 0.9697
vn -0.2474 -0.3430 0.9062
vn -0.2474 0.9062 -0.3430
vn -0.2443 0.9697 -0.0000
vn -0.2474 0.9062 0.3430
vn -0.2474 -0.9062 0.3430
vn -0.2443 -0.9697 -0.0000
vn -0.2474 -0.9062 -0.3430
vn -0.2474 -0.3430 -0.9062
vn -0.2443 -0.0000 -0.9697
vn -0.2474 0.3430 -0.9062
vn -0.9353 0.2705 -0.2280
vn -0.9439 0.2541 -0.2107
vn -0.9513 0.2366 -0.1976
vn -0.9199 0.2845 0.2700
vn -0.9554 0.2173 0.2002
vn -0.9618 0.2048 0.1817
vn -0.9259 -0.2892 -0.2429
vn -0.9317 -0.2804 -0.2309
vn -0.9356 -0.2722 -0.2248
vn -0.9259 -0.2892 0.2429
vn -0.9317 -0.2804 0.2309
vn -0.9356 -0.2722 0.2248
vn -0.9576 -0.1171 0.2632
vn -0.9648 -0.0006 0.2632
vn -0.9648 0.1054 0.2409
vn -0.9042 -0.4066 -0.1308
vn -0.8860 -0.4638 -0.0000
vn -0.9042 -0.4066 0.1308
vn -0.9648 0.1054 -0.2409
vn -0.9648 -0.0006 -0.2632
vn -0.9576 -0.1171 -0.2632
vn -0.9464 0.3073 0.0992
vn -0.9407 0.3393 -0.0000
vn -0.9464 0.3073 -0.0992
vn -0.7017 -0.5038 -0.5038
vn -0.4185 -0.6422 -0.6422
vn -0.1900 -0.6942 -0.6942
vn -0.1438 -0.6998 0.6998
vn -0.1178 -0.7022 0.7022
vn -0.0822 -0.7047 0.7047
vn -0.7017 0.5038 0.5038
vn -0.4185 0.6422 0.6422
vn -0.1900 0.6942 0.6942
vn -0.0822 0.7047 0.7047
vn -0.1178 0.7022 0.7022
vn -0.1438 0.6998 0.6998
vn -0.0834 -0.9319 0.3531
vn -0.0823 -0.9966 -0.0000
vn -0.0834 -0.9319 -0.3531
vn -0.0834 0.9319 -0.3531
vn -0.0823 0.9966 -0.0000
vn -0.0834 0.9319 0.3531
vn -0.0834 0.3531 0.9319
vn -0.0823 -0.0000 0.9966
vn -0.0834 -0.3531 0.9319
vn -0.0834 -0.3531 -0.9319
vn -0.0823 -0.0000 -0.9966
vn -0.0834 0.3531 -0.9319
vn -0.1885 -0.9183 -0.3481
vn -0.1866 -0.9824 -0.0000
vn -0.1885 -0.9183 0.3481
vn -0.1885 -0.3481 0.9183
vn -0.1866 -0.0000 0.9824
vn -0.1885 0.3481 0.9183
vn -0.1885 0.9183 0.3481
vn -0.1866 0.9824 -0.0000
vn -0.1885 0.9183 -0.3481
vn -0.1885 0.3481 -0.9183
vn -0.1866 -0.0000 -0.9824
vn -0.1885 -0.3481 -0.9183
vn -0.1516 -0.6989 -0.6989
vn -0.1516 0.6989 0.6989
vn -0.1516 0.6989 -0.6989
vn -0.1516 -0.6989 0.6989
vn -0.1486 -0.9247 0.3505
vn -0.1469 -0.9892 -0.0000
vn -0.1486 -0.9247 -0.3505
vn -0.1486 0.9247 -0.3504
vn -0.1469 0.9892 -0.0000
vn -0.1486 0.9247 0.3504
vn -0.1486 0.3504 0.9247
vn -0.1469 -0.0000 0.9892
vn -0.1486 -0.3505 0.9247
vn -0.1486 -0.3505 -0.9247
vn -0.1469 -0.0000 -0.9892
vn -0.1486 0.3504 -0.9247
vn -0.4106 -0.6448 -0.6448
vn -0.9218 -0.2741 -0.2741
vn -0.9979 -0.0458 -0.0458
vn -0.9979 -0.0458 0.0458
vn -0.9218 -0.2741 0.2740
vn -0.4106 -0.6448 0.6448
vn -0.4106 0.6448 0.6448
vn -0.9218 0.2741 0.2741
vn -0.9979 0.0458 0.0458
vn -0.1438 0.6998 -0.6998
vn -0.1178 0.7022 -0.7022
vn -0.0822 0.7047 -0.7047
vn -0.3190 -0.7324 -0.6015
vn -0.3128 -0.8973 -0.3115
vn -0.3119 -0.9421 -0.1232
vn 0.0067 -0.7678 0.6406
vn -0.0266 -0.9989 0.0385
vn 0.0328 -0.9904 -0.1340
vn 0.2255 -0.8156 0.5328
vn 0.1525 -0.9815 -0.1153
vn -0.0389 -0.9804 -0.1930
vn -0.0058 -0.7579 0.6524
vn 0.0736 -0.9973 0.0036
vn 0.0049 -0.9891 -0.1471
vn -0.8219 -0.4708 0.3207
vn -0.7743 -0.6147 0.1501
vn -0.6807 -0.7318 0.0329
vn -0.7307 -0.5652 0.3829
vn -0.5628 -0.8203 0.1017
vn -0.3190 -0.9477 0.0088
vn 0.5179 -0.6321 0.5764
vn 0.4324 -0.8850 0.1724
vn 0.2820 -0.9566 -0.0732
vn -0.0363 -0.9991 -0.0222
vn -0.0772 -0.9969 -0.0155
vn -0.0255 -0.9996 -0.0126
vn -0.1651 -0.9851 -0.0481
vn -0.1056 -0.9931 -0.0504
vn -0.1798 -0.9826 -0.0472
vn 0.1101 -0.9927 -0.0492
vn 0.1720 -0.9837 -0.0531
vn 0.1052 -0.9930 -0.0542
vn -0.3252 -0.9454 -0.0213
vn -0.3241 -0.9460 -0.0106
vn -0.2219 -0.9750 -0.0075
vn 0.2762 -0.9606 -0.0311
vn 0.3020 -0.9525 -0.0396
vn 0.3266 -0.9438 -0.0511
vn 0.3526 -0.9351 -0.0365
vn 0.5308 -0.8450 0.0646
vn 0.7079 -0.6735 0.2128
vn 0.4121 -0.9031 -0.1206
vn 0.5361 -0.8171 -0.2119
vn 0.6599 -0.6868 -0.3047
vn 0.2142 -0.9767 -0.0110
vn 0.1965 -0.9794 -0.0475
vn 0.1155 -0.9914 -0.0617
vn -0.2077 -0.9773 -0.0406
vn -0.2267 -0.9731 -0.0412
vn -0.1656 -0.9853 -0.0425
vn -0.0017 -0.9999 -0.0100
vn 0.0091 -0.9999 -0.0137
vn -0.0501 -0.9985 -0.0238
vn 0.1218 -0.9917 -0.0422
vn 0.1923 -0.9806 -0.0379
vn 0.1657 -0.9855 -0.0356
vn -0.5719 -0.8199 -0.0275
vn -0.5334 -0.8453 -0.0307
vn -0.4619 -0.8862 -0.0356
vn -0.1807 -0.9823 -0.0495
vn -0.2371 -0.9705 -0.0443
vn -0.1661 -0.9852 -0.0419
vn -0.7480 -0.1157 -0.6536
vn -0.5582 -0.1047 -0.8231
vn -0.3316 -0.1140 -0.9365
vn -0.0640 -0.1147 -0.9913
vn 0.0677 -0.1187 -0.9906
vn 0.3391 -0.1981 -0.9196
vn 0.7369 -0.6441 -0.2053
vn 0.3753 -0.8499 0.3700
vn 0.0527 -0.8035 0.5930
vn -0.3437 -0.7539 0.5599
vn -0.7340 -0.6260 0.2634
vn -0.9262 -0.3332 -0.1764
vn -0.0194 -0.9440 -0.3295
vn 0.1686 -0.9824 0.0805
vn 0.5618 -0.6807 0.4702
vn 0.2851 -0.2082 0.9356
vn 0.0341 -0.1300 0.9909
vn -0.1217 -0.0705 0.9901
vn -0.3992 -0.0478 0.9156
vn -0.5367 -0.0712 0.8408
vn -0.7240 -0.1312 0.6773
vn -0.8966 -0.3323 0.2926
vn -0.8375 -0.5453 0.0346
vn -0.5965 -0.7564 -0.2684
vn -0.8321 -0.3773 0.4066
vn -0.6903 -0.6921 0.2106
vn -0.2124 -0.9666 -0.1436
vn 0.1839 -0.9721 -0.1459
vn 0.6760 -0.7066 0.2093
vn 0.8299 -0.3526 0.4324
vn 0.6357 -0.1646 0.7542
vn 0.3799 -0.1232 0.9168
vn 0.1966 -0.0724 0.9778
vn -0.0801 -0.0617 0.9949
vn -0.3008 -0.0949 0.9490
vn -0.6096 -0.1467 0.7790
vn 0.2041 -0.0809 -0.9756
vn 0.4174 -0.0995 -0.9033
vn 0.6682 -0.1372 -0.7313
vn 0.8647 -0.4350 -0.2511
vn 0.2755 -0.8786 0.3902
vn -0.3392 -0.7937 0.5049
vn -0.8158 -0.5730 0.0787
vn -0.9023 -0.3486 -0.2536
vn -0.6484 -0.1538 -0.7456
vn -0.3242 -0.1046 -0.9402
vn -0.0948 -0.0743 -0.9927
vn -0.0189 -0.0685 -0.9975
vn 0.1665 -0.1074 -0.9802
vn 0.5148 -0.1719 -0.8399
vn 0.8629 -0.4755 -0.1715
vn 0.5542 -0.7481 0.3650
vn 0.1512 -0.7696 0.6203
vn -0.2100 -0.7643 0.6097
vn -0.6205 -0.6971 0.3593
vn -0.8928 -0.4298 -0.1348
vn -0.6639 -0.1488 -0.7329
vn -0.4256 -0.0923 -0.9002
vn -0.2631 -0.0644 -0.9626
vn -0.8478 -0.3526 0.3961
vn -0.7222 -0.6644 0.1924
vn -0.2592 -0.9593 -0.1118
vn 0.1566 -0.9843 -0.0818
vn 0.6280 -0.7154 0.3062
vn 0.7745 -0.3671 0.5151
vn 0.4450 -0.1982 0.8733
vn 0.1330 -0.1243 0.9833
vn -0.0263 -0.0553 0.9981
vn -0.2535 -0.0453 0.9663
vn -0.4153 -0.0806 0.9061
vn -0.6379 -0.1438 0.7565
vn 0.8732 -0.3099 -0.3761
vn 0.7966 -0.5915 -0.1249
vn 0.3356 -0.8936 0.2980
vn -0.1054 -0.9433 0.3147
vn -0.6451 -0.7379 -0.1985
vn -0.7763 -0.4042 -0.4837
vn -0.4687 -0.1739 -0.8661
vn -0.1507 -0.1165 -0.9817
vn 0.0261 -0.0751 -0.9968
vn 0.3475 -0.0750 -0.9347
vn 0.5051 -0.0863 -0.8587
vn 0.6986 -0.1193 -0.7055
vn 0.1282 -0.9491 -0.2879
vn 0.5900 -0.8053 0.0572
vn 0.8380 -0.3955 0.3759
vn 0.6776 -0.1186 0.7258
vn 0.4852 -0.1033 0.8683
vn 0.3280 -0.0818 0.9411
vn 0.0442 -0.0700 0.9966
vn -0.1429 -0.1206 0.9824
vn -0.5095 -0.2017 0.8365
vn -0.8372 -0.4082 0.3639
vn -0.7122 -0.6957 0.0937
vn -0.2731 -0.9242 -0.2669
vn -0.1820 0.4799 -0.8582
vn -0.1786 0.2948 -0.9387
vn -0.2224 -0.0367 -0.9743
vn -0.9349 -0.1143 -0.3361
vn -0.9068 -0.1608 -0.3896
vn -0.7878 -0.2734 -0.5520
vn -0.1889 -0.8669 0.4612
vn -0.1614 -0.9350 0.3159
vn -0.1251 -0.9808 0.1496
vn 0.3925 -0.4180 -0.8193
vn 0.7648 -0.2956 -0.5724
vn 0.8446 -0.2419 -0.4777
vn -0.1203 -0.9491 -0.2911
vn -0.1690 -0.7827 -0.5990
vn -0.2314 -0.7535 -0.6154
vn -0.9239 -0.1183 0.3638
vn -0.9054 -0.1121 0.4096
vn -0.7801 -0.1903 0.5960
vn -0.1692 0.4744 0.8639
vn -0.0614 0.2125 0.9752
vn -0.0608 0.0030 0.9981
vn 0.7596 -0.2250 0.6102
vn 0.6510 -0.3014 0.6967
vn 0.2913 -0.4066 0.8659
vn -0.0159 -0.9279 -0.3725
vn -0.0077 -0.7728 -0.6346
vn -0.0051 -0.7843 -0.6204
vn -0.9104 -0.1369 0.3905
vn -0.8624 -0.1856 0.4711
vn -0.5929 -0.3586 0.7210
vn 0.0520 0.1005 0.9936
vn 0.0463 0.2410 0.9694
vn 0.0358 0.4519 0.8913
vn 0.8646 -0.1884 0.4659
vn 0.8039 -0.2584 0.5358
vn 0.5522 -0.3580 0.7529
vn -0.0363 -0.9812 0.1894
vn -0.0751 -0.9183 0.3887
vn -0.1302 -0.8722 0.4716
vn 0.9155 -0.1493 -0.3736
vn 0.8594 -0.2209 -0.4611
vn 0.5493 -0.4015 -0.7328
vn -0.5383 -0.4277 -0.7262
vn -0.8459 -0.2476 -0.4723
vn -0.9099 -0.1651 -0.3805
vn 0.0570 0.0898 -0.9943
vn 0.0484 0.2382 -0.9700
vn 0.0361 0.4518 -0.8914
vn -0.0247 -0.9867 0.1609
vn -0.0037 -0.9555 0.2950
vn -0.0123 -0.9359 0.3521
vn 0.9063 -0.1756 -0.3845
vn 0.8428 -0.2546 -0.4741
vn 0.4462 -0.4824 -0.7537
vn -0.4246 -0.3642 -0.8289
vn -0.8067 -0.2603 -0.5305
vn -0.8981 -0.1794 -0.4015
vn -0.1403 0.0829 -0.9866
vn -0.1407 0.2288 -0.9633
vn -0.1240 0.4417 -0.8886
vn -0.0295 -0.9213 -0.3877
vn -0.0307 -0.7438 -0.6677
vn -0.0240 -0.7914 -0.6108
vn -0.8851 -0.1580 0.4378
vn -0.7616 -0.2404 0.6018
vn -0.4137 -0.3540 0.8388
vn -0.1499 0.0932 0.9843
vn -0.1417 0.2315 0.9625
vn -0.1242 0.4417 0.8885
vn 0.8224 -0.2168 0.5259
vn 0.7505 -0.2932 0.5923
vn 0.3514 -0.4322 0.8305
vn 0.0963 -0.9555 0.2787
vn 0.0733 -0.8424 0.5338
vn 0.0598 -0.8043 0.5912
vn 0.8875 -0.1439 -0.4379
vn 0.8066 -0.2319 -0.5437
vn 0.6283 -0.3537 -0.6929
vn 0.1912 0.0780 -0.9784
vn 0.1999 0.2204 -0.9547
vn 0.2034 0.4242 -0.8824
vn -0.3353 -0.4267 -0.8400
vn -0.7701 -0.2610 -0.5821
vn -0.8587 -0.1841 -0.4783
vn 0.6104 -0.3046 0.7312
vn 0.7785 -0.2365 0.5814
vn 0.8711 -0.1470 0.4687
vn -0.0160 -0.7852 -0.6191
vn 0.0184 -0.7736 -0.6334
vn 0.0700 -0.9261 -0.3707
vn 0.2025 0.4240 0.8827
vn 0.1981 0.2276 0.9534
vn 0.1979 0.0950 0.9756
vn -0.8864 -0.2115 0.4117
vn -0.7992 -0.2787 0.5325
vn -0.3608 -0.4489 0.8175
vn -0.3677 -0.7254 -0.5818
vn -0.2907 -0.9113 -0.2917
vn -0.2115 -0.9702 -0.1182
vn -0.1957 -0.7515 -0.6300
vn -0.1555 -0.9369 -0.3132
vn -0.1176 -0.9850 -0.1260
vn -0.1890 -0.7655 -0.6150
vn -0.1756 -0.9314 -0.3187
vn -0.1647 -0.9782 -0.1266
vn 0.4427 0.3349 0.8318
vn 0.4359 0.1022 0.8942
vn 0.4459 -0.0970 0.8898
vn 0.5421 0.3105 0.7809
vn 0.5358 0.0872 0.8398
vn 0.5474 -0.1045 0.8303
vn 0.6975 0.2624 0.6668
vn 0.7039 0.0576 0.7080
vn 0.7166 -0.1326 0.6848
vn 0.9562 0.2046 0.2094
vn 0.9747 0.0070 0.2233
vn 0.9578 -0.1949 0.2114
vn 0.9768 0.2140 -0.0000
vn 1.0000 0.0037 0.0002
vn 0.9788 -0.2049 -0.0006
vn 0.9563 0.2037 -0.2099
vn 0.9742 0.0030 -0.2257
vn 0.9530 -0.2079 -0.2202
vn 0.4944 0.8070 0.3230
vn 0.5875 0.7528 0.2969
vn 0.7269 0.6391 0.2514
vn 0.5018 0.8650 -0.0000
vn 0.5936 0.8047 -0.0000
vn 0.7377 0.6751 -0.0000
vn 0.4944 0.8070 -0.3230
vn 0.5875 0.7528 -0.2969
vn 0.7269 0.6391 -0.2514
vn -0.1746 0.9136 0.3673
vn -0.2759 0.8939 0.3534
vn -0.2165 0.9091 0.3558
vn -0.1687 0.9857 -0.0000
vn -0.2710 0.9626 -0.0000
vn -0.2147 0.9767 -0.0000
vn -0.1746 0.9136 -0.3673
vn -0.2759 0.8939 -0.3534
vn -0.2165 0.9091 -0.3558
vn -0.6585 0.2598 -0.7063
vn -0.6161 -0.0048 -0.7876
vn -0.6404 -0.2707 -0.7187
vn -0.7750 0.2263 -0.5901
vn -0.7462 -0.0026 -0.6658
vn -0.7668 -0.2328 -0.5982
vn -0.8644 0.1891 -0.4660
vn -0.8496 -0.0011 -0.5274
vn -0.8599 -0.1934 -0.4724
vn -0.1415 0.9205 0.3642
vn -0.1554 0.9879 -0.0000
vn -0.1415 0.9205 -0.3642
vn -0.0325 0.9322 0.3605
vn -0.0307 0.9995 -0.0000
vn -0.0325 0.9322 -0.3605
vn -0.0347 0.9344 0.3544
vn -0.0214 0.9998 -0.0000
vn -0.0347 0.9344 -0.3544
vn -0.2139 -0.1232 0.9690
vn -0.1487 0.1061 0.9832
vn -0.1133 0.3794 0.9183
vn -0.1492 -0.1257 0.9808
vn -0.1053 0.1112 0.9882
vn -0.0693 0.3893 0.9185
vn -0.1928 -0.1289 0.9727
vn -0.1553 0.1106 0.9817
vn -0.1148 0.3939 0.9120
vn -0.1547 0.4257 -0.8915
vn -0.3003 0.1587 -0.9406
vn -0.3808 -0.1946 -0.9039
vn -0.1090 0.4238 -0.8992
vn -0.2440 0.1496 -0.9582
vn -0.2989 -0.1889 -0.9354
vn -0.1477 0.4181 -0.8963
vn -0.2678 0.1327 -0.9543
vn -0.3001 -0.1762 -0.9375
vn -0.2629 0.3415 -0.9024
vn -0.2606 -0.0000 -0.9654
vn -0.2629 -0.3415 -0.9024
vn -0.4433 0.3161 -0.8388
vn -0.4412 -0.0000 -0.8974
vn -0.4433 -0.3161 -0.8388
vn -0.7712 0.2237 -0.5959
vn -0.7696 -0.0000 -0.6386
vn -0.7713 -0.2237 -0.5959
vn -0.7564 -0.6130 -0.2284
vn -0.7706 -0.6374 -0.0000
vn -0.7564 -0.6130 0.2284
vn -0.8482 -0.4986 -0.1786
vn -0.8573 -0.5148 -0.0000
vn -0.8482 -0.4986 0.1786
vn -0.8977 -0.4169 -0.1425
vn -0.9017 -0.4324 -0.0000
vn -0.8977 -0.4169 0.1425
vn -0.7846 0.5806 0.2173
vn -0.7985 0.6020 -0.0000
vn -0.7846 0.5806 -0.2173
vn -0.8597 0.4808 0.1724
vn -0.8685 0.4957 -0.0000
vn -0.8597 0.4808 -0.1724
vn -0.9049 0.4027 0.1377
vn -0.9089 0.4170 -0.0000
vn -0.9049 0.4027 -0.1377
vn -0.6404 -0.2707 0.7187
vn -0.6161 -0.0048 0.7876
vn -0.6585 0.2598 0.7063
vn -0.7668 -0.2328 0.5982
vn -0.7462 -0.0026 0.6658
vn -0.7750 0.2263 0.5901
vn -0.8599 -0.1934 0.4724
vn -0.8496 -0.0011 0.5274
vn -0.8644 0.1891 0.4660
vn -0.3325 0.8705 0.3629
vn -0.3947 0.8503 0.3482
vn -0.3202 0.8816 0.3468
vn -0.3405 0.9402 -0.0000
vn -0.3943 0.9190 -0.0000
vn -0.3083 0.9513 -0.0000
vn -0.3325 0.8705 -0.3629
vn -0.3947 0.8503 -0.3482
vn -0.3202 0.8816 -0.3468
vn -0.3248 -0.3075 0.8944
vn -0.3184 0.0073 0.9479
vn -0.3451 0.3201 0.8823
vn -0.3646 -0.3096 0.8782
vn -0.3606 0.0013 0.9327
vn -0.4012 0.3081 0.8626
vn -0.4236 -0.3082 0.8518
vn -0.4155 -0.0031 0.9096
vn -0.4635 0.2978 0.8346
vn -0.4191 0.8435 0.3359
vn -0.4279 0.9038 -0.0000
vn -0.4191 0.8435 -0.3359
vn -0.5134 0.7972 0.3176
vn -0.5274 0.8496 -0.0000
vn -0.5134 0.7972 -0.3176
vn -0.5975 0.7461 0.2939
vn -0.6139 0.7893 -0.0000
vn -0.5975 0.7461 -0.2939
vn -0.3774 -0.8619 -0.3388
vn -0.3801 -0.9249 -0.0000
vn -0.3774 -0.8619 0.3388
vn -0.4326 -0.8395 -0.3287
vn -0.4396 -0.8982 -0.0000
vn -0.4326 -0.8395 0.3287
vn -0.5140 -0.7998 -0.3101
vn -0.5256 -0.8507 -0.0000
vn -0.5140 -0.7998 0.3101
vn -0.3451 0.3201 -0.8823
vn -0.3184 0.0073 -0.9479
vn -0.3248 -0.3075 -0.8944
vn -0.4012 0.3081 -0.8626
vn -0.3606 0.0013 -0.9327
vn -0.3646 -0.3096 -0.8782
vn -0.4635 0.2978 -0.8346
vn -0.4155 -0.0031 -0.9096
vn -0.4236 -0.3082 -0.8518
vn -0.9383 0.3297 -0.1042
vn -0.9320 0.3625 -0.0000
vn -0.9383 0.3297 0.1042
vn -0.9325 0.3445 -0.1081
vn -0.9271 0.3748 -0.0000
vn -0.9325 0.3445 0.1081
vn -0.9288 0.3532 -0.1121
vn -0.9256 0.3784 -0.0000
vn -0.9288 0.3532 0.1121
vn -0.9534 -0.1252 -0.2745
vn -0.9598 -0.0007 -0.2805
vn -0.9592 0.1159 -0.2578
vn -0.9458 -0.1357 -0.2952
vn -0.9512 -0.0006 -0.3086
vn -0.9508 0.1281 -0.2820
vn -0.9333 -0.1479 -0.3271
vn -0.9366 -0.0006 -0.3505
vn -0.9378 0.1420 -0.3168
vn -0.9082 -0.3992 0.1260
vn -0.8938 -0.4484 -0.0000
vn -0.9082 -0.3992 -0.1260
vn -0.9112 -0.3930 0.1234
vn -0.9012 -0.4333 -0.0000
vn -0.9112 -0.3930 -0.1234
vn -0.9145 -0.3857 0.1226
vn -0.9092 -0.4164 -0.0000
vn -0.9145 -0.3857 -0.1226
vn -0.9592 0.1159 0.2578
vn -0.9598 -0.0007 0.2805
vn -0.9534 -0.1252 0.2745
vn -0.9508 0.1281 0.2820
vn -0.9512 -0.0006 0.3086
vn -0.9458 -0.1357 0.2952
vn -0.9378 0.1420 0.3168
vn -0.9366 -0.0006 0.3505
vn -0.9333 -0.1479 0.3271
vn -0.9980 0.0220 0.0585
vn -0.9982 -0.0000 0.0606
vn -0.9980 -0.0220 0.0584
vn -0.9215 0.1354 0.3639
vn -0.9211 -0.0000 0.3894
vn -0.9215 -0.1354 0.3639
vn -0.4103 0.3211 0.8535
vn -0.4094 -0.0000 0.9124
vn -0.4103 -0.3211 0.8535
vn -0.2629 -0.9024 -0.3415
vn -0.2606 -0.9654 -0.0000
vn -0.2629 -0.9024 0.3415
vn -0.4433 -0.8388 -0.3161
vn -0.4412 -0.8974 -0.0000
vn -0.4433 -0.8388 0.3161
vn -0.7713 -0.5959 -0.2237
vn -0.7696 -0.6386 -0.0000
vn -0.7713 -0.5959 0.2237
vn -0.2629 0.9024 0.3415
vn -0.2606 0.9654 -0.0000
vn -0.2629 0.9024 -0.3415
vn -0.4433 0.8388 0.3161
vn -0.4412 0.8974 -0.0000
vn -0.4433 0.8388 -0.3161
vn -0.7712 0.5959 0.2237
vn -0.7695 0.6386 -0.0000
vn -0.7712 0.5959 -0.2237
vn -0.2629 -0.3415 0.9024
vn -0.2606 -0.0000 0.9654
vn -0.2629 0.3415 0.9024
vn -0.4433 -0.3161 0.8388
vn -0.4412 -0.0000 0.8974
vn -0.4433 0.3161 0.8388
vn -0.7713 -0.2237 0.5959
vn -0.7696 -0.0000 0.6386
vn -0.7712 0.2237 0.5959
vn -0.5087 -0.3172 0.8004
vn -0.5581 -0.0029 0.8298
vn -0.5851 0.2900 0.7574
vn -0.3368 -0.3469 0.8753
vn -0.3641 -0.0061 0.9313
vn -0.3817 0.3263 0.8648
vn -0.2525 -0.3520 0.9013
vn -0.2605 -0.0056 0.9655
vn -0.2684 0.3387 0.9018
vn -0.5686 0.7708 0.2873
vn -0.5557 0.8314 -0.0000
vn -0.5686 0.7708 -0.2873
vn -0.3719 0.8690 0.3263
vn -0.3631 0.9317 -0.0000
vn -0.3719 0.8690 -0.3263
vn -0.2648 0.9022 0.3405
vn -0.2601 0.9656 -0.0000
vn -0.2648 0.9022 -0.3405
vn -0.3315 -0.8893 -0.3152
vn -0.2985 -0.9544 -0.0000
vn -0.3315 -0.8892 0.3152
vn -0.2468 -0.9115 -0.3290
vn -0.2298 -0.9732 -0.0000
vn -0.2468 -0.9115 0.3290
vn -0.2217 -0.9145 -0.3384
vn -0.2143 -0.9768 -0.0000
vn -0.2217 -0.9145 0.3384
vn -0.5851 0.2900 -0.7574
vn -0.5581 -0.0029 -0.8298
vn -0.5087 -0.3172 -0.8004
vn -0.3817 0.3263 -0.8648
vn -0.3641 -0.0061 -0.9313
vn -0.3368 -0.3469 -0.8753
vn -0.2684 0.3387 -0.9018
vn -0.2605 -0.0056 -0.9655
vn -0.2525 -0.3520 -0.9013
vn 0.6955 0.2551 -0.6717
vn 0.6935 0.0293 -0.7199
vn 0.6831 -0.1982 -0.7029
vn 0.5416 0.3022 -0.7845
vn 0.5318 0.0541 -0.8451
vn 0.5333 -0.1816 -0.8262
vn 0.4442 0.3281 -0.8337
vn 0.4403 0.0733 -0.8948
vn 0.4555 -0.1661 -0.8746
vn 0.7167 -0.6908 0.0957
vn 0.5263 -0.8499 0.0274
vn 0.3419 -0.9394 -0.0243
vn 0.7254 -0.6883 -0.0044
vn 0.5412 -0.8409 -0.0027
vn 0.3800 -0.9248 -0.0182
vn 0.7229 -0.6785 -0.1307
vn 0.5727 -0.8171 -0.0656
vn 0.4183 -0.9078 -0.0302
vn 0.4129 0.8460 0.3373
vn 0.4650 0.8188 0.3365
vn 0.4592 0.8205 0.3405
vn 0.4017 0.9158 -0.0000
vn 0.4592 0.8883 -0.0000
vn 0.4638 0.8860 -0.0000
vn 0.4129 0.8460 -0.3373
vn 0.4650 0.8188 -0.3365
vn 0.4592 0.8205 -0.3405
vn -0.3412 0.3792 -0.8601
vn -0.3913 0.1100 -0.9136
vn -0.4161 -0.1147 -0.9020
vn -0.4062 0.3612 -0.8394
vn -0.4526 0.0819 -0.8879
vn -0.5083 -0.1638 -0.8455
vn -0.4551 0.3489 -0.8192
vn -0.5020 0.0975 -0.8593
vn -0.5851 -0.1086 -0.8036
vn -0.4763 -0.6701 -0.5692
vn -0.4684 -0.8324 -0.2960
vn -0.4580 -0.8815 -0.1153
vn -0.6022 -0.6097 -0.5154
vn -0.5791 -0.7689 -0.2712
vn -0.5430 -0.8325 -0.1099
vn -0.7142 -0.5469 -0.4368
vn -0.6740 -0.7011 -0.2327
vn -0.6101 -0.7857 -0.1021
vn -0.2448 0.9104 0.3335
vn -0.2294 0.9733 -0.0000
vn -0.2448 0.9104 -0.3335
vn -0.3308 0.8852 0.3270
vn -0.3168 0.9485 -0.0000
vn -0.3308 0.8852 -0.3270
vn -0.3954 0.8609 0.3202
vn -0.3836 0.9235 -0.0000
vn -0.3954 0.8609 -0.3202
vn -0.4297 -0.1169 0.8954
vn -0.3774 0.1027 0.9203
vn -0.3330 0.3748 0.8652
vn -0.5209 -0.1148 0.8458
vn -0.4532 0.0964 0.8862
vn -0.4063 0.3604 0.8397
vn -0.6001 -0.1193 0.7910
vn -0.5120 0.0875 0.8545
vn -0.4583 0.3476 0.8180
vn -0.5315 0.3226 -0.7833
vn -0.5993 0.0604 -0.7982
vn -0.7206 -0.1526 -0.6764
vn -0.5139 0.3153 -0.7978
vn -0.5647 0.0375 -0.8244
vn -0.6638 -0.2076 -0.7185
vn -0.4294 0.3173 -0.8456
vn -0.4564 0.0133 -0.8897
vn -0.5013 -0.2817 -0.8181
vn -0.7472 -0.6645 -0.0138
vn -0.8532 -0.4520 -0.2604
vn -0.8209 -0.5602 -0.1110
vn -0.7468 -0.6649 -0.0163
vn -0.8243 -0.5587 0.0910
vn -0.8563 -0.4513 0.2513
vn -0.7761 -0.5755 0.2578
vn -0.5221 -0.8028 0.2879
vn -0.5075 -0.8614 -0.0219
vn -0.5164 -0.7948 -0.3187
vn -0.7729 -0.5731 -0.2723
vn -0.4989 0.8106 0.3065
vn -0.4926 0.8703 -0.0000
vn -0.4989 0.8106 -0.3065
vn -0.4902 0.8141 0.3115
vn -0.4834 0.8754 -0.0000
vn -0.4902 0.8141 -0.3115
vn -0.3824 0.8608 0.3358
vn -0.3682 0.9298 -0.0000
vn -0.3824 0.8608 -0.3358
vn -0.7192 -0.1569 0.6769
vn -0.5973 0.0555 0.8001
vn -0.5308 0.3203 0.7847
vn -0.6595 -0.2111 0.7215
vn -0.5607 0.0335 0.8274
vn -0.5126 0.3132 0.7994
vn -0.4967 -0.2816 0.8210
vn -0.4518 0.0109 0.8921
vn -0.4278 0.3155 0.8470
vn -0.2150 0.3423 -0.9146
vn -0.2647 0.0048 -0.9643
vn -0.2899 -0.3263 -0.8997
vn -0.1881 0.3553 -0.9156
vn -0.2322 0.0154 -0.9726
vn -0.2516 -0.3034 -0.9191
vn -0.2196 0.3542 -0.9090
vn -0.2434 0.0119 -0.9698
vn -0.2432 -0.3503 -0.9045
vn -0.2866 -0.8867 -0.3627
vn -0.2879 -0.9574 -0.0218
vn -0.3019 -0.8917 0.3374
vn -0.2777 -0.8880 -0.3666
vn -0.2837 -0.9587 -0.0213
vn -0.2969 -0.8915 0.3421
vn -0.2332 -0.8937 -0.3833
vn -0.2839 -0.9586 -0.0208
vn -0.3122 -0.8853 0.3445
vn -0.0664 0.9291 0.3638
vn -0.0391 0.9992 -0.0000
vn -0.0664 0.9291 -0.3638
vn -0.0621 0.9322 0.3567
vn -0.0419 0.9991 -0.0000
vn -0.0621 0.9322 -0.3567
vn -0.1527 0.9245 0.3492
vn -0.1417 0.9899 -0.0000
vn -0.1527 0.9245 -0.3492
vn -0.2952 -0.3166 0.9014
vn -0.2640 0.0067 0.9645
vn -0.2143 0.3416 0.9151
vn -0.2733 -0.3102 0.9105
vn -0.2371 0.0159 0.9714
vn -0.1874 0.3547 0.9160
vn -0.2763 -0.3055 0.9112
vn -0.2471 0.0191 0.9688
vn -0.2192 0.3539 0.9092
vn -0.4196 0.8453 0.3308
vn -0.4159 0.9094 -0.0000
vn -0.4196 0.8453 -0.3308
vn -0.4984 0.8054 0.3208
vn -0.5033 0.8641 -0.0000
vn -0.4984 0.8054 -0.3208
vn -0.4521 0.8269 0.3343
vn -0.4736 0.8807 -0.0000
vn -0.4521 0.8269 -0.3343
vn -0.9693 -0.2300 0.0873
vn -0.9682 -0.2500 -0.0000
vn -0.9693 -0.2300 -0.0873
vn -0.9942 -0.1005 0.0383
vn -0.9940 -0.1098 -0.0000
vn -0.9942 -0.1005 -0.0383
vn -0.9995 0.0304 -0.0111
vn -0.9995 0.0316 -0.0000
vn -0.9995 0.0304 0.0111
vn -0.9693 0.0873 0.2300
vn -0.9682 -0.0000 0.2500
vn -0.9693 -0.0873 0.2300
vn -0.9942 0.0383 0.1005
vn -0.9940 -0.0000 0.1098
vn -0.9942 -0.0383 0.1005
vn -0.9995 -0.0111 -0.0304
vn -0.9995 -0.0000 -0.0316
vn -0.9995 0.0111 -0.0304
vn -0.9693 0.2300 -0.0873
vn -0.9682 0.2500 -0.0000
vn -0.9693 0.2300 0.0873
vn -0.9942 0.1005 -0.0383
vn -0.9940 0.1098 -0.0000
vn -0.9942 0.1005 0.0383
vn -0.9995 -0.0304 0.0111
vn -0.9995 -0.0316 -0.0000
vn -0.9995 -0.0304 -0.0111
vn -0.9693 -0.0873 -0.2300
vn -0.9682 -0.0000 -0.2500
vn -0.9693 0.0873 -0.2300
vn -0.9942 -0.0383 -0.1005
vn -0.9940 -0.0000 -0.1098
vn -0.9942 0.0383 -0.1005
vn -0.9995 0.0111 0.0304
vn -0.9995 -0.0000 0.0316
vn -0.9995 -0.0111 0.0304
vn -1.0000 -0.0000 -0.0000
vn -0.9980 -0.0220 -0.0584
vn -0.9982 -0.0000 -0.0606
vn -0.9980 0.0220 -0.0585
vn -0.9215 -0.1354 -0.3639
vn -0.9211 -0.0000 -0.3894
vn -0.9215 0.1354 -0.3639
vn -0.4103 -0.3211 -0.8535
vn -0.4094 -0.0000 -0.9124
vn -0.4103 0.3211 -0.8535
vn -0.0810 -0.9318 -0.3537
vn -0.0801 -0.9968 -0.0000
vn -0.0810 -0.9318 0.3537
vn -0.1162 -0.9286 -0.3523
vn -0.1149 -0.9934 -0.0000
vn -0.1162 -0.9286 0.3523
vn -0.1416 -0.9256 -0.3509
vn -0.1400 -0.9902 -0.0000
vn -0.1416 -0.9256 0.3509
vn -0.0810 -0.3537 0.9318
vn -0.0801 -0.0000 0.9968
vn -0.0810 0.3537 0.9318
vn -0.1162 -0.3523 0.9287
vn -0.1149 -0.0000 0.9934
vn -0.1162 0.3523 0.9286
vn -0.1417 -0.3509 0.9256
vn -0.1400 -0.0000 0.9902
vn -0.1417 0.3509 0.9256
vn -0.0031 0.9264 0.3766
vn 0.0326 0.9191 0.3927
vn -0.0705 0.9180 0.3903
vn -0.0060 1.0000 -0.0000
vn 0.0407 0.9992 -0.0000
vn -0.0529 0.9986 -0.0000
vn -0.0031 0.9264 -0.3766
vn 0.0326 0.9191 -0.3927
vn -0.0705 0.9180 -0.3903
vn 0.1244 0.9168 0.3795
vn 0.2059 0.9023 0.3788
vn 0.1207 0.9188 0.3760
vn 0.1377 0.9905 -0.0000
vn 0.2320 0.9727 -0.0000
vn 0.1574 0.9875 -0.0000
vn 0.1244 0.9168 -0.3795
vn 0.2059 0.9023 -0.3788
vn 0.1207 0.9188 -0.3759
vn 0.0566 0.9249 0.3760
vn -0.0091 0.9233 0.3839
vn 0.0487 0.9262 0.3740
vn 0.0428 0.9991 -0.0000
vn -0.0064 1.0000 -0.0000
vn 0.0599 0.9982 -0.0000
vn 0.0566 0.9249 -0.3760
vn -0.0091 0.9233 -0.3839
vn 0.0487 0.9262 -0.3740
vn 0.2026 0.9160 0.3462
vn 0.2783 0.8924 0.3552
vn 0.2321 0.9014 0.3655
vn 0.1763 0.9843 -0.0000
vn 0.2566 0.9665 -0.0000
vn 0.2218 0.9751 -0.0000
vn 0.2026 0.9160 -0.3462
vn 0.2783 0.8924 -0.3552
vn 0.2321 0.9014 -0.3655
vn -0.2943 -0.3382 0.8939
vn -0.2913 -0.0000 0.9566
vn -0.2943 0.3382 0.8939
vn -0.3199 -0.3352 0.8862
vn -0.3165 -0.0000 0.9486
vn -0.3199 0.3352 0.8862
vn -0.3009 -0.3375 0.8919
vn -0.2973 -0.0000 0.9548
vn -0.3009 0.3375 0.8919
vn -0.2943 0.8939 0.3382
vn -0.2913 0.9566 -0.0000
vn -0.2943 0.8939 -0.3382
vn -0.3199 0.8862 0.3352
vn -0.3165 0.9486 -0.0000
vn -0.3199 0.8862 -0.3352
vn -0.3009 0.8919 0.3375
vn -0.2973 0.9548 -0.0000
vn -0.3009 0.8919 -0.3375
vn -0.2943 -0.8939 -0.3382
vn -0.2913 -0.9566 -0.0000
vn -0.2943 -0.8939 0.3382
vn -0.3199 -0.8862 -0.3352
vn -0.3165 -0.9486 -0.0000
vn -0.3199 -0.8862 0.3352
vn -0.3009 -0.8919 -0.3375
vn -0.2973 -0.9548 -0.0000
vn -0.3009 -0.8919 0.3375
vn -0.2943 0.3382 -0.8939
vn -0.2913 -0.0000 -0.9566
vn -0.2943 -0.3382 -0.8939
vn -0.3199 0.3352 -0.8862
vn -0.3165 -0.0000 -0.9486
vn -0.3199 -0.3352 -0.8862
vn -0.3009 0.3375 -0.8919
vn -0.2973 -0.0000 -0.9548
vn -0.3009 -0.3375 -0.8919
vn -0.9209 0.1442 0.3621
vn -0.9110 0.0002 0.4124
vn -0.8850 -0.1732 0.4322
vn -0.9584 0.1078 0.2644
vn -0.9547 -0.0004 0.2976
vn -0.9418 -0.1287 0.3104
vn -0.9665 0.0997 0.2366
vn -0.9651 -0.0007 0.2618
vn -0.9566 -0.1152 0.2677
vn -0.7069 -0.6663 0.2374
vn -0.7069 -0.6663 -0.2374
vn -0.8423 -0.5095 0.1761
vn -0.8028 -0.5963 -0.0000
vn -0.8423 -0.5095 -0.1761
vn -0.8910 -0.4308 0.1432
vn -0.8666 -0.4991 -0.0000
vn -0.8910 -0.4308 -0.1432
vn -0.8850 -0.1732 -0.4322
vn -0.9110 0.0002 -0.4124
vn -0.9209 0.1442 -0.3621
vn -0.9418 -0.1287 -0.3104
vn -0.9547 -0.0004 -0.2976
vn -0.9584 0.1078 -0.2644
vn -0.9566 -0.1152 -0.2677
vn -0.9651 -0.0007 -0.2618
vn -0.9665 0.0997 -0.2366
vn -0.9083 0.3937 -0.1416
vn -0.9016 0.4326 -0.0000
vn -0.9083 0.3937 0.1416
vn -0.9466 0.3044 -0.1060
vn -0.9419 0.3358 -0.0000
vn -0.9466 0.3044 0.1060
vn -0.9525 0.2887 -0.0968
vn -0.9478 0.3190 -0.0000
vn -0.9525 0.2887 0.0968
vn -0.6931 -0.6739 -0.2558
vn -0.6869 -0.7268 -0.0000
vn -0.6931 -0.6739 0.2558
vn -0.4104 -0.8527 -0.3233
vn -0.4047 -0.9145 -0.0000
vn -0.4104 -0.8527 0.3233
vn -0.1860 -0.9190 -0.3476
vn -0.1833 -0.9831 -0.0000
vn -0.1860 -0.9190 0.3476
vn -0.6931 0.6739 0.2558
vn -0.6869 0.7268 -0.0000
vn -0.6931 0.6739 -0.2558
vn -0.4104 0.8527 0.3233
vn -0.4047 0.9145 -0.0000
vn -0.4104 0.8527 -0.3233
vn -0.1860 0.9190 0.3476
vn -0.1833 0.9831 -0.0000
vn -0.1860 0.9190 -0.3476
vn -0.6931 -0.2558 0.6739
vn -0.6869 -0.0000 0.7268
vn -0.6931 0.2558 0.6739
vn -0.4104 -0.3233 0.8527
vn -0.4047 -0.0000 0.9145
vn -0.4104 0.3233 0.8527
vn -0.1860 -0.3476 0.9190
vn -0.1833 -0.0000 0.9831
vn -0.1860 0.3476 0.9190
vn -0.6931 0.2558 -0.6739
vn -0.6869 -0.0000 -0.7268
vn -0.6931 -0.2558 -0.6739
vn -0.4104 0.3233 -0.8527
vn -0.4047 -0.0000 -0.9145
vn -0.4104 -0.3233 -0.8527
vn -0.1860 0.3476 -0.9190
vn -0.1833 -0.0000 -0.9831
vn -0.1860 -0.3476 -0.9190
vn -0.1492 0.3504 -0.9246
vn -0.1475 -0.0000 -0.9891
vn -0.1492 -0.3504 -0.9246
vn -0.1492 -0.3504 0.9246
vn -0.1475 -0.0000 0.9891
vn -0.1492 0.3504 0.9246
vn -0.1492 0.9246 0.3504
vn -0.1475 0.9891 -0.0000
vn -0.1492 0.9246 -0.3504
vn -0.1492 -0.9246 -0.3504
vn -0.1475 -0.9891 -0.0000
vn -0.1492 -0.9246 0.3504
vn -0.0810 0.3537 -0.9318
vn -0.0801 -0.0000 -0.9968
vn -0.0810 -0.3537 -0.9318
vn -0.1162 0.3523 -0.9286
vn -0.1149 -0.0000 -0.9934
vn -0.1162 -0.3523 -0.9287
vn -0.1417 0.3509 -0.9256
vn -0.1400 -0.0000 -0.9902
vn -0.1417 -0.3509 -0.9256
vn -0.0810 0.9318 0.3537
vn -0.0801 0.9968 -0.0000
vn -0.0810 0.9318 -0.3537
vn -0.1162 0.9287 0.3523
vn -0.1149 0.9934 -0.0000
vn -0.1162 0.9287 -0.3523
vn -0.1417 0.9256 0.3509
vn -0.1400 0.9902 -0.0000
vn -0.1417 0.9256 -0.3509
vn -0.9980 0.0585 -0.0220
vn -0.9982 0.0606 -0.0000
vn -0.9980 0.0585 0.0220
vn -0.9215 0.3639 -0.1355
vn -0.9211 0.3894 -0.0000
vn -0.9215 0.3639 0.1354
vn -0.4103 0.8536 -0.3211
vn -0.4094 0.9124 -0.0000
vn -0.4103 0.8536 0.3211
vn -0.9980 -0.0585 0.0220
vn -0.9982 -0.0606 -0.0000
vn -0.9980 -0.0585 -0.0220
vn -0.9215 -0.3639 0.1354
vn -0.9211 -0.3894 -0.0000
vn -0.9215 -0.3639 -0.1354
vn -0.4103 -0.8535 0.3211
vn -0.4094 -0.9124 -0.0000
vn -0.4103 -0.8535 -0.3211
vn -0.1761 -0.9834 0.0444
vn -0.1182 -0.9922 0.0402
vn -0.2022 -0.9787 0.0349
vn -0.2353 -0.9418 0.2400
vn -0.2007 -0.9549 0.2188
vn -0.3341 -0.9235 0.1884
vn -0.3134 -0.7244 0.6141
vn -0.3126 -0.7472 0.5865
vn -0.4699 -0.7144 0.5185
vn 0.5479 -0.7085 -0.4448
vn 0.4335 -0.8519 -0.2939
vn 0.3528 -0.9179 -0.1814
vn 0.4678 -0.7203 -0.5122
vn 0.3761 -0.8773 -0.2980
vn 0.3061 -0.9424 -0.1347
vn 0.4479 -0.7173 -0.5338
vn 0.3712 -0.8892 -0.2676
vn 0.2945 -0.9516 -0.0878
vn 0.4962 -0.7955 0.3477
vn 0.3782 -0.9247 0.0443
vn 0.5228 -0.8366 0.1635
vn 0.6727 -0.6332 0.3827
vn 0.5432 -0.6102 0.5767
vn 0.4487 -0.6313 0.6325
vn 0.4097 -0.8661 0.2864
vn -0.6243 -0.7795 0.0511
vn -0.5640 -0.8242 0.0516
vn -0.4818 -0.8749 0.0489
vn -0.7009 -0.6858 0.1958
vn -0.6206 -0.7506 0.2269
vn -0.5199 -0.8174 0.2480
vn -0.7436 -0.5261 0.4126
vn -0.6500 -0.5814 0.4894
vn -0.5373 -0.6389 0.5506
vn -0.2322 -0.1144 -0.9659
vn -0.0327 -0.2095 -0.9773
vn 0.2387 -0.5156 -0.8229
vn -0.4270 -0.1835 -0.8854
vn -0.1321 -0.5666 -0.8133
vn 0.0330 -0.9765 -0.2131
vn -0.7453 -0.3399 -0.5736
vn -0.5064 -0.8461 -0.1664
vn -0.0735 -0.9141 0.3988
vn 0.0710 -0.4364 0.8970
vn -0.0527 -0.2193 0.9742
vn -0.2451 -0.1209 0.9619
vn -0.0126 -0.8132 0.5818
vn -0.3087 -0.3862 0.8692
vn -0.4121 -0.2026 0.8884
vn -0.2327 -0.9641 0.1281
vn -0.6248 -0.5909 0.5104
vn -0.6881 -0.3078 0.6570
vn -0.0022 -0.9364 0.3508
vn 0.2003 -0.6318 0.7488
vn 0.4999 -0.2966 0.8137
vn -0.1860 -0.6344 0.7503
vn 0.0127 -0.3635 0.9315
vn 0.2017 -0.1955 0.9597
vn -0.4500 -0.3346 0.8280
vn -0.1228 -0.1976 0.9726
vn 0.0298 -0.1217 0.9921
vn 0.4902 -0.3473 -0.7994
vn 0.0514 -0.8396 -0.5408
vn -0.0860 -0.9888 0.1222
vn 0.1777 -0.1868 -0.9662
vn -0.0295 -0.4031 -0.9147
vn -0.5148 -0.6970 -0.4992
vn 0.0295 -0.1142 -0.9930
vn -0.1564 -0.1922 -0.9688
vn -0.6111 -0.3291 -0.7199
vn 0.4787 -0.4639 -0.7454
vn 0.1365 -0.9819 -0.1310
vn -0.0148 -0.8963 0.4432
vn 0.0578 -0.2055 -0.9770
vn -0.0309 -0.6223 -0.7822
vn -0.2880 -0.9538 -0.0859
vn -0.1140 -0.1088 -0.9875
vn -0.2895 -0.2023 -0.9356
vn -0.6739 -0.4277 -0.6024
vn -0.0149 -0.9218 0.3875
vn 0.1271 -0.6163 0.7772
vn 0.3366 -0.3132 0.8881
vn -0.2710 -0.6164 0.7394
vn -0.0495 -0.3513 0.9350
vn 0.0496 -0.2019 0.9781
vn -0.5341 -0.3138 0.7850
vn -0.2648 -0.1932 0.9448
vn -0.1240 -0.1144 0.9857
vn 0.0204 -0.9552 -0.2953
vn -0.1041 -0.5958 -0.7963
vn -0.3157 -0.3129 -0.8958
vn 0.3303 -0.5741 -0.7492
vn 0.0692 -0.3247 -0.9433
vn -0.0327 -0.1839 -0.9824
vn 0.5977 -0.2605 -0.7582
vn 0.3262 -0.1663 -0.9306
vn 0.1469 -0.1139 -0.9826
vn 0.5512 -0.3235 0.7692
vn 0.2991 -0.1820 0.9367
vn 0.1497 -0.1239 0.9809
vn 0.1856 -0.7472 0.6382
vn 0.0340 -0.4036 0.9143
vn -0.0504 -0.2088 0.9767
vn -0.0173 -0.9861 0.1651
vn -0.2004 -0.7251 0.6588
vn -0.3978 -0.3674 0.8407
vn -0.5671 0.0238 -0.8233
vn -0.4331 0.4404 -0.7864
vn -0.4096 0.2055 -0.8888
vn -0.3434 -0.0547 -0.9376
vn -0.5931 -0.1019 -0.7986
vn -0.7954 -0.0978 -0.5981
vn -0.7776 -0.1239 -0.6164
vn -0.6844 -0.1520 -0.7131
vn -0.5106 0.1914 -0.8382
vn -0.3785 0.4075 -0.8311
vn -0.4837 0.4047 -0.7761
vn -0.7633 -0.6405 0.0850
vn -0.9624 -0.2716 -0.0098
vn -0.8061 -0.5125 0.2959
vn -0.5272 -0.7290 0.4367
vn -0.5029 -0.8316 0.2355
vn -0.3237 -0.9406 0.1026
vn -0.4721 -0.8813 0.0229
vn -0.4592 -0.8873 -0.0421
vn -0.6737 -0.7311 -0.1081
vn -0.8516 -0.4543 -0.2615
vn -0.9470 -0.3110 -0.0811
vn 0.0840 -0.0880 -0.9926
vn -0.1007 0.3978 -0.9119
vn -0.0141 0.1165 -0.9931
vn 0.1168 -0.2271 -0.9668
vn 0.3508 -0.2007 -0.9147
vn 0.4654 -0.1381 -0.8743
vn 0.1765 -0.1330 -0.9753
vn -0.0918 -0.0925 -0.9915
vn 0.0030 0.1898 -0.9818
vn 0.0024 0.4485 -0.8938
vn 0.0358 0.3940 -0.9184
vn 0.4218 -0.8673 0.2645
vn 0.0318 -0.9953 0.0920
vn 0.1265 -0.9809 0.1476
vn 0.0278 -0.9824 0.1846
vn 0.0838 -0.9377 0.3371
vn 0.1466 -0.8107 0.5668
vn 0.5246 -0.7184 0.4568
vn 0.8507 -0.5188 0.0848
vn 0.8156 -0.5783 0.0170
vn 0.5657 -0.7911 -0.2326
vn 0.2018 -0.9770 0.0687
vn -0.7579 -0.6130 -0.2233
vn -0.4327 -0.9009 -0.0339
vn -0.4540 -0.8816 -0.1291
vn -0.2940 -0.9327 -0.2088
vn -0.4503 -0.7600 -0.4686
vn -0.5809 -0.6625 -0.4729
vn -0.8468 -0.4905 -0.2058
vn -0.9558 -0.2821 0.0829
vn -0.9502 -0.2998 0.0856
vn -0.8923 -0.4007 0.2079
vn -0.7328 -0.6797 -0.0317
vn 0.0426 0.0332 0.9985
vn 0.0942 0.4127 0.9060
vn 0.1741 0.1901 0.9662
vn 0.0800 -0.0048 0.9968
vn 0.1110 -0.0576 0.9921
vn 0.3792 -0.1546 0.9123
vn 0.3138 -0.1497 0.9376
vn -0.0253 -0.1094 0.9937
vn -0.1291 0.1262 0.9836
vn -0.1405 0.3518 0.9255
vn -0.0086 0.3201 0.9473
vn 0.4547 -0.7711 -0.4458
vn 0.6159 -0.6929 0.3748
vn 0.8460 -0.5108 0.1532
vn 0.8712 -0.4612 0.1683
vn 0.5071 -0.7946 -0.3339
vn 0.0677 -0.8112 -0.5808
vn 0.0592 -0.7764 -0.6274
vn 0.0189 -0.9327 -0.3602
vn 0.1157 -0.9310 -0.3461
vn 0.0565 -0.9658 -0.2532
vn 0.3536 -0.8886 -0.2922
vn -0.5491 0.0770 0.8322
vn -0.7878 -0.0212 0.6156
vn -0.6056 0.0217 0.7954
vn -0.5788 0.0375 0.8146
vn -0.6218 0.1982 0.7577
vn -0.5113 0.3999 0.7607
vn -0.4676 0.3253 0.8219
vn -0.3568 0.3323 0.8731
vn -0.4146 0.1162 0.9025
vn -0.5759 -0.0618 0.8151
vn -0.7360 -0.0151 0.6768
vn -0.7457 -0.6111 -0.2654
vn -0.4210 -0.7453 -0.5170
vn -0.8305 -0.5211 -0.1966
vn -0.9567 -0.2705 0.1071
vn -0.9440 -0.3058 0.1235
vn -0.6354 -0.6332 0.4420
vn -0.4594 -0.8847 0.0784
vn -0.1922 -0.9707 -0.1445
vn -0.3773 -0.9001 -0.2177
vn -0.2334 -0.9159 -0.3265
vn -0.3556 -0.7397 -0.5714
vn -0.3959 0.0630 0.9161
vn -0.2172 0.3677 0.9042
vn -0.2756 0.1284 0.9527
vn -0.4272 -0.1157 0.8967
vn -0.6449 -0.0778 0.7603
vn -0.6931 -0.0700 0.7175
vn -0.4141 -0.0160 0.9101
vn -0.1848 0.0360 0.9821
vn -0.2060 0.1766 0.9625
vn -0.2063 0.3904 0.8972
vn -0.3041 0.3362 0.8913
vn 0.4715 0.0596 0.8799
vn 0.3123 0.3780 0.8716
vn 0.3318 0.1677 0.9283
vn 0.3165 0.0337 0.9480
vn 0.5128 -0.0336 0.8578
vn 0.6901 -0.1330 0.7114
vn 0.6480 -0.1031 0.7547
vn 0.4591 -0.1158 0.8808
vn 0.3485 0.1136 0.9304
vn 0.2923 0.3480 0.8908
vn 0.3828 0.3193 0.8669
vn 0.6988 -0.6774 -0.2299
vn 0.5888 -0.6389 0.4952
vn 0.8961 -0.3782 0.2324
vn 0.9434 -0.2809 0.1762
vn 0.8172 -0.5460 -0.1845
vn 0.3951 -0.7571 -0.5203
vn 0.3237 -0.7579 -0.5664
vn 0.1979 -0.9250 -0.3243
vn 0.3267 -0.9190 -0.2206
vn 0.2013 -0.9694 -0.1402
vn 0.4467 -0.8922 0.0672
vn 0.5833 -0.7845 0.2107
vn 0.1751 -0.9767 0.1237
vn 0.2749 -0.9492 0.1529
vn 0.1716 -0.9649 0.1989
vn 0.2065 -0.9008 0.3821
vn 0.1802 -0.7662 0.6168
vn 0.7939 -0.5071 0.3355
vn 0.9415 -0.3370 0.0077
vn 0.9052 -0.4145 -0.0942
vn 0.5201 -0.6759 -0.5221
vn 0.2612 -0.9649 -0.0271
vn -0.6808 -0.7241 0.1102
vn -0.2720 -0.9490 0.1592
vn -0.3765 -0.9234 0.0752
vn -0.2506 -0.9679 0.0172
vn -0.3896 -0.9176 -0.0788
vn -0.5411 -0.7291 -0.4191
vn -0.8972 -0.4228 -0.1276
vn -0.9509 -0.3057 -0.0482
vn -0.8272 -0.5051 0.2463
vn -0.5317 -0.7113 0.4598
vn -0.4351 -0.8473 0.3047
vn 0.4899 0.0432 -0.8707
vn 0.2944 0.3453 -0.8911
vn 0.3578 0.0970 -0.9287
vn 0.4818 -0.1491 -0.8635
vn 0.6911 -0.1098 -0.7144
vn 0.7393 -0.0977 -0.6663
vn 0.5301 -0.0380 -0.8471
vn 0.3689 0.0307 -0.9290
vn 0.3432 0.1659 -0.9245
vn 0.3135 0.3776 -0.8713
vn 0.3875 0.3173 -0.8656
vn -0.4097 0.0843 -0.9083
vn -0.2029 0.3905 -0.8980
vn -0.2018 0.1741 -0.9638
vn -0.2170 0.0412 -0.9753
vn -0.4481 -0.0225 -0.8937
vn -0.7134 -0.0970 -0.6940
vn -0.6679 -0.0954 -0.7381
vn -0.4037 -0.1321 -0.9053
vn -0.2612 0.2044 -0.9434
vn -0.2305 0.3734 -0.8986
vn -0.2961 0.3415 -0.8920
vn 0.5993 -0.7850 0.1570
vn 0.1596 -0.9870 0.0164
vn 0.3081 -0.9487 0.0714
vn 0.2039 -0.9668 0.1542
vn 0.3055 -0.9173 0.2553
vn 0.3562 -0.7790 0.5161
vn 0.6989 -0.5918 0.4017
vn 0.9259 -0.3716 0.0681
vn 0.8922 -0.4511 -0.0226
vn 0.5689 -0.7772 -0.2689
vn 0.3073 -0.9513 -0.0261
vn -0.5682 -0.8202 0.0664
vn -0.2346 -0.9603 0.1512
vn -0.3194 -0.9433 0.0901
vn -0.2161 -0.9747 0.0571
vn -0.2506 -0.9620 -0.1083
vn -0.3029 -0.7519 -0.5856
vn -0.8385 -0.5108 -0.1896
vn -0.9256 -0.3780 0.0214
vn -0.7277 -0.6112 0.3111
vn -0.3693 -0.8220 0.4335
vn -0.3094 -0.9210 0.2366
vn 0.1635 0.0270 -0.9862
vn -0.0546 0.3692 -0.9277
vn -0.0550 0.1160 -0.9917
vn 0.1021 -0.1734 -0.9795
vn 0.5079 -0.1378 -0.8504
vn 0.5981 -0.1172 -0.7928
vn 0.2425 -0.0487 -0.9689
vn 0.0607 0.0307 -0.9977
vn 0.0483 0.1764 -0.9831
vn 0.0498 0.3929 -0.9182
vn 0.0748 0.3373 -0.9384
vn -0.4117 0.0499 -0.9100
vn -0.3471 0.3742 -0.8599
vn -0.3476 0.1769 -0.9208
vn -0.3445 0.0434 -0.9378
vn -0.4920 -0.0189 -0.8704
vn -0.6877 -0.0892 -0.7205
vn -0.6133 -0.0889 -0.7848
vn -0.3416 -0.1506 -0.9277
vn -0.2156 0.1060 -0.9707
vn -0.2324 0.3556 -0.9053
vn -0.3520 0.3310 -0.8755
vn -0.7121 -0.6665 -0.2207
vn -0.4635 -0.7200 -0.5165
vn -0.8466 -0.4953 -0.1950
vn -0.9516 -0.2803 0.1258
vn -0.8804 -0.4129 0.2331
vn -0.2800 -0.7052 0.6514
vn -0.1415 -0.9867 0.0803
vn -0.1595 -0.9746 -0.1575
vn -0.3496 -0.9155 -0.1992
vn -0.2434 -0.9188 -0.3108
vn -0.3787 -0.7207 -0.5807
vn -0.4297 0.0682 0.9004
vn -0.2882 0.3469 0.8925
vn -0.3136 0.1263 0.9411
vn -0.3935 -0.0943 0.9145
vn -0.5832 -0.0722 0.8091
vn -0.6774 -0.0674 0.7325
vn -0.4690 -0.0031 0.8832
vn -0.3285 0.0394 0.9437
vn -0.3524 0.1726 0.9198
vn -0.3491 0.3737 0.8593
vn -0.3774 0.3287 0.8657
vn 0.1401 0.0420 0.9892
vn 0.0497 0.3928 0.9183
vn 0.0433 0.1767 0.9833
vn 0.0252 0.0370 0.9990
vn 0.2170 -0.0380 0.9754
vn 0.5135 -0.1526 0.8444
vn 0.4421 -0.1341 0.8869
vn 0.0714 -0.1432 0.9871
vn -0.0635 0.1277 0.9898
vn -0.0582 0.3717 0.9265
vn 0.0694 0.3386 0.9384
vn 0.7164 -0.6379 -0.2826
vn 0.6240 -0.6273 0.4659
vn 0.8928 -0.3768 0.2469
vn 0.9339 -0.2868 0.2137
vn 0.8279 -0.5468 -0.1248
vn 0.3901 -0.7857 -0.4802
vn 0.3201 -0.7280 -0.6062
vn 0.1833 -0.9110 -0.3695
vn 0.3169 -0.9082 -0.2734
vn 0.1991 -0.9631 -0.1814
vn 0.5294 -0.8434 -0.0916
vn 0.7503 -0.6442 0.1485
vn 0.2282 -0.9735 0.0173
vn 0.4185 -0.8974 0.1397
vn 0.3044 -0.9212 0.2424
vn 0.4347 -0.7827 0.4456
vn 0.4922 -0.7305 0.4734
vn 0.8496 -0.5050 0.1524
vn 0.9481 -0.2710 -0.1661
vn 0.9079 -0.3562 -0.2210
vn 0.6777 -0.5908 -0.4378
vn 0.5122 -0.8501 -0.1224
vn 0.5382 0.0617 -0.8406
vn 0.4336 0.3243 -0.8407
vn 0.4639 0.0971 -0.8805
vn 0.5411 -0.1288 -0.8310
vn 0.6741 -0.1028 -0.7314
vn 0.7399 -0.0891 -0.6667
vn 0.5835 -0.0210 -0.8118
vn 0.4749 0.0438 -0.8789
vn 0.4557 0.1679 -0.8742
vn 0.4400 0.3523 -0.8260
vn 0.4832 0.3113 -0.8183
vn -0.5990 -0.7348 0.3181
vn -0.0993 -0.9517 0.2904
vn -0.2261 -0.9482 0.2230
vn -0.1287 -0.9806 0.1477
vn -0.3495 -0.9266 0.1390
vn -0.5996 -0.7137 -0.3621
vn -0.8950 -0.4300 -0.1185
vn -0.9311 -0.3415 -0.1280
vn -0.7628 -0.5930 0.2580
vn -0.3058 -0.7619 0.5710
vn -0.2313 -0.8195 0.5243
vn -0.1855 0.0276 -0.9823
vn 0.0002 0.4005 -0.9163
vn -0.0360 0.1807 -0.9829
vn -0.0544 0.0372 -0.9978
vn -0.2591 -0.0453 -0.9648
vn -0.5889 -0.1271 -0.7981
vn -0.5085 -0.1417 -0.8493
vn -0.0809 -0.1776 -0.9808
vn 0.0634 0.1051 -0.9924
vn 0.0981 0.3619 -0.9270
vn -0.0517 0.3146 -0.9478
vn 0.6121 -0.7310 -0.3016
vn 0.7173 -0.5602 0.4143
vn 0.8948 -0.3922 0.2132
vn 0.9390 -0.3139 0.1407
vn 0.7404 -0.6127 -0.2764
vn 0.3202 -0.7600 -0.5656
vn 0.2915 -0.7607 -0.5800
vn 0.2454 -0.9144 -0.3220
vn 0.2503 -0.9383 -0.2386
vn 0.1933 -0.9677 -0.1617
vn 0.5074 -0.8608 -0.0395
vn 0.5291 0.0749 0.8453
vn 0.4389 0.3529 0.8263
vn 0.4421 0.1690 0.8809
vn 0.4382 0.0338 0.8982
vn 0.5582 -0.0411 0.8287
vn 0.7049 -0.1134 0.7002
vn 0.6423 -0.0961 0.7604
vn 0.5209 -0.0891 0.8489
vn 0.4559 0.1145 0.8826
vn 0.4313 0.3280 0.8405
vn 0.4806 0.3140 0.8188
vn -0.6494 -0.7014 -0.2938
vn -0.4179 -0.7449 -0.5200
vn -0.8041 -0.5499 -0.2258
vn -0.9413 -0.3264 0.0855
vn -0.8981 -0.4163 0.1420
vn -0.6139 -0.6764 0.4069
vn -0.4204 -0.9033 -0.0854
vn -0.1183 -0.9795 -0.1631
vn -0.2235 -0.9402 -0.2571
vn -0.1051 -0.9307 -0.3503
vn -0.2966 -0.7634 -0.5738
vn -0.1613 0.0365 0.9862
vn 0.1015 0.3644 0.9257
vn 0.0730 0.1180 0.9903
vn -0.0589 -0.1451 0.9877
vn -0.4573 -0.1268 0.8803
vn -0.5891 -0.1190 0.7992
vn -0.2305 -0.0388 0.9723
vn -0.0255 0.0317 0.9992
vn -0.0289 0.1779 0.9836
vn 0.0001 0.3999 0.9166
vn -0.0458 0.3151 0.9480
vn 0.1773 -0.7211 0.6697
vn 0.0424 -0.9142 0.4031
vt 0.287778 0.579679
vt 0.262047 0.543562
vt 0.264005 0.543576
vt 0.289552 0.580099
vt 0.215442 0.510327
vt 0.219405 0.510453
vt 0.266104 0.543746
vt 0.290793 0.580014
vt 0.223546 0.510890
vt 0.298505 0.620245
vt 0.284016 0.578205
vt 0.301822 0.622866
vt 0.259012 0.543623
vt 0.209034 0.509975
vt 0.166210 0.481818
vt 0.175509 0.480437
vt 0.182230 0.479771
vt 0.189230 0.479602
vt 0.199507 0.480505
vt 0.229856 0.512385
vt 0.269213 0.544155
vt 0.292738 0.580168
vt 0.305171 0.623807
vt 0.307249 0.623806
vt 0.303718 0.623879
vt 0.203329 0.129478
vt 0.180392 0.156191
vt 0.169935 0.147929
vt 0.190509 0.123882
vt 0.151435 0.175605
vt 0.143382 0.166611
vt 0.156075 0.138211
vt 0.175007 0.117220
vt 0.131348 0.156082
vt 0.226321 0.098819
vt 0.213711 0.135178
vt 0.214307 0.096847
vt 0.188066 0.164353
vt 0.156733 0.184102
vt 0.125883 0.194470
vt 0.122514 0.187296
vt 0.116564 0.179384
vt 0.106049 0.170112
vt 0.090555 0.159264
vt 0.114666 0.143334
vt 0.138556 0.125520
vt 0.157725 0.106919
vt 0.183651 0.093624
vt 0.168774 0.092165
vt 0.200109 0.095239
vt 0.139667 0.089953
vt 0.117684 0.108234
vt 0.094909 0.087642
vt 0.119151 0.069306
vt 0.093707 0.127426
vt 0.071241 0.107882
vt 0.111078 0.924583
vt 0.087912 0.905579
vt 0.110903 0.885750
vt 0.132369 0.904712
vt 0.064229 0.885260
vt 0.087176 0.866160
vt 0.159581 0.075301
vt 0.070995 0.146049
vt 0.050315 0.128537
vt 0.043370 0.864242
vt 0.064373 0.847890
vt 0.083641 0.835992
vt 0.108414 0.851452
vt 0.132186 0.869353
vt 0.150912 0.888417
vt 0.151575 0.920105
vt 0.161393 0.903556
vt 0.133062 0.941113
vt 0.141896 0.053630
vt 0.211342 0.060558
vt 0.196148 0.063312
vt 0.178444 0.032038
vt 0.193507 0.024651
vt 0.178674 0.067374
vt 0.161545 0.041397
vt 0.183427 0.972105
vt 0.168674 0.964136
vt 0.187503 0.933459
vt 0.202530 0.936774
vt 0.152171 0.954117
vt 0.170259 0.928748
vt 0.224599 0.058691
vt 0.176261 0.902643
vt 0.192727 0.901621
vt 0.206951 0.900521
vt 0.215663 0.939129
vt 0.219017 0.898977
vt 0.196867 0.978589
vt 0.207196 0.018693
vt 0.303594 0.064043
vt 0.299444 0.063413
vt 0.294993 0.001590
vt 0.300928 0.002875
vt 0.294678 0.062283
vt 0.288517 0.000505
vt 0.289661 0.997754
vt 0.283770 0.998815
vt 0.290398 0.937139
vt 0.294559 0.936664
vt 0.277338 0.999663
vt 0.285607 0.938092
vt 0.301623 0.123933
vt 0.298662 0.123870
vt 0.306799 0.064184
vt 0.295087 0.122821
vt 0.290967 0.120166
vt 0.287884 0.117954
vt 0.290964 0.061274
vt 0.283513 0.000067
vt 0.272357 0.999933
vt 0.281869 0.938964
vt 0.281335 0.882284
vt 0.284524 0.880216
vt 0.288772 0.877759
vt 0.292399 0.876898
vt 0.297757 0.936648
vt 0.295360 0.877007
vt 0.294197 0.997113
vt 0.305490 0.003671
vt 0.393746 0.761186
vt 0.384924 0.721355
vt 0.388095 0.720079
vt 0.396493 0.756433
vt 0.380380 0.680290
vt 0.384405 0.682588
vt 0.391537 0.718977
vt 0.399466 0.751931
vt 0.388642 0.684968
vt 0.402071 0.803531
vt 0.391036 0.766206
vt 0.404845 0.795691
vt 0.381852 0.723006
vt 0.376464 0.678406
vt 0.372662 0.636533
vt 0.378275 0.642064
vt 0.384012 0.648035
vt 0.389741 0.654009
vt 0.395654 0.659343
vt 0.393166 0.687116
vt 0.395408 0.717857
vt 0.402836 0.747657
vt 0.410188 0.780357
vt 0.413153 0.773231
vt 0.407493 0.787916
vt 0.378469 0.110074
vt 0.404313 0.073557
vt 0.406487 0.075156
vt 0.380185 0.111598
vt 0.395059 0.933721
vt 0.371495 0.895611
vt 0.373299 0.894230
vt 0.397313 0.932241
vt 0.408612 0.076493
vt 0.381886 0.112973
vt 0.375082 0.892994
vt 0.399515 0.930987
vt 0.359440 0.154555
vt 0.376086 0.107515
vt 0.361325 0.155740
vt 0.401254 0.069895
vt 0.391822 0.937113
vt 0.368961 0.897963
vt 0.355220 0.850459
vt 0.357194 0.849410
vt 0.358775 0.848802
vt 0.360369 0.848311
vt 0.362247 0.847702
vt 0.377072 0.891582
vt 0.401925 0.929369
vt 0.410933 0.078223
vt 0.383780 0.114533
vt 0.364395 0.157047
vt 0.366216 0.157777
vt 0.362850 0.156452
vt 0.308907 0.329387
vt 0.329762 0.269676
vt 0.331549 0.268747
vt 0.310679 0.328848
vt 0.347079 0.209494
vt 0.348688 0.209160
vt 0.333193 0.268495
vt 0.312356 0.328797
vt 0.350251 0.209131
vt 0.281296 0.386314
vt 0.306285 0.330767
vt 0.284817 0.383987
vt 0.327303 0.271597
vt 0.345090 0.210137
vt 0.352149 0.209423
vt 0.335245 0.268595
vt 0.314658 0.328823
vt 0.289123 0.381865
vt 0.291672 0.381596
vt 0.287064 0.382654
vt 0.346636 0.795516
vt 0.329801 0.734488
vt 0.332342 0.735754
vt 0.348234 0.795831
vt 0.316339 0.674737
vt 0.318533 0.675391
vt 0.334720 0.736315
vt 0.349800 0.795868
vt 0.320631 0.675556
vt 0.344672 0.794890
vt 0.326375 0.732277
vt 0.313384 0.673253
vt 0.323159 0.675618
vt 0.337532 0.736422
vt 0.351722 0.795627
vt 0.427216 0.722585
vt 0.423028 0.707310
vt 0.423243 0.707302
vt 0.427395 0.722407
vt 0.422435 0.692163
vt 0.422665 0.692333
vt 0.423602 0.707290
vt 0.427692 0.722103
vt 0.423049 0.692624
vt 0.433008 0.735001
vt 0.427060 0.722736
vt 0.433120 0.734719
vt 0.422841 0.707317
vt 0.422237 0.692019
vt 0.424245 0.679416
vt 0.424430 0.679702
vt 0.424640 0.680029
vt 0.424991 0.680580
vt 0.425623 0.681565
vt 0.423730 0.693146
vt 0.424241 0.707272
vt 0.428219 0.721561
vt 0.433468 0.733841
vt 0.433857 0.732859
vt 0.433250 0.734392
vt 0.380837 0.609608
vt 0.394515 0.587314
vt 0.403977 0.599708
vt 0.388959 0.619183
vt 0.386646 0.414616
vt 0.372384 0.392970
vt 0.380692 0.383759
vt 0.395919 0.402741
vt 0.413302 0.612016
vt 0.396848 0.628537
vt 0.388824 0.374775
vt 0.405198 0.390968
vt 0.372975 0.600299
vt 0.385104 0.575278
vt 0.377601 0.426190
vt 0.364394 0.401928
vt 0.364478 0.366358
vt 0.370419 0.361116
vt 0.376509 0.355442
vt 0.382592 0.349763
vt 0.388801 0.344718
vt 0.396210 0.366409
vt 0.412282 0.379651
vt 0.420240 0.623963
vt 0.403921 0.637299
vt 0.423502 0.188685
vt 0.447237 0.177959
vt 0.448159 0.189733
vt 0.425242 0.198819
vt 0.444976 0.832268
vt 0.421968 0.820101
vt 0.424389 0.809985
vt 0.446738 0.820423
vt 0.448514 0.200938
vt 0.426748 0.208678
vt 0.426510 0.800093
vt 0.447876 0.809072
vt 0.402714 0.204135
vt 0.421389 0.178489
vt 0.404985 0.212012
vt 0.445709 0.165855
vt 0.442581 0.844358
vt 0.419140 0.830230
vt 0.428487 0.790723
vt 0.448331 0.798314
vt 0.448367 0.211468
vt 0.428190 0.217974
vt 0.409417 0.227326
vt 0.411979 0.234432
vt 0.407160 0.219789
vt 0.374630 0.323724
vt 0.381346 0.283897
vt 0.384431 0.285265
vt 0.378781 0.321639
vt 0.391934 0.245319
vt 0.394424 0.250084
vt 0.387796 0.286471
vt 0.383150 0.319480
vt 0.397157 0.254606
vt 0.370609 0.325408
vt 0.378382 0.282165
vt 0.389502 0.240284
vt 0.400301 0.258915
vt 0.391590 0.287708
vt 0.387795 0.317559
vt 0.338757 0.075754
vt 0.332880 0.071732
vt 0.344051 0.015374
vt 0.352807 0.021783
vt 0.326536 0.067566
vt 0.334758 0.009464
vt 0.341377 0.981535
vt 0.332538 0.987224
vt 0.324003 0.930530
vt 0.330027 0.926896
vt 0.323236 0.992420
vt 0.317515 0.934280
vt 0.331900 0.135654
vt 0.328196 0.133456
vt 0.343424 0.078800
vt 0.323671 0.130017
vt 0.318412 0.125339
vt 0.314134 0.122392
vt 0.321701 0.065175
vt 0.327953 0.006030
vt 0.316478 0.995435
vt 0.312617 0.936373
vt 0.307791 0.879302
vt 0.312232 0.876630
vt 0.317758 0.872301
vt 0.322491 0.869177
vt 0.334812 0.924157
vt 0.326337 0.867241
vt 0.348216 0.977020
vt 0.359578 0.026833
vt 0.359312 0.327654
vt 0.369662 0.275526
vt 0.372476 0.277569
vt 0.362871 0.327163
vt 0.381878 0.225861
vt 0.384392 0.230059
vt 0.375412 0.279933
vt 0.366672 0.326507
vt 0.386973 0.235045
vt 0.344551 0.380718
vt 0.356113 0.328221
vt 0.348777 0.377943
vt 0.367078 0.274248
vt 0.379572 0.222954
vt 0.392651 0.179153
vt 0.394973 0.183316
vt 0.397570 0.189226
vt 0.400214 0.196359
vt 0.358819 0.370853
vt 0.353553 0.374675
vt 0.413177 0.151995
vt 0.439300 0.132166
vt 0.441442 0.142200
vt 0.416001 0.159457
vt 0.433838 0.877637
vt 0.409049 0.856295
vt 0.412398 0.848996
vt 0.436659 0.867770
vt 0.443685 0.153705
vt 0.418837 0.168522
vt 0.415879 0.840082
vt 0.439697 0.856414
vt 0.410730 0.146706
vt 0.437355 0.124523
vt 0.431378 0.885119
vt 0.406232 0.861435
vt 0.390283 0.828041
vt 0.392903 0.824011
vt 0.395917 0.818239
vt 0.399053 0.811225
vt 0.351846 0.577087
vt 0.359875 0.543841
vt 0.367271 0.553497
vt 0.358744 0.583692
vt 0.354381 0.456647
vt 0.343054 0.424447
vt 0.350050 0.417977
vt 0.360954 0.447282
vt 0.376032 0.563962
vt 0.365654 0.591626
vt 0.356998 0.410284
vt 0.369067 0.437118
vt 0.353732 0.621240
vt 0.345553 0.571938
vt 0.357748 0.624198
vt 0.353015 0.535414
vt 0.348181 0.464870
vt 0.336579 0.429520
vt 0.367294 0.631768
vt 0.362289 0.627694
vt 0.382574 0.780472
vt 0.372706 0.729403
vt 0.375657 0.727445
vt 0.385340 0.776348
vt 0.365321 0.675632
vt 0.368843 0.676289
vt 0.378744 0.725160
vt 0.388211 0.771416
vt 0.372598 0.677121
vt 0.380090 0.783298
vt 0.370024 0.730588
vt 0.362163 0.674909
vt 0.434365 0.767704
vt 0.448456 0.772682
vt 0.448514 0.780082
vt 0.432484 0.774446
vt 0.447196 0.236411
vt 0.432875 0.240693
vt 0.431332 0.234055
vt 0.447614 0.229229
vt 0.448503 0.788632
vt 0.430491 0.782139
vt 0.429732 0.226464
vt 0.448030 0.220913
vt 0.425833 0.750805
vt 0.435997 0.761969
vt 0.423007 0.755380
vt 0.448386 0.766452
vt 0.446823 0.242449
vt 0.434220 0.246329
vt 0.423472 0.256781
vt 0.420888 0.252224
vt 0.417916 0.246949
vt 0.414854 0.241001
vt 0.416381 0.766637
vt 0.419758 0.760672
vt 0.407628 0.690572
vt 0.408796 0.713777
vt 0.404391 0.715163
vt 0.403014 0.689817
vt 0.414788 0.736555
vt 0.410841 0.739941
vt 0.399798 0.716551
vt 0.398076 0.688699
vt 0.406737 0.743661
vt 0.414772 0.672873
vt 0.411566 0.691019
vt 0.411036 0.670642
vt 0.412613 0.712439
vt 0.418212 0.733547
vt 0.401227 0.663921
vt 0.406440 0.667666
vt 0.412464 0.348007
vt 0.424758 0.354653
vt 0.422003 0.361274
vt 0.408109 0.352953
vt 0.431941 0.650337
vt 0.419371 0.656679
vt 0.415264 0.651452
vt 0.429484 0.643376
vt 0.417901 0.369666
vt 0.402668 0.359100
vt 0.410091 0.644976
vt 0.425647 0.634514
vt 0.408736 0.332114
vt 0.415699 0.344310
vt 0.404849 0.334166
vt 0.426466 0.349858
vt 0.433355 0.655330
vt 0.422380 0.660591
vt 0.394633 0.340415
vt 0.400066 0.336921
vt 0.411658 0.270225
vt 0.404724 0.292204
vt 0.400400 0.290680
vt 0.407891 0.266768
vt 0.402472 0.314711
vt 0.397803 0.315280
vt 0.395894 0.289150
vt 0.403987 0.262974
vt 0.392795 0.316192
vt 0.414924 0.273288
vt 0.408467 0.293658
vt 0.406451 0.314417
vt 0.432989 0.700298
vt 0.433529 0.707204
vt 0.432445 0.707214
vt 0.431963 0.699578
vt 0.435679 0.714152
vt 0.434828 0.714859
vt 0.432008 0.707219
vt 0.431536 0.699243
vt 0.434484 0.715203
vt 0.435131 0.696458
vt 0.434909 0.700797
vt 0.434153 0.694794
vt 0.435607 0.707193
vt 0.437487 0.713602
vt 0.439552 0.717893
vt 0.439022 0.719581
vt 0.438541 0.720941
vt 0.438317 0.721550
vt 0.438212 0.721827
vt 0.434321 0.715354
vt 0.431803 0.707223
vt 0.431337 0.699098
vt 0.433069 0.692891
vt 0.432911 0.692624
vt 0.433411 0.693474
vt 0.429134 0.671634
vt 0.436139 0.668820
vt 0.436211 0.669293
vt 0.429291 0.672077
vt 0.430030 0.336826
vt 0.423165 0.333840
vt 0.423340 0.333416
vt 0.430122 0.336372
vt 0.436317 0.670081
vt 0.429555 0.672816
vt 0.423635 0.332710
vt 0.430262 0.335616
vt 0.428998 0.671248
vt 0.436069 0.668408
vt 0.429941 0.337221
vt 0.423013 0.334209
vt 0.418627 0.326102
vt 0.418826 0.325831
vt 0.419051 0.325520
vt 0.419429 0.324998
vt 0.420108 0.324063
vt 0.424162 0.331452
vt 0.430520 0.334261
vt 0.436521 0.671493
vt 0.430028 0.674131
vt 0.437410 0.265388
vt 0.445689 0.262570
vt 0.445662 0.263018
vt 0.437445 0.265808
vt 0.448365 0.745713
vt 0.440199 0.742515
vt 0.440254 0.742085
vt 0.448364 0.745253
vt 0.445590 0.263784
vt 0.437500 0.266516
vt 0.440343 0.741363
vt 0.448335 0.744464
vt 0.429819 0.272414
vt 0.437379 0.265025
vt 0.429917 0.272692
vt 0.445704 0.262186
vt 0.448357 0.746108
vt 0.440150 0.742885
vt 0.440493 0.740073
vt 0.448205 0.743007
vt 0.445392 0.265197
vt 0.437590 0.267780
vt 0.430221 0.273559
vt 0.430560 0.274527
vt 0.430030 0.273015
vt 0.417409 0.313707
vt 0.418623 0.299080
vt 0.418837 0.299097
vt 0.417646 0.313551
vt 0.423365 0.284302
vt 0.423534 0.284482
vt 0.419194 0.299123
vt 0.418042 0.313284
vt 0.423814 0.284788
vt 0.417203 0.313839
vt 0.418437 0.299065
vt 0.423217 0.284149
vt 0.424311 0.285335
vt 0.419827 0.299168
vt 0.418746 0.312805
vt 0.414838 0.315003
vt 0.416311 0.298557
vt 0.416752 0.298822
vt 0.415329 0.314952
vt 0.421539 0.282110
vt 0.421888 0.282657
vt 0.417090 0.298935
vt 0.415706 0.314804
vt 0.422154 0.283004
vt 0.415729 0.329118
vt 0.414146 0.314927
vt 0.416344 0.328820
vt 0.415680 0.298057
vt 0.421036 0.281231
vt 0.428299 0.267819
vt 0.428675 0.269016
vt 0.428925 0.269807
vt 0.429108 0.270364
vt 0.429265 0.270821
vt 0.422389 0.283262
vt 0.417387 0.298974
vt 0.416038 0.314604
vt 0.417168 0.328073
vt 0.417488 0.327650
vt 0.416802 0.328470
vt 0.436913 0.260789
vt 0.445891 0.257721
vt 0.445846 0.258694
vt 0.437031 0.261722
vt 0.448271 0.750692
vt 0.439460 0.747208
vt 0.439630 0.746256
vt 0.448286 0.749693
vt 0.445821 0.259409
vt 0.437111 0.262405
vt 0.439747 0.745560
vt 0.448306 0.748959
vt 0.436725 0.259410
vt 0.445968 0.256282
vt 0.448263 0.752174
vt 0.439196 0.748617
vt 0.431252 0.739661
vt 0.431691 0.738447
vt 0.431982 0.737644
vt 0.432194 0.737080
vt 0.432374 0.736617
vt 0.439842 0.744969
vt 0.448325 0.748333
vt 0.445803 0.260019
vt 0.437175 0.262984
vt 0.427388 0.667221
vt 0.435139 0.663903
vt 0.435305 0.664634
vt 0.427705 0.667832
vt 0.428812 0.341560
vt 0.421215 0.338054
vt 0.421564 0.337474
vt 0.429012 0.340856
vt 0.435463 0.665331
vt 0.427963 0.668443
vt 0.421852 0.336891
vt 0.429201 0.340184
vt 0.421514 0.676208
vt 0.426983 0.666600
vt 0.422106 0.676539
vt 0.434961 0.663108
vt 0.428598 0.342328
vt 0.420772 0.338641
vt 0.422109 0.336309
vt 0.429379 0.339530
vt 0.435611 0.666010
vt 0.428191 0.669052
vt 0.422886 0.677338
vt 0.423183 0.677785
vt 0.422542 0.676917
vt 0.425276 0.724765
vt 0.420687 0.707746
vt 0.421140 0.707493
vt 0.425652 0.724217
vt 0.419930 0.690726
vt 0.420416 0.690798
vt 0.421484 0.707392
vt 0.425937 0.723872
vt 0.420786 0.690965
vt 0.424729 0.725646
vt 0.420034 0.708232
vt 0.419237 0.690778
vt 0.421108 0.691185
vt 0.421784 0.707365
vt 0.426185 0.723615
vt 0.168494 0.878774
vt 0.149990 0.857527
vt 0.164195 0.848583
vt 0.184214 0.872681
vt 0.125206 0.839986
vt 0.137618 0.830531
vt 0.175178 0.840794
vt 0.197257 0.867528
vt 0.146592 0.822127
vt 0.098495 0.826689
vt 0.109019 0.818689
vt 0.116308 0.811418
vt 0.121380 0.804341
vt 0.152974 0.814079
vt 0.183459 0.833103
vt 0.207887 0.862168
vt 0.053042 0.162166
vt 0.038609 0.175198
vt 0.024426 0.164533
vt 0.035190 0.148394
vt 0.024782 0.184308
vt 0.015222 0.172165
vt 0.028182 0.845287
vt 0.019495 0.829984
vt 0.033873 0.819104
vt 0.045983 0.832194
vt 0.017344 0.816952
vt 0.029464 0.809123
vt 0.070267 0.172462
vt 0.053482 0.183701
vt 0.038255 0.193482
vt 0.019184 0.198899
vt 0.009234 0.178923
vt 0.004527 0.170095
vt 0.023099 0.797612
vt 0.031895 0.803562
vt 0.034817 0.805065
vt 0.038070 0.807039
vt 0.046357 0.813458
vt 0.062023 0.823638
vt 0.255657 0.056651
vt 0.246665 0.057084
vt 0.231070 0.009829
vt 0.240936 0.006740
vt 0.236298 0.057660
vt 0.219728 0.013804
vt 0.230092 0.991827
vt 0.220361 0.988366
vt 0.237580 0.941550
vt 0.246518 0.942316
vt 0.209191 0.983959
vt 0.227276 0.940591
vt 0.261129 0.105891
vt 0.254790 0.104987
vt 0.262107 0.056500
vt 0.246003 0.103727
vt 0.236628 0.101409
vt 0.229405 0.896748
vt 0.238860 0.894766
vt 0.247686 0.893828
vt 0.252936 0.942707
vt 0.254051 0.893161
vt 0.237271 0.994080
vt 0.248202 0.004757
vt 0.354472 0.794980
vt 0.340912 0.736215
vt 0.344335 0.734513
vt 0.357868 0.793897
vt 0.326494 0.675873
vt 0.329101 0.672780
vt 0.348777 0.735110
vt 0.361490 0.792487
vt 0.335861 0.676516
vt 0.364885 0.846537
vt 0.310735 0.624267
vt 0.315523 0.624756
vt 0.321309 0.624572
vt 0.327714 0.623228
vt 0.340968 0.676161
vt 0.352718 0.734168
vt 0.364893 0.790783
vt 0.371741 0.842441
vt 0.375143 0.839854
vt 0.368179 0.844736
vt 0.296183 0.580702
vt 0.274531 0.544861
vt 0.281047 0.544857
vt 0.300903 0.580991
vt 0.240381 0.515171
vt 0.253202 0.517529
vt 0.287604 0.543120
vt 0.306426 0.579984
vt 0.265288 0.518195
vt 0.215745 0.484351
vt 0.234544 0.491086
vt 0.253115 0.497352
vt 0.267009 0.501592
vt 0.274697 0.514080
vt 0.293486 0.537551
vt 0.312340 0.576167
vt 0.386299 0.116902
vt 0.413707 0.081911
vt 0.416624 0.087368
vt 0.389410 0.120211
vt 0.404896 0.925923
vt 0.379740 0.889407
vt 0.383065 0.886339
vt 0.408141 0.920743
vt 0.419529 0.093691
vt 0.392780 0.124174
vt 0.386697 0.882637
vt 0.411445 0.914700
vt 0.368753 0.159113
vt 0.390243 0.878693
vt 0.414597 0.908594
vt 0.422267 0.100058
vt 0.396043 0.128372
vt 0.375271 0.163643
vt 0.378466 0.166442
vt 0.371896 0.161124
vt 0.318276 0.328673
vt 0.338258 0.268862
vt 0.342027 0.269298
vt 0.322989 0.328461
vt 0.354843 0.210175
vt 0.358154 0.211381
vt 0.346095 0.269949
vt 0.328290 0.328414
vt 0.361665 0.212964
vt 0.295703 0.381301
vt 0.364937 0.214833
vt 0.349985 0.270896
vt 0.333648 0.328844
vt 0.307745 0.381359
vt 0.314752 0.382827
vt 0.301220 0.381029
vt 0.367702 0.788834
vt 0.356095 0.732885
vt 0.358792 0.731520
vt 0.369944 0.786965
vt 0.345774 0.675053
vt 0.349652 0.673833
vt 0.360807 0.730466
vt 0.371731 0.785464
vt 0.352219 0.673163
vt 0.378053 0.837250
vt 0.334109 0.620318
vt 0.339294 0.617502
vt 0.342511 0.616528
vt 0.344664 0.616986
vt 0.354059 0.673118
vt 0.362448 0.729994
vt 0.373238 0.784635
vt 0.382243 0.832865
vt 0.383725 0.831689
vt 0.380375 0.834787
vt 0.318275 0.568792
vt 0.299655 0.525469
vt 0.316387 0.500227
vt 0.323939 0.561891
vt 0.284131 0.501415
vt 0.290089 0.477803
vt 0.303161 0.437035
vt 0.310289 0.443274
vt 0.315829 0.444320
vt 0.324834 0.491876
vt 0.328248 0.560530
vt 0.327043 0.508559
vt 0.268070 0.490029
vt 0.278377 0.466961
vt 0.321530 0.385652
vt 0.295900 0.430271
vt 0.327011 0.388194
vt 0.332918 0.388016
vt 0.319487 0.442081
vt 0.330501 0.388810
vt 0.329421 0.486596
vt 0.331511 0.562381
vt 0.332093 0.513649
vt 0.398892 0.132340
vt 0.424728 0.105775
vt 0.426918 0.110521
vt 0.401322 0.135697
vt 0.417434 0.903105
vt 0.393364 0.874944
vt 0.396026 0.871774
vt 0.419942 0.898554
vt 0.428868 0.113963
vt 0.403233 0.138283
vt 0.398122 0.869334
vt 0.422126 0.895279
vt 0.381169 0.169231
vt 0.399708 0.867858
vt 0.423858 0.893654
vt 0.430480 0.115665
vt 0.404704 0.139872
vt 0.385014 0.173878
vt 0.386401 0.175142
vt 0.383297 0.171839
vt 0.338544 0.329993
vt 0.353273 0.272185
vt 0.355867 0.273551
vt 0.342437 0.331176
vt 0.367605 0.216912
vt 0.369714 0.218885
vt 0.357803 0.274590
vt 0.345032 0.331744
vt 0.371395 0.220467
vt 0.372840 0.221360
vt 0.359409 0.275037
vt 0.346940 0.331648
vt 0.374680 0.784565
vt 0.364058 0.730189
vt 0.365802 0.730687
vt 0.376235 0.784744
vt 0.355837 0.673602
vt 0.357777 0.674395
vt 0.367712 0.730789
vt 0.378001 0.784537
vt 0.359455 0.673920
vt 0.385070 0.831260
vt 0.346748 0.617971
vt 0.349038 0.619315
vt 0.351677 0.621029
vt 0.388217 0.830114
vt 0.386537 0.830937
vt 0.334585 0.564688
vt 0.336452 0.518050
vt 0.341237 0.522809
vt 0.338063 0.567123
vt 0.333537 0.482120
vt 0.322946 0.439633
vt 0.326717 0.436795
vt 0.337913 0.477243
vt 0.346715 0.528392
vt 0.342176 0.569825
vt 0.331171 0.433509
vt 0.342827 0.471575
vt 0.335282 0.386698
vt 0.337915 0.385052
vt 0.340960 0.383069
vt 0.405982 0.140854
vt 0.431813 0.116739
vt 0.433410 0.118047
vt 0.407378 0.141983
vt 0.425285 0.892603
vt 0.401059 0.866970
vt 0.402541 0.865942
vt 0.426985 0.891334
vt 0.435322 0.120018
vt 0.408895 0.143676
vt 0.404183 0.864351
vt 0.429027 0.889445
vt 0.387704 0.175650
vt 0.390743 0.176972
vt 0.389135 0.176056
vt 0.348847 0.331026
vt 0.361035 0.274815
vt 0.362816 0.274295
vt 0.350955 0.330092
vt 0.374268 0.221485
vt 0.375825 0.221362
vt 0.364809 0.273950
vt 0.353348 0.329081
vt 0.377569 0.221635
vt 0.361054 0.090091
vt 0.383908 0.042787
vt 0.390541 0.053087
vt 0.366885 0.096751
vt 0.372975 0.962411
vt 0.352953 0.914123
vt 0.359146 0.907944
vt 0.380167 0.952809
vt 0.396558 0.062756
vt 0.372150 0.102968
vt 0.364761 0.902170
vt 0.386731 0.943775
vt 0.343724 0.138004
vt 0.356338 0.085381
vt 0.347871 0.142016
vt 0.377674 0.035363
vt 0.366453 0.969242
vt 0.347993 0.918463
vt 0.338366 0.865723
vt 0.342783 0.862052
vt 0.347974 0.856616
vt 0.352217 0.852650
vt 0.356611 0.152148
vt 0.352670 0.147851
vt 0.441368 0.733194
vt 0.447255 0.735297
vt 0.447487 0.737960
vt 0.441018 0.735625
vt 0.444151 0.272665
vt 0.438142 0.274507
vt 0.437908 0.272134
vt 0.444494 0.270090
vt 0.447856 0.740701
vt 0.440720 0.738061
vt 0.437724 0.269751
vt 0.444960 0.267434
vt 0.436579 0.726132
vt 0.441714 0.731201
vt 0.435957 0.727662
vt 0.447171 0.733159
vt 0.443961 0.274734
vt 0.438385 0.276452
vt 0.432924 0.281163
vt 0.432389 0.279653
vt 0.431737 0.277842
vt 0.431091 0.276030
vt 0.434464 0.731335
vt 0.435206 0.729497
vt 0.427317 0.695968
vt 0.427644 0.707235
vt 0.426434 0.707238
vt 0.426053 0.694960
vt 0.431009 0.718660
vt 0.430021 0.719694
vt 0.425232 0.707252
vt 0.424785 0.693964
vt 0.429036 0.720717
vt 0.430131 0.688371
vt 0.428369 0.696819
vt 0.429091 0.686823
vt 0.428664 0.707239
vt 0.431834 0.717784
vt 0.426623 0.683102
vt 0.427851 0.684963
vt 0.427337 0.324731
vt 0.432851 0.326929
vt 0.431907 0.329528
vt 0.426115 0.327101
vt 0.438508 0.679092
vt 0.432883 0.681127
vt 0.431788 0.678663
vt 0.437711 0.676400
vt 0.431062 0.332115
vt 0.425004 0.329485
vt 0.430786 0.676182
vt 0.436982 0.673721
vt 0.424971 0.317581
vt 0.428416 0.322763
vt 0.423844 0.319058
vt 0.433641 0.324699
vt 0.439158 0.681397
vt 0.433846 0.683177
vt 0.421182 0.322601
vt 0.422504 0.320829
vt 0.426934 0.288261
vt 0.423204 0.299352
vt 0.422003 0.299296
vt 0.426007 0.287219
vt 0.422446 0.310220
vt 0.421144 0.311143
vt 0.420811 0.299231
vt 0.425080 0.286187
vt 0.419836 0.312055
vt 0.427708 0.289143
vt 0.424216 0.299393
vt 0.423525 0.309442
vt 0.440712 0.713782
vt 0.438904 0.707078
vt 0.442951 0.706689
vt 0.444689 0.713454
vt 0.437850 0.700355
vt 0.441603 0.699782
vt 0.440364 0.293784
vt 0.438404 0.300249
vt 0.434392 0.299769
vt 0.436396 0.293309
vt 0.436898 0.306865
vt 0.433167 0.306242
vt 0.442498 0.719190
vt 0.437313 0.694982
vt 0.440812 0.694301
vt 0.435927 0.312117
vt 0.432460 0.311403
vt 0.430337 0.309933
vt 0.430262 0.305742
vt 0.431125 0.299576
vt 0.433164 0.293387
vt 0.438423 0.288112
vt 0.435413 0.289272
vt 0.442316 0.288020
vt 0.446383 0.719485
vt 0.431367 0.292792
vt 0.429068 0.299529
vt 0.427994 0.299507
vt 0.430535 0.292074
vt 0.428352 0.306170
vt 0.427321 0.306831
vt 0.427561 0.299499
vt 0.430201 0.291726
vt 0.426889 0.307138
vt 0.434970 0.287612
vt 0.429304 0.311507
vt 0.428509 0.312750
vt 0.428142 0.313299
vt 0.427972 0.313551
vt 0.426689 0.307271
vt 0.427358 0.299494
vt 0.430042 0.291573
vt 0.434382 0.285676
vt 0.434294 0.285404
vt 0.434569 0.286274
vt 0.438786 0.279107
vt 0.443853 0.277542
vt 0.443849 0.277782
vt 0.438806 0.279280
vt 0.447232 0.730278
vt 0.442249 0.728333
vt 0.442321 0.728217
vt 0.447245 0.730030
vt 0.443851 0.277968
vt 0.438803 0.279536
vt 0.442337 0.727950
vt 0.447260 0.729839
vt 0.433580 0.283191
vt 0.438738 0.278986
vt 0.433613 0.283297
vt 0.443833 0.277392
vt 0.447203 0.730427
vt 0.442218 0.728618
vt 0.437354 0.724081
vt 0.437394 0.723974
vt 0.437492 0.723926
vt 0.437502 0.723680
vt 0.437593 0.723438
vt 0.442393 0.727648
vt 0.447283 0.729508
vt 0.443852 0.278292
vt 0.438840 0.279835
vt 0.433701 0.283588
vt 0.433777 0.283824
vt 0.433708 0.283350
vt 0.432922 0.716249
vt 0.430272 0.707276
vt 0.430356 0.707251
vt 0.433204 0.716542
vt 0.429864 0.697885
vt 0.429955 0.697976
vt 0.430455 0.707250
vt 0.433233 0.716338
vt 0.430054 0.698045
vt 0.432951 0.716604
vt 0.430052 0.707249
vt 0.429764 0.697946
vt 0.431552 0.690423
vt 0.431625 0.690529
vt 0.431747 0.690615
vt 0.431812 0.690823
vt 0.431962 0.691059
vt 0.430199 0.698269
vt 0.430625 0.707246
vt 0.433372 0.716212
vt 0.353194 0.083487
vt 0.349948 0.082148
vt 0.368707 0.031281
vt 0.373184 0.033022
vt 0.346851 0.080749
vt 0.364348 0.029545
vt 0.361919 0.971400
vt 0.357408 0.972985
vt 0.341464 0.921239
vt 0.344762 0.920127
vt 0.353016 0.974566
vt 0.338315 0.922431
vt 0.340760 0.137790
vt 0.337657 0.138315
vt 0.334914 0.137498
vt 0.329478 0.865621
vt 0.332287 0.865009
vt 0.335376 0.865733
vt 0.318245 0.064641
vt 0.313872 0.064346
vt 0.316443 0.004558
vt 0.323016 0.005338
vt 0.309929 0.064197
vt 0.310206 0.004017
vt 0.311561 0.995986
vt 0.305063 0.996555
vt 0.304805 0.936795
vt 0.309163 0.936719
vt 0.298890 0.996906
vt 0.300876 0.936765
vt 0.310973 0.122722
vt 0.307280 0.123775
vt 0.304285 0.124053
vt 0.298029 0.877046
vt 0.301008 0.877508
vt 0.304646 0.878780
vt 0.271148 0.057169
vt 0.268493 0.056979
vt 0.255945 0.003406
vt 0.259270 0.003076
vt 0.265670 0.056707
vt 0.252502 0.003830
vt 0.248260 0.996157
vt 0.244952 0.995711
vt 0.259318 0.942449
vt 0.261972 0.942347
vt 0.241530 0.995164
vt 0.256492 0.942626
vt 0.271781 0.110649
vt 0.269070 0.109745
vt 0.274062 0.057531
vt 0.266696 0.108975
vt 0.264199 0.107372
vt 0.257180 0.891794
vt 0.259743 0.890278
vt 0.262150 0.889602
vt 0.264891 0.942083
vt 0.264901 0.888812
vt 0.251818 0.996723
vt 0.262845 0.002632
vt 0.287269 0.060379
vt 0.282391 0.059414
vt 0.273105 0.001105
vt 0.278922 0.000385
vt 0.277811 0.058361
vt 0.267479 0.001932
vt 0.267784 0.999478
vt 0.262011 0.998578
vt 0.273263 0.940493
vt 0.278157 0.939713
vt 0.256425 0.997573
vt 0.268660 0.941381
vt 0.284174 0.116692
vt 0.279134 0.115108
vt 0.274999 0.112744
vt 0.268211 0.886854
vt 0.272453 0.884680
vt 0.277566 0.883353
vt 0.416361 0.314393
vt 0.417678 0.299000
vt 0.417959 0.299025
vt 0.416674 0.314187
vt 0.422618 0.283508
vt 0.422840 0.283747
vt 0.418217 0.299047
vt 0.416960 0.313998
vt 0.423043 0.283965
vt 0.417799 0.327223
vt 0.429418 0.271262
vt 0.429567 0.271691
vt 0.429703 0.272083
vt 0.418386 0.326426
vt 0.418103 0.326808
vt 0.437235 0.263546
vt 0.445780 0.260615
vt 0.445753 0.261197
vt 0.437291 0.264093
vt 0.448339 0.747721
vt 0.439931 0.744394
vt 0.440015 0.743836
vt 0.448346 0.747124
vt 0.445726 0.261731
vt 0.437340 0.264596
vt 0.440089 0.743323
vt 0.448351 0.746575
vt 0.432550 0.736169
vt 0.432720 0.735735
vt 0.432876 0.735338
vt 0.428415 0.669659
vt 0.435749 0.666681
vt 0.435874 0.667327
vt 0.428633 0.670248
vt 0.429546 0.338884
vt 0.422361 0.335729
vt 0.422605 0.335165
vt 0.429699 0.338261
vt 0.435981 0.667914
vt 0.428832 0.670789
vt 0.422827 0.334648
vt 0.429832 0.337696
vt 0.423472 0.678235
vt 0.424019 0.679075
vt 0.423756 0.678673
vt 0.426427 0.723372
vt 0.422076 0.707350
vt 0.422360 0.707337
vt 0.426662 0.723135
vt 0.421421 0.691415
vt 0.421724 0.691639
vt 0.422619 0.707326
vt 0.426877 0.722918
vt 0.422001 0.691845
vt 0.420287 0.279911
vt 0.414752 0.297265
vt 0.413358 0.296228
vt 0.419139 0.278132
vt 0.413138 0.314721
vt 0.411642 0.314495
vt 0.411321 0.295009
vt 0.417397 0.275927
vt 0.409474 0.314364
vt 0.427715 0.266061
vt 0.414854 0.329410
vt 0.413539 0.329882
vt 0.411575 0.330728
vt 0.425426 0.260588
vt 0.426792 0.263671
vt 0.420175 0.339296
vt 0.428347 0.343261
vt 0.427999 0.344626
vt 0.419282 0.340254
vt 0.434757 0.662141
vt 0.426442 0.665904
vt 0.425638 0.664886
vt 0.434491 0.660726
vt 0.427448 0.346682
vt 0.417879 0.341817
vt 0.424373 0.663230
vt 0.434098 0.658607
vt 0.420667 0.675873
vt 0.419394 0.675335
vt 0.417502 0.674394
vt 0.418225 0.690951
vt 0.419070 0.709005
vt 0.417628 0.710009
vt 0.416727 0.691128
vt 0.423914 0.726970
vt 0.422676 0.728749
vt 0.415534 0.711173
vt 0.414567 0.691183
vt 0.420821 0.730941
vt 0.430574 0.741442
vt 0.429522 0.743860
vt 0.427991 0.746972
vt 0.438787 0.750682
vt 0.448268 0.754359
vt 0.448289 0.757392
vt 0.438162 0.753531
vt 0.446093 0.254163
vt 0.436427 0.257389
vt 0.435953 0.254600
vt 0.446274 0.251224
vt 0.448328 0.761386
vt 0.437254 0.757264
vt 0.435239 0.250943
vt 0.446516 0.247356
vt 0.438564 0.277704
vt 0.443876 0.276050
vt 0.443839 0.276788
vt 0.438664 0.278408
vt 0.447163 0.731804
vt 0.441966 0.729922
vt 0.442109 0.729205
vt 0.447172 0.731046
vt 0.443829 0.277172
vt 0.438713 0.278775
vt 0.442180 0.728831
vt 0.447185 0.730651
vt 0.433259 0.282162
vt 0.436973 0.725121
vt 0.437186 0.724547
vt 0.437294 0.724249
vt 0.433529 0.283025
vt 0.433439 0.282730
vt 0.434506 0.684537
vt 0.439568 0.682984
vt 0.439791 0.683903
vt 0.434884 0.685313
vt 0.434129 0.323162
vt 0.429153 0.321459
vt 0.429573 0.320713
vt 0.434390 0.322275
vt 0.439897 0.684376
vt 0.435073 0.685719
vt 0.429784 0.320324
vt 0.434516 0.321818
vt 0.430826 0.689389
vt 0.425724 0.316608
vt 0.426158 0.316057
vt 0.426385 0.315773
vt 0.426512 0.315612
vt 0.429896 0.320102
vt 0.434587 0.321564
vt 0.439956 0.684641
vt 0.435173 0.685949
vt 0.431435 0.690257
vt 0.431227 0.689962
vt 0.432379 0.717200
vt 0.429342 0.707244
vt 0.429730 0.707246
vt 0.432690 0.716867
vt 0.429058 0.697381
vt 0.429446 0.697698
vt 0.429934 0.707248
vt 0.432854 0.716697
vt 0.429648 0.697859
vt 0.424229 0.308927
vt 0.424888 0.299420
vt 0.425273 0.299435
vt 0.424625 0.308638
vt 0.428219 0.289730
vt 0.428510 0.290063
vt 0.425476 0.299444
vt 0.424831 0.308491
vt 0.428664 0.290234
vt 0.428755 0.290327
vt 0.425593 0.299449
vt 0.424949 0.308411
vt 0.425799 0.307852
vt 0.426452 0.299472
vt 0.426771 0.299479
vt 0.426113 0.307645
vt 0.429329 0.290898
vt 0.429580 0.291138
vt 0.427091 0.299487
vt 0.426427 0.307440
vt 0.429833 0.291376
vt 0.426946 0.315034
vt 0.425539 0.308023
vt 0.427193 0.314691
vt 0.426189 0.299467
vt 0.429121 0.290698
vt 0.433894 0.284187
vt 0.434036 0.284621
vt 0.434177 0.285051
vt 0.427751 0.313880
vt 0.427478 0.314283
vt 0.433586 0.716016
vt 0.430890 0.707241
vt 0.431211 0.707235
vt 0.433845 0.715781
vt 0.430456 0.698459
vt 0.430767 0.698686
vt 0.431534 0.707228
vt 0.434105 0.715547
vt 0.431078 0.698912
vt 0.437734 0.723067
vt 0.432189 0.691420
vt 0.432452 0.691851
vt 0.432706 0.692276
vt 0.438073 0.722186
vt 0.437904 0.722624
vt 0.435696 0.687346
vt 0.440220 0.686161
vt 0.440306 0.686804
vt 0.435881 0.687907
vt 0.434972 0.319914
vt 0.430511 0.318703
vt 0.430723 0.318163
vt 0.435085 0.319297
vt 0.440370 0.687417
vt 0.436043 0.688451
vt 0.430911 0.317642
vt 0.435178 0.318710
vt 0.435526 0.686868
vt 0.440137 0.685612
vt 0.434867 0.320438
vt 0.430320 0.319163
vt 0.431051 0.317224
vt 0.435236 0.318256
vt 0.440402 0.687889
vt 0.436160 0.688887
vt 0.438896 0.280296
vt 0.443853 0.278798
vt 0.443855 0.279413
vt 0.438962 0.280846
vt 0.447317 0.728989
vt 0.442478 0.727181
vt 0.442579 0.726624
vt 0.447357 0.728361
vt 0.443858 0.280027
vt 0.439027 0.281390
vt 0.442678 0.726072
vt 0.447399 0.727732
vt 0.442759 0.725618
vt 0.447436 0.727211
vt 0.443863 0.280537
vt 0.439079 0.281838
vt 0.425034 0.308308
vt 0.425688 0.299406
vt 0.425990 0.299181
vt 0.425272 0.308319
vt 0.428890 0.290274
vt 0.428958 0.290364
vt 0.426056 0.299324
vt 0.425371 0.308132
vt 0.428928 0.290685
vt 0.426591 0.315510
vt 0.426780 0.315259
vt 0.426676 0.315294
vt 0.435276 0.686251
vt 0.440028 0.684978
vt 0.440071 0.685151
vt 0.435361 0.686385
vt 0.434681 0.321237
vt 0.430028 0.319813
vt 0.430083 0.319635
vt 0.434722 0.321029
vt 0.440105 0.685359
vt 0.435409 0.686555
vt 0.430188 0.319465
vt 0.434794 0.320781
vt 0.431817 0.314580
vt 0.435465 0.315484
vt 0.435289 0.317243
vt 0.431374 0.316237
vt 0.440484 0.690782
vt 0.436798 0.691661
vt 0.436430 0.689922
vt 0.440392 0.688943
vt 0.435262 0.317932
vt 0.431153 0.316911
vt 0.436246 0.689215
vt 0.440408 0.688226
vt 0.443062 0.722679
vt 0.447242 0.723710
vt 0.447458 0.725938
vt 0.442940 0.724520
vt 0.443436 0.283957
vt 0.439187 0.284728
vt 0.439189 0.282920
vt 0.443808 0.281780
vt 0.447457 0.726811
vt 0.442819 0.725271
vt 0.439117 0.282179
vt 0.443861 0.280926
vt 0.209707 0.493598
vt 0.205345 0.494420
vt 0.242669 0.460739
vt 0.244673 0.460682
vt 0.201255 0.494882
vt 0.240875 0.460589
vt 0.266433 0.427386
vt 0.269074 0.426328
vt 0.263600 0.428570
vt 0.210122 0.519977
vt 0.201109 0.521663
vt 0.216179 0.492249
vt 0.194797 0.522382
vt 0.188874 0.522313
vt 0.181065 0.521534
vt 0.195749 0.494865
vt 0.237644 0.460293
vt 0.259229 0.430137
vt 0.272315 0.425433
vt 0.247882 0.460457
vt 0.073883 0.816988
vt 0.054044 0.808901
vt 0.058036 0.803840
vt 0.081900 0.810983
vt 0.040490 0.803279
vt 0.038382 0.797349
vt 0.060401 0.798353
vt 0.087329 0.805222
vt 0.035406 0.790400
vt 0.013084 0.782142
vt 0.000067 0.768668
vt 0.033766 0.782238
vt 0.062560 0.792448
vt 0.091388 0.799545
vt 0.056052 0.199489
vt 0.068016 0.189782
vt 0.079352 0.192666
vt 0.076044 0.198060
vt 0.084649 0.180608
vt 0.094266 0.187406
vt 0.097628 0.193637
vt 0.048512 0.208517
vt 0.073206 0.204575
vt 0.098437 0.199722
vt 0.254688 0.486661
vt 0.240667 0.487524
vt 0.261068 0.460153
vt 0.269464 0.461801
vt 0.227031 0.489931
vt 0.253548 0.460061
vt 0.282124 0.425160
vt 0.288762 0.426491
vt 0.276483 0.425080
vt 0.256595 0.505129
vt 0.241217 0.510514
vt 0.224492 0.516074
vt 0.251156 0.610123
vt 0.237965 0.591288
vt 0.232485 0.581206
vt 0.241873 0.590178
vt 0.232386 0.584787
vt 0.230131 0.578729
vt 0.231897 0.576720
vt 0.240086 0.581701
vt 0.228453 0.574205
vt 0.273971 0.654943
vt 0.270399 0.649748
vt 0.274901 0.648647
vt 0.254488 0.623016
vt 0.241183 0.602353
vt 0.233981 0.593463
vt 0.227543 0.582787
vt 0.225718 0.575925
vt 0.224386 0.569835
vt 0.222159 0.564674
vt 0.227009 0.565504
vt 0.234943 0.570593
vt 0.242685 0.577240
vt 0.255585 0.598720
vt 0.251994 0.588124
vt 0.264805 0.620576
vt 0.211953 0.420120
vt 0.223134 0.406001
vt 0.215679 0.419008
vt 0.209862 0.423790
vt 0.238851 0.387428
vt 0.228007 0.406917
vt 0.214156 0.425361
vt 0.208053 0.428172
vt 0.224639 0.417578
vt 0.217419 0.406211
vt 0.226141 0.396508
vt 0.207725 0.421507
vt 0.241295 0.377382
vt 0.258688 0.352641
vt 0.264928 0.342974
vt 0.263964 0.353157
vt 0.253154 0.377896
vt 0.242286 0.399448
vt 0.237006 0.411504
vt 0.226023 0.424317
vt 0.214188 0.432434
vt 0.206221 0.434536
vt 0.120510 0.317335
vt 0.125365 0.313673
vt 0.133450 0.311086
vt 0.127023 0.315305
vt 0.134130 0.305920
vt 0.146942 0.302781
vt 0.149239 0.305047
vt 0.139556 0.312685
vt 0.166712 0.294228
vt 0.112604 0.321339
vt 0.114884 0.319093
vt 0.116157 0.320830
vt 0.118021 0.314169
vt 0.125384 0.305217
vt 0.139923 0.295407
vt 0.152756 0.292135
vt 0.171895 0.285066
vt 0.189718 0.276834
vt 0.200377 0.270273
vt 0.192242 0.279639
vt 0.177971 0.292350
vt 0.162845 0.304366
vt 0.136018 0.319733
vt 0.153214 0.312612
vt 0.122767 0.320476
vt 0.133676 0.686816
vt 0.127679 0.679400
vt 0.134971 0.683623
vt 0.147460 0.691797
vt 0.124550 0.676594
vt 0.131319 0.679175
vt 0.152548 0.691319
vt 0.170137 0.704001
vt 0.144634 0.683237
vt 0.137631 0.697381
vt 0.124211 0.685846
vt 0.152120 0.702669
vt 0.120031 0.676148
vt 0.117796 0.669114
vt 0.129792 0.671055
vt 0.142493 0.675161
vt 0.159418 0.683804
vt 0.168588 0.693599
vt 0.184311 0.707818
vt 0.197157 0.720371
vt 0.194078 0.723266
vt 0.200761 0.726850
vt 0.174953 0.713491
vt 0.178534 0.624858
vt 0.174005 0.617716
vt 0.177585 0.619232
vt 0.185562 0.628773
vt 0.170460 0.613429
vt 0.174258 0.615365
vt 0.186769 0.625041
vt 0.201683 0.645100
vt 0.182847 0.616219
vt 0.183137 0.636954
vt 0.172251 0.625038
vt 0.193431 0.644414
vt 0.166599 0.616359
vt 0.163473 0.608406
vt 0.159163 0.602998
vt 0.163475 0.603118
vt 0.172991 0.606190
vt 0.184304 0.610751
vt 0.196579 0.620520
vt 0.201892 0.630898
vt 0.215193 0.651499
vt 0.230435 0.676405
vt 0.227830 0.680413
vt 0.235445 0.689613
vt 0.210146 0.661062
vt 0.154384 0.386054
vt 0.159885 0.381097
vt 0.166827 0.376938
vt 0.160323 0.383958
vt 0.170669 0.368924
vt 0.181519 0.362336
vt 0.181764 0.367123
vt 0.173164 0.378699
vt 0.198793 0.348131
vt 0.153603 0.381967
vt 0.163287 0.369574
vt 0.178881 0.355097
vt 0.190522 0.347730
vt 0.205800 0.334808
vt 0.221034 0.319154
vt 0.230321 0.308502
vt 0.223451 0.323001
vt 0.210221 0.344741
vt 0.197063 0.363133
vt 0.171550 0.386626
vt 0.188973 0.374335
vt 0.156247 0.390960
vt 0.149529 0.389625
vt 0.090424 0.743502
vt 0.097204 0.744114
vt 0.105160 0.746953
vt 0.095916 0.746320
vt 0.110890 0.745288
vt 0.122811 0.751151
vt 0.120239 0.754166
vt 0.106982 0.753223
vt 0.141604 0.759615
vt 0.081179 0.743023
vt 0.085452 0.742096
vt 0.084163 0.744616
vt 0.091821 0.739883
vt 0.103720 0.739506
vt 0.121659 0.744113
vt 0.134384 0.751089
vt 0.152588 0.760244
vt 0.165332 0.767679
vt 0.167995 0.771299
vt 0.162589 0.771622
vt 0.146260 0.768555
vt 0.126508 0.764998
vt 0.099667 0.756812
vt 0.113767 0.763743
vt 0.089274 0.749580
vt 0.103075 0.243682
vt 0.113367 0.244413
vt 0.102892 0.247871
vt 0.096363 0.247623
vt 0.132803 0.241315
vt 0.117495 0.246767
vt 0.098596 0.249398
vt 0.093045 0.248747
vt 0.109273 0.250421
vt 0.108351 0.236015
vt 0.118740 0.235881
vt 0.097563 0.240718
vt 0.137188 0.233685
vt 0.157321 0.229688
vt 0.171453 0.225401
vt 0.160659 0.233029
vt 0.145381 0.240802
vt 0.130681 0.247277
vt 0.121151 0.251917
vt 0.105320 0.255061
vt 0.094227 0.252614
vt 0.088844 0.250335
vt 0.087779 0.248208
vt 0.085606 0.249009
vt 0.090974 0.245503
vt 0.333004 0.802749
vt 0.310240 0.737629
vt 0.311554 0.717888
vt 0.337902 0.795671
vt 0.294267 0.690994
vt 0.292876 0.670523
vt 0.280582 0.630889
vt 0.300881 0.660902
vt 0.308841 0.670028
vt 0.321103 0.728363
vt 0.341823 0.794239
vt 0.328570 0.807315
vt 0.306934 0.742044
vt 0.291440 0.695060
vt 0.263850 0.594477
vt 0.280442 0.605510
vt 0.292160 0.614919
vt 0.251700 0.574393
vt 0.239744 0.561688
vt 0.246391 0.547242
vt 0.265165 0.573972
vt 0.226233 0.554442
vt 0.212324 0.536839
vt 0.169779 0.512280
vt 0.187999 0.510236
vt 0.199810 0.509953
vt 0.253816 0.544070
vt 0.276752 0.575885
vt 0.215903 0.553041
vt 0.197131 0.537637
vt 0.116829 0.504405
vt 0.127057 0.496822
vt 0.155996 0.516844
vt 0.140495 0.489440
vt 0.154806 0.484213
vt 0.317986 0.803749
vt 0.293308 0.735724
vt 0.292669 0.722467
vt 0.320652 0.802383
vt 0.271532 0.681028
vt 0.269295 0.670544
vt 0.256296 0.636554
vt 0.277776 0.675771
vt 0.287490 0.693053
vt 0.302988 0.738841
vt 0.324818 0.805642
vt 0.315116 0.805971
vt 0.291938 0.740581
vt 0.241719 0.634775
vt 0.239213 0.627579
vt 0.270439 0.683923
vt 0.235647 0.615195
vt 0.233895 0.601434
vt 0.135022 0.535417
vt 0.142667 0.529521
vt 0.193080 0.558080
vt 0.179988 0.558381
vt 0.148533 0.522889
vt 0.194477 0.543863
vt 0.213071 0.559983
vt 0.216092 0.569714
vt 0.220595 0.582615
vt 0.212098 0.583846
vt 0.206265 0.586342
vt 0.080120 0.537366
vt 0.089027 0.528187
vt 0.127507 0.541027
vt 0.097794 0.520222
vt 0.175904 0.560545
vt 0.107116 0.512042
vt 0.207264 0.592086
vt 0.190883 0.493746
vt 0.182119 0.492189
vt 0.219143 0.456413
vt 0.230909 0.459662
vt 0.170328 0.491095
vt 0.196303 0.461722
vt 0.203526 0.444598
vt 0.217126 0.440713
vt 0.232244 0.428668
vt 0.242499 0.431768
vt 0.252011 0.431916
vt 0.171631 0.519817
vt 0.158354 0.517475
vt 0.131284 0.506891
vt 0.159660 0.488165
vt 0.143858 0.513496
vt 0.186560 0.462104
vt 0.201732 0.435899
vt 0.196617 0.444508
vt 0.248330 0.406245
vt 0.263811 0.397528
vt 0.274952 0.390395
vt 0.326127 0.198176
vt 0.298759 0.257136
vt 0.287452 0.274499
vt 0.321667 0.201104
vt 0.279373 0.307073
vt 0.267258 0.327784
vt 0.243156 0.366732
vt 0.258661 0.334294
vt 0.263184 0.320203
vt 0.289748 0.262264
vt 0.319155 0.199465
vt 0.329992 0.196646
vt 0.304967 0.259784
vt 0.285486 0.302632
vt 0.218740 0.397399
vt 0.222565 0.383723
vt 0.229066 0.367702
vt 0.262312 0.316622
vt 0.227012 0.373323
vt 0.288255 0.258244
vt 0.316508 0.196941
vt 0.189410 0.415114
vt 0.194404 0.417866
vt 0.182034 0.441635
vt 0.168113 0.439883
vt 0.201902 0.419634
vt 0.199184 0.431584
vt 0.196443 0.438920
vt 0.181523 0.455015
vt 0.149815 0.481321
vt 0.141381 0.473755
vt 0.132806 0.467587
vt 0.192409 0.407709
vt 0.161673 0.435823
vt 0.206508 0.426919
vt 0.204128 0.431328
vt 0.120167 0.499006
vt 0.109932 0.490655
vt 0.092257 0.472813
vt 0.124861 0.460998
vt 0.100985 0.482368
vt 0.268034 0.370645
vt 0.285005 0.333173
vt 0.314269 0.285588
vt 0.291180 0.343475
vt 0.290211 0.311501
vt 0.314501 0.265113
vt 0.334113 0.201571
vt 0.338524 0.209097
vt 0.342228 0.210756
vt 0.323186 0.275264
vt 0.301545 0.333821
vt 0.107691 0.327895
vt 0.118413 0.329871
vt 0.113140 0.348775
vt 0.088826 0.339834
vt 0.138963 0.327350
vt 0.147109 0.336293
vt 0.157633 0.340633
vt 0.113184 0.362467
vt 0.069232 0.373592
vt 0.066468 0.364194
vt 0.062216 0.354036
vt 0.104551 0.324911
vt 0.086847 0.330062
vt 0.166463 0.313695
vt 0.182691 0.315007
vt 0.196192 0.317673
vt 0.159360 0.342618
vt 0.192717 0.316234
vt 0.111398 0.365733
vt 0.033121 0.373402
vt 0.030238 0.363876
vt 0.071743 0.380902
vt 0.027263 0.351557
vt 0.022141 0.324416
vt 0.059476 0.340052
vt 0.024432 0.337573
vt 0.283751 0.181958
vt 0.254423 0.235753
vt 0.243645 0.241949
vt 0.279924 0.181173
vt 0.224051 0.283414
vt 0.213179 0.286186
vt 0.190267 0.294258
vt 0.209278 0.274907
vt 0.217785 0.259230
vt 0.246704 0.224077
vt 0.276497 0.175875
vt 0.287131 0.181912
vt 0.258807 0.235438
vt 0.228285 0.283999
vt 0.219419 0.252484
vt 0.246382 0.218050
vt 0.274067 0.172039
vt 0.269459 0.170903
vt 0.240444 0.218078
vt 0.225276 0.223644
vt 0.262971 0.169539
vt 0.212648 0.253797
vt 0.197894 0.260355
vt 0.174185 0.271902
vt 0.187508 0.253014
vt 0.191077 0.241963
vt 0.227494 0.209743
vt 0.259380 0.165174
vt 0.145603 0.284337
vt 0.153561 0.269699
vt 0.156027 0.257019
vt 0.190403 0.237004
vt 0.157274 0.259931
vt 0.226295 0.204228
vt 0.256790 0.161545
vt 0.120290 0.276243
vt 0.116358 0.287404
vt 0.086567 0.302468
vt 0.073647 0.292235
vt 0.119552 0.299130
vt 0.107110 0.311693
vt 0.105008 0.320872
vt 0.086787 0.322360
vt 0.056235 0.326432
vt 0.052860 0.312244
vt 0.048192 0.296465
vt 0.118424 0.274129
vt 0.070244 0.289520
vt 0.019023 0.311116
vt 0.015866 0.296438
vt 0.012758 0.272669
vt 0.044764 0.282909
vt 0.013698 0.283185
vt 0.039257 0.697118
vt 0.043131 0.684606
vt 0.079190 0.689563
vt 0.069983 0.695421
vt 0.045417 0.672558
vt 0.077944 0.669693
vt 0.099082 0.672285
vt 0.104518 0.680712
vt 0.116365 0.691930
vt 0.110809 0.703944
vt 0.111486 0.713906
vt 0.002710 0.710162
vt 0.003288 0.701024
vt 0.036197 0.707761
vt 0.004440 0.690048
vt 0.066214 0.699307
vt 0.008723 0.668386
vt 0.047955 0.661941
vt 0.006412 0.678412
vt 0.077534 0.662813
vt 0.097110 0.666467
vt 0.142467 0.709272
vt 0.151532 0.726492
vt 0.156767 0.741068
vt 0.107847 0.713748
vt 0.156736 0.737518
vt 0.053016 0.649975
vt 0.059369 0.634128
vt 0.111608 0.633407
vt 0.080360 0.650303
vt 0.064651 0.623774
vt 0.111730 0.623882
vt 0.155323 0.648297
vt 0.151537 0.654230
vt 0.145007 0.664514
vt 0.121965 0.656483
vt 0.104534 0.655295
vt 0.011869 0.657971
vt 0.016203 0.645586
vt 0.024316 0.624773
vt 0.068009 0.616407
vt 0.020454 0.633914
vt 0.112238 0.619977
vt 0.198992 0.680791
vt 0.197098 0.682301
vt 0.154801 0.645795
vt 0.188956 0.683108
vt 0.172489 0.683349
vt 0.110531 0.668723
vt 0.255322 0.833791
vt 0.226094 0.789340
vt 0.225115 0.775328
vt 0.259238 0.829576
vt 0.192114 0.757438
vt 0.189019 0.746387
vt 0.177058 0.727945
vt 0.200091 0.738966
vt 0.214191 0.745795
vt 0.240332 0.780539
vt 0.265902 0.828517
vt 0.252488 0.837285
vt 0.224421 0.794858
vt 0.191323 0.762371
vt 0.219311 0.745604
vt 0.246237 0.780225
vt 0.270630 0.827630
vt 0.273324 0.823890
vt 0.247341 0.774530
vt 0.250563 0.764564
vt 0.277148 0.818709
vt 0.219440 0.740596
vt 0.212753 0.724968
vt 0.197437 0.706074
vt 0.218195 0.713622
vt 0.228840 0.716440
vt 0.261102 0.770746
vt 0.281097 0.818273
vt 0.233082 0.715910
vt 0.260620 0.763136
vt 0.284540 0.818579
vt 0.071834 0.609979
vt 0.077191 0.600932
vt 0.122959 0.612640
vt 0.113796 0.617341
vt 0.081378 0.590749
vt 0.126062 0.593279
vt 0.147815 0.602851
vt 0.151538 0.614612
vt 0.164025 0.628652
vt 0.155482 0.635351
vt 0.152832 0.641767
vt 0.027699 0.616746
vt 0.031891 0.607100
vt 0.041840 0.586365
vt 0.085983 0.581741
vt 0.036659 0.596428
vt 0.128378 0.585269
vt 0.146803 0.594834
vt 0.185903 0.648316
vt 0.191666 0.665107
vt 0.196832 0.676564
vt 0.096522 0.570782
vt 0.110603 0.557548
vt 0.169094 0.571268
vt 0.135297 0.578218
vt 0.120541 0.548233
vt 0.173401 0.563915
vt 0.208901 0.595977
vt 0.203589 0.598855
vt 0.191992 0.603916
vt 0.172899 0.591973
vt 0.155788 0.588055
vt 0.048435 0.575117
vt 0.058351 0.561614
vt 0.069129 0.548701
vt 0.241441 0.638204
vt 0.230969 0.634451
vt 0.210817 0.625348
vt 0.287116 0.817269
vt 0.262099 0.759617
vt 0.260119 0.747495
vt 0.289686 0.816168
vt 0.233434 0.712776
vt 0.229303 0.702517
vt 0.215523 0.677966
vt 0.237436 0.701415
vt 0.248994 0.714863
vt 0.271245 0.760750
vt 0.294019 0.818918
vt 0.253136 0.716352
vt 0.276002 0.762782
vt 0.297773 0.820065
vt 0.301983 0.815454
vt 0.278947 0.755312
vt 0.279783 0.732929
vt 0.306934 0.808535
vt 0.255245 0.709466
vt 0.249837 0.689159
vt 0.233254 0.658125
vt 0.256047 0.677274
vt 0.266222 0.683438
vt 0.288625 0.740516
vt 0.311398 0.806714
vt 0.143299 0.398229
vt 0.155339 0.401527
vt 0.157151 0.421036
vt 0.129992 0.413490
vt 0.178003 0.392815
vt 0.190736 0.397702
vt 0.196656 0.401056
vt 0.162648 0.431419
vt 0.117404 0.452512
vt 0.110319 0.442856
vt 0.101806 0.432405
vt 0.139037 0.394967
vt 0.122799 0.404563
vt 0.203954 0.370239
vt 0.221708 0.364203
vt 0.228044 0.364413
vt 0.082763 0.460624
vt 0.073007 0.446292
vt 0.055503 0.416836
vt 0.093282 0.419532
vt 0.063603 0.430808
vt 0.312884 0.195777
vt 0.283782 0.258566
vt 0.273275 0.266366
vt 0.308617 0.193514
vt 0.257819 0.316731
vt 0.247140 0.323014
vt 0.224602 0.341613
vt 0.241833 0.311539
vt 0.248209 0.290618
vt 0.275406 0.243923
vt 0.304226 0.186298
vt 0.248610 0.281082
vt 0.273704 0.235826
vt 0.300369 0.181417
vt 0.296546 0.182218
vt 0.268630 0.238242
vt 0.256627 0.251368
vt 0.292035 0.184600
vt 0.242707 0.284981
vt 0.230523 0.299127
vt 0.209913 0.321728
vt 0.223422 0.298428
vt 0.228349 0.287456
vt 0.259869 0.239102
vt 0.289580 0.183357
vt 0.184401 0.343408
vt 0.191127 0.329298
vt 0.195021 0.320945
vt 0.155580 0.348103
vt 0.153423 0.356949
vt 0.122503 0.377739
vt 0.113371 0.369875
vt 0.157668 0.365020
vt 0.143020 0.381122
vt 0.139971 0.390286
vt 0.122530 0.396674
vt 0.087781 0.408375
vt 0.082812 0.397480
vt 0.076358 0.388184
vt 0.146481 0.390235
vt 0.149203 0.387392
vt 0.048159 0.404329
vt 0.041160 0.392143
vt 0.036279 0.381817
vt 0.035158 0.777198
vt 0.035692 0.768353
vt 0.068242 0.774742
vt 0.065670 0.788370
vt 0.033770 0.756736
vt 0.058684 0.758202
vt 0.074267 0.750595
vt 0.081522 0.758981
vt 0.096056 0.766098
vt 0.095432 0.781386
vt 0.094995 0.793587
vt 0.001771 0.762747
vt 0.002410 0.755321
vt 0.002454 0.738778
vt 0.032554 0.746745
vt 0.002551 0.746737
vt 0.056327 0.749157
vt 0.072354 0.744644
vt 0.119275 0.774038
vt 0.125546 0.787921
vt 0.125040 0.797122
vt 0.216588 0.856036
vt 0.189261 0.824170
vt 0.191616 0.810315
vt 0.225013 0.850376
vt 0.156968 0.805405
vt 0.156125 0.794536
vt 0.147220 0.781156
vt 0.168081 0.784869
vt 0.183077 0.786682
vt 0.208644 0.811415
vt 0.235039 0.847919
vt 0.188499 0.784058
vt 0.215668 0.809085
vt 0.242209 0.846039
vt 0.032600 0.738137
vt 0.032845 0.728008
vt 0.065559 0.716808
vt 0.056793 0.741908
vt 0.034528 0.717129
vt 0.064557 0.703994
vt 0.103227 0.715239
vt 0.100873 0.721498
vt 0.100484 0.730800
vt 0.082248 0.733183
vt 0.074235 0.739097
vt 0.002775 0.731780
vt 0.002879 0.724564
vt 0.002569 0.717491
vt 0.153764 0.740854
vt 0.144745 0.740685
vt 0.131195 0.742218
vt 0.244769 0.842727
vt 0.216641 0.804576
vt 0.212157 0.791222
vt 0.246725 0.838748
vt 0.188896 0.780295
vt 0.179376 0.770106
vt 0.161447 0.757780
vt 0.179926 0.761332
vt 0.188572 0.763039
vt 0.220982 0.795550
vt 0.249460 0.838185
vt 0.096443 0.208952
vt 0.095437 0.221309
vt 0.075617 0.225115
vt 0.073477 0.212393
vt 0.095436 0.233428
vt 0.084942 0.238709
vt 0.080541 0.244279
vt 0.068828 0.235875
vt 0.045414 0.232023
vt 0.046426 0.223269
vt 0.046138 0.217329
vt 0.125773 0.203254
vt 0.121004 0.214784
vt 0.113601 0.227634
vt 0.079448 0.247586
vt 0.067413 0.241684
vt 0.014933 0.238117
vt 0.014689 0.228358
vt 0.044414 0.240980
vt 0.014823 0.218199
vt 0.015973 0.208460
vt 0.240064 0.150278
vt 0.211773 0.186904
vt 0.194576 0.188051
vt 0.230236 0.147528
vt 0.184343 0.212413
vt 0.168539 0.214337
vt 0.140939 0.221046
vt 0.157636 0.204563
vt 0.159781 0.193196
vt 0.193229 0.173712
vt 0.222108 0.141607
vt 0.247082 0.152367
vt 0.219386 0.188735
vt 0.191968 0.213483
vt 0.080731 0.253492
vt 0.087552 0.259690
vt 0.072818 0.273253
vt 0.067129 0.248476
vt 0.104757 0.261449
vt 0.106317 0.269677
vt 0.112365 0.273603
vt 0.070275 0.285068
vt 0.043213 0.272045
vt 0.042730 0.261171
vt 0.043643 0.250689
vt 0.131385 0.254355
vt 0.144387 0.256607
vt 0.152421 0.257250
vt 0.012952 0.264374
vt 0.013696 0.256007
vt 0.014577 0.247046
vt 0.253863 0.160484
vt 0.222914 0.203514
vt 0.213860 0.207802
vt 0.251205 0.159778
vt 0.187441 0.236335
vt 0.178770 0.237836
vt 0.155597 0.242477
vt 0.179363 0.229306
vt 0.189892 0.218958
vt 0.219477 0.193935
vt 0.249469 0.155748
vt 0.108169 0.672441
vt 0.122408 0.675731
s 1
usemtl BigBod
f 920/1/912 921/2/913 924/3/916 923/4/915
f 921/2/913 922/5/914 925/6/917 924/3/916
f 923/4/915 924/3/916 927/7/919 926/8/918
f 924/3/916 925/6/917 928/9/920 927/7/919
f 52/10/52 437/11/437 920/1/912 419/12/419
f 437/11/437 436/13/436 921/2/913 920/1/912
f 436/13/436 435/14/435 922/5/914 921/2/913
f 435/14/435 106/15/106 695/16/687 922/5/914
f 922/5/914 695/16/687 694/17/686 925/6/917
f 925/6/917 694/17/686 693/18/685 928/9/920
f 928/9/920 693/18/685 99/19/99 671/20/663
f 927/7/919 928/9/920 671/20/663 670/21/662
f 926/8/918 927/7/919 670/21/662 669/22/661
f 417/23/417 926/8/918 669/22/661 10/24/10
f 418/25/418 923/4/915 926/8/918 417/23/417
f 419/12/419 920/1/912 923/4/915 418/25/418
f 929/26/921 930/27/922 933/28/925 932/29/924
f 930/27/922 931/30/923 934/31/926 933/28/925
f 932/29/924 933/28/925 936/32/928 935/33/927
f 933/28/925 934/31/926 937/34/929 936/32/928
f 37/35/37 344/36/344 929/26/921 329/37/329
f 344/36/344 343/38/343 930/27/922 929/26/921
f 343/38/343 342/39/342 931/30/923 930/27/922
f 342/39/342 35/40/35 147/41/147 931/30/923
f 931/30/923 147/41/147 148/42/148 934/31/926
f 934/31/926 148/42/148 149/43/149 937/34/929
f 937/34/929 149/43/149 6/44/6 150/45/150
f 936/32/928 937/34/929 150/45/150 151/46/151
f 935/33/927 936/32/928 151/46/151 152/47/152
f 327/48/327 935/33/927 152/47/152 5/49/5
f 328/50/328 932/29/924 935/33/927 327/48/327
f 329/37/329 929/26/921 932/29/924 328/50/328
f 938/51/930 939/52/931 942/53/934 941/54/933
f 939/52/931 940/55/932 943/56/935 942/53/934
f 941/57/933 942/58/934 945/59/937 944/60/936
f 942/58/934 943/61/935 946/62/938 945/59/937
f 5/49/5 152/47/152 938/51/930 155/63/155
f 152/47/152 151/46/151 939/52/931 938/51/930
f 151/46/151 150/45/150 940/55/932 939/52/931
f 150/45/150 6/44/6 156/64/156 940/55/932
f 940/55/932 156/64/156 157/65/157 943/56/935
f 943/61/935 157/66/157 158/67/158 946/62/938
f 946/62/938 158/67/158 4/68/4 159/69/159
f 945/59/937 946/62/938 159/69/159 160/70/160
f 944/60/936 945/59/937 160/70/160 161/71/161
f 153/72/153 944/60/936 161/71/161 3/73/3
f 154/74/154 941/57/933 944/60/936 153/72/153
f 155/63/155 938/51/930 941/54/933 154/75/154
f 947/76/939 948/77/940 951/78/943 950/79/942
f 948/77/940 949/80/941 952/81/944 951/78/943
f 950/82/942 951/83/943 954/84/946 953/85/945
f 951/83/943 952/86/944 955/87/947 954/84/946
f 37/35/37 329/37/329 947/76/939 339/88/339
f 329/37/329 328/50/328 948/77/940 947/76/939
f 328/50/328 327/48/327 949/80/941 948/77/940
f 327/48/327 5/49/5 155/63/155 949/80/941
f 949/80/941 155/63/155 154/75/154 952/81/944
f 952/86/944 154/74/154 153/72/153 955/87/947
f 955/87/947 153/72/153 3/73/3 164/89/164
f 954/84/946 955/87/947 164/89/164 163/90/163
f 953/85/945 954/84/946 163/90/163 162/91/162
f 341/92/341 953/85/945 162/91/162 36/93/36
f 340/94/340 950/82/942 953/85/945 341/92/341
f 339/88/339 947/76/939 950/79/942 340/95/340
f 956/96/948 957/97/949 960/98/952 959/99/951
f 957/97/949 958/100/950 961/101/953 960/98/952
f 959/102/951 960/103/952 963/104/955 962/105/954
f 960/103/952 961/106/953 964/107/956 963/104/955
f 69/108/69 509/109/509 956/96/948 519/110/519
f 509/109/509 508/111/508 957/97/949 956/96/948
f 508/111/508 507/112/507 958/100/950 957/97/949
f 507/112/507 7/113/7 171/114/171 958/100/950
f 958/100/950 171/114/171 172/115/172 961/101/953
f 961/106/953 172/116/172 173/117/173 964/107/956
f 964/107/956 173/117/173 8/118/8 170/119/170
f 963/104/955 964/107/956 170/119/170 169/120/169
f 962/105/954 963/104/955 169/120/169 168/121/168
f 521/122/521 962/105/954 168/121/168 68/123/68
f 520/124/520 959/102/951 962/105/954 521/122/521
f 519/110/519 956/96/948 959/99/951 520/125/520
f 965/126/957 966/127/958 969/128/961 968/129/960
f 966/127/958 967/130/959 970/131/962 969/128/961
f 968/129/960 969/128/961 972/132/964 971/133/963
f 969/128/961 970/131/962 973/134/965 972/132/964
f 20/135/20 251/136/251 965/126/957 233/137/233
f 251/136/251 250/138/250 966/127/958 965/126/957
f 250/138/250 249/139/249 967/130/959 966/127/958
f 249/139/249 19/140/19 207/141/207 967/130/959
f 967/130/959 207/141/207 208/142/208 970/131/962
f 970/131/962 208/142/208 209/143/209 973/134/965
f 973/134/965 209/143/209 25/144/25 200/145/200
f 972/132/964 973/134/965 200/145/200 199/146/199
f 971/133/963 972/132/964 199/146/199 198/147/198
f 231/148/231 971/133/963 198/147/198 24/149/24
f 232/150/232 968/129/960 971/133/963 231/148/231
f 233/137/233 965/126/957 968/129/960 232/150/232
f 974/151/966 975/152/967 978/153/970 977/154/969
f 975/155/967 976/156/968 979/157/971 978/158/970
f 977/154/969 978/153/970 981/159/973 980/160/972
f 978/158/970 979/157/971 982/161/974 981/162/973
f 54/163/54 434/164/434 974/151/966 425/165/425
f 434/164/434 433/166/433 975/152/967 974/151/966
f 433/167/433 432/168/432 976/156/968 975/155/967
f 432/168/432 53/169/53 189/170/189 976/156/968
f 976/156/968 189/170/189 190/171/190 979/157/971
f 979/157/971 190/171/190 191/172/191 982/161/974
f 982/161/974 191/172/191 9/173/9 176/174/176
f 981/162/973 982/161/974 176/174/176 175/175/175
f 980/160/972 981/159/973 175/176/175 174/177/174
f 423/178/423 980/160/972 174/177/174 11/179/11
f 424/180/424 977/154/969 980/160/972 423/178/423
f 425/165/425 974/151/966 977/154/969 424/180/424
f 983/181/975 984/182/976 987/183/979 986/184/978
f 984/182/976 985/185/977 988/186/980 987/183/979
f 986/184/978 987/183/979 990/187/982 989/188/981
f 987/183/979 988/186/980 991/189/983 990/187/982
f 51/190/51 431/191/431 983/181/975 186/192/186
f 431/191/431 430/193/430 984/182/976 983/181/975
f 430/193/430 429/194/429 985/185/977 984/182/976
f 429/194/429 54/163/54 425/165/425 985/185/977
f 985/185/977 425/165/425 424/180/424 988/186/980
f 988/186/980 424/180/424 423/178/423 991/189/983
f 991/189/983 423/178/423 11/179/11 185/195/185
f 990/187/982 991/189/983 185/195/185 184/196/184
f 989/188/981 990/187/982 184/196/184 183/197/183
f 188/198/188 989/188/981 183/197/183 12/199/12
f 187/200/187 986/184/978 989/188/981 188/198/188
f 186/192/186 983/181/975 986/184/978 187/200/187
f 992/201/984 993/202/985 996/203/988 995/204/987
f 993/202/985 994/205/986 997/206/989 996/203/988
f 995/204/987 996/203/988 999/207/991 998/208/990
f 996/203/988 997/206/989 1000/209/992 999/207/991
f 53/169/53 428/210/428 992/201/984 189/170/189
f 428/210/428 427/211/427 993/202/985 992/201/984
f 427/211/427 426/212/426 994/205/986 993/202/985
f 426/212/426 52/10/52 419/12/419 994/205/986
f 994/205/986 419/12/419 418/25/418 997/206/989
f 997/206/989 418/25/418 417/23/417 1000/209/992
f 1000/209/992 417/23/417 10/24/10 179/213/179
f 999/207/991 1000/209/992 179/213/179 178/214/178
f 998/208/990 999/207/991 178/214/178 177/215/177
f 191/172/191 998/208/990 177/215/177 9/173/9
f 190/171/190 995/204/987 998/208/990 191/172/191
f 189/170/189 992/201/984 995/204/987 190/171/190
f 1001/216/993 1002/217/994 1005/218/997 1004/219/996
f 1002/217/994 1003/220/995 1006/221/998 1005/218/997
f 1004/219/996 1005/218/997 1008/222/1000 1007/223/999
f 1005/218/997 1006/221/998 1009/224/1001 1008/222/1000
f 79/225/79 572/226/572 1001/216/993 557/227/557
f 572/226/572 571/228/571 1002/217/994 1001/216/993
f 571/228/571 570/229/570 1003/220/995 1002/217/994
f 570/229/570 77/230/77 288/231/288 1003/220/995
f 1003/220/995 288/231/288 289/232/289 1006/221/998
f 1006/221/998 289/232/289 290/233/290 1009/224/1001
f 1009/224/1001 290/233/290 57/234/57 281/235/281
f 1008/222/1000 1009/224/1001 281/235/281 280/236/280
f 1007/223/999 1008/222/1000 280/236/280 279/237/279
f 555/238/555 1007/223/999 279/237/279 56/239/56
f 556/240/556 1004/219/996 1007/223/999 555/238/555
f 557/227/557 1001/216/993 1004/219/996 556/240/556
f 1010/241/1002 1011/242/1003 1014/243/1006 1013/244/1005
f 1011/245/1003 1012/246/1004 1015/247/1007 1014/248/1006
f 1013/244/1005 1014/243/1006 1017/249/1009 1016/250/1008
f 1014/248/1006 1015/247/1007 1018/251/1010 1017/252/1009
f 19/140/19 248/253/248 1010/241/1002 207/141/207
f 248/253/248 247/254/247 1011/242/1003 1010/241/1002
f 247/255/247 246/256/246 1012/246/1004 1011/245/1003
f 246/256/246 21/257/21 213/258/213 1012/246/1004
f 1012/246/1004 213/258/213 214/259/214 1015/247/1007
f 1015/247/1007 214/259/214 215/260/215 1018/251/1010
f 1018/251/1010 215/260/215 26/261/26 203/262/203
f 1017/252/1009 1018/251/1010 203/262/203 202/263/202
f 1016/250/1008 1017/249/1009 202/264/202 201/265/201
f 209/143/209 1016/250/1008 201/265/201 25/144/25
f 208/142/208 1013/244/1005 1016/250/1008 209/143/209
f 207/141/207 1010/241/1002 1013/244/1005 208/142/208
f 1019/266/1011 1020/267/1012 1023/268/1015 1022/269/1014
f 1020/270/1012 1021/271/1013 1024/272/1016 1023/273/1015
f 1022/269/1014 1023/268/1015 1026/274/1018 1025/275/1017
f 1023/273/1015 1024/272/1016 1027/276/1019 1026/277/1018
f 22/278/22 245/279/245 1019/266/1011 239/280/239
f 245/279/245 244/281/244 1020/267/1012 1019/266/1011
f 244/282/244 243/283/243 1021/271/1013 1020/270/1012
f 243/283/243 20/135/20 233/137/233 1021/271/1013
f 1021/271/1013 233/137/233 232/150/232 1024/272/1016
f 1024/272/1016 232/150/232 231/148/231 1027/276/1019
f 1027/276/1019 231/148/231 24/149/24 197/284/197
f 1026/277/1018 1027/276/1019 197/284/197 196/285/196
f 1025/275/1017 1026/274/1018 196/286/196 195/287/195
f 237/288/237 1025/275/1017 195/287/195 23/289/23
f 238/290/238 1022/269/1014 1025/275/1017 237/288/237
f 239/280/239 1019/266/1011 1022/269/1014 238/290/238
f 1028/291/1020 1029/292/1021 1032/293/1024 1031/294/1023
f 1029/292/1021 1030/295/1022 1033/296/1025 1032/293/1024
f 1031/294/1023 1032/293/1024 1035/297/1027 1034/298/1026
f 1032/293/1024 1033/296/1025 1036/299/1028 1035/297/1027
f 21/257/21 242/300/242 1028/291/1020 213/258/213
f 242/300/242 241/301/241 1029/292/1021 1028/291/1020
f 241/301/241 240/302/240 1030/295/1022 1029/292/1021
f 240/302/240 22/278/22 239/280/239 1030/295/1022
f 1030/295/1022 239/280/239 238/290/238 1033/296/1025
f 1033/296/1025 238/290/238 237/288/237 1036/299/1028
f 1036/299/1028 237/288/237 23/289/23 206/303/206
f 1035/297/1027 1036/299/1028 206/303/206 205/304/205
f 1034/298/1026 1035/297/1027 205/304/205 204/305/204
f 215/260/215 1034/298/1026 204/305/204 26/261/26
f 214/259/214 1031/294/1023 1034/298/1026 215/260/215
f 213/258/213 1028/291/1020 1031/294/1023 214/259/214
f 1037/306/1029 1038/307/1030 1041/308/1033 1040/309/1032
f 1038/307/1030 1039/310/1031 1042/311/1034 1041/308/1033
f 1040/312/1032 1041/313/1033 1044/314/1036 1043/315/1035
f 1041/313/1033 1042/316/1034 1045/317/1037 1044/314/1036
f 63/318/63 488/319/488 1037/306/1029 492/320/492
f 488/319/488 487/321/487 1038/307/1030 1037/306/1029
f 487/321/487 486/322/486 1039/310/1031 1038/307/1030
f 486/322/486 17/323/17 225/324/225 1039/310/1031
f 1039/310/1031 225/324/225 226/325/226 1042/311/1034
f 1042/316/1034 226/326/226 227/327/227 1045/317/1037
f 1045/317/1037 227/327/227 18/328/18 224/329/224
f 1044/314/1036 1045/317/1037 224/329/224 223/330/223
f 1043/315/1035 1044/314/1036 223/330/223 222/331/222
f 494/332/494 1043/315/1035 222/331/222 66/333/66
f 493/334/493 1040/312/1032 1043/315/1035 494/332/494
f 492/320/492 1037/306/1029 1040/309/1032 493/335/493
f 1046/336/1038 1047/337/1039 1050/338/1042 1049/339/1041
f 1047/337/1039 1048/340/1040 1051/341/1043 1050/338/1042
f 1049/339/1041 1050/338/1042 1053/342/1045 1052/343/1044
f 1050/338/1042 1051/341/1043 1054/344/1046 1053/342/1045
f 48/345/48 416/346/416 1046/336/1038 234/347/234
f 416/346/416 415/348/415 1047/337/1039 1046/336/1038
f 415/348/415 414/349/414 1048/340/1040 1047/337/1039
f 414/349/414 50/350/50 404/351/404 1048/340/1040
f 1048/340/1040 404/351/404 403/352/403 1051/341/1043
f 1051/341/1043 403/352/403 402/353/402 1054/344/1046
f 1054/344/1046 402/353/402 22/278/22 240/302/240
f 1053/342/1045 1054/344/1046 240/302/240 241/301/241
f 1052/343/1044 1053/342/1045 241/301/241 242/300/242
f 236/354/236 1052/343/1044 242/300/242 21/257/21
f 235/355/235 1049/339/1041 1052/343/1044 236/354/236
f 234/347/234 1046/336/1038 1049/339/1041 235/355/235
f 1055/356/1047 1056/357/1048 1059/358/1051 1058/359/1050
f 1056/360/1048 1057/361/1049 1060/362/1052 1059/363/1051
f 1058/359/1050 1059/358/1051 1062/364/1054 1061/365/1053
f 1059/363/1051 1060/362/1052 1063/366/1055 1062/367/1054
f 50/350/50 413/368/413 1055/356/1047 404/351/404
f 413/368/413 412/369/412 1056/357/1048 1055/356/1047
f 412/370/412 411/371/411 1057/361/1049 1056/360/1048
f 411/371/411 49/372/49 401/373/401 1057/361/1049
f 1057/361/1049 401/373/401 400/374/400 1060/362/1052
f 1060/362/1052 400/374/400 399/375/399 1063/366/1055
f 1063/366/1055 399/375/399 20/135/20 243/283/243
f 1062/367/1054 1063/366/1055 243/283/243 244/282/244
f 1061/365/1053 1062/364/1054 244/281/244 245/279/245
f 402/353/402 1061/365/1053 245/279/245 22/278/22
f 403/352/403 1058/359/1050 1061/365/1053 402/353/402
f 404/351/404 1055/356/1047 1058/359/1050 403/352/403
f 1064/376/1056 1065/377/1057 1068/378/1060 1067/379/1059
f 1065/380/1057 1066/381/1058 1069/382/1061 1068/383/1060
f 1067/379/1059 1068/378/1060 1071/384/1063 1070/385/1062
f 1068/383/1060 1069/382/1061 1072/386/1064 1071/387/1063
f 47/388/47 410/389/410 1064/376/1056 228/390/228
f 410/389/410 409/391/409 1065/377/1057 1064/376/1056
f 409/392/409 408/393/408 1066/381/1058 1065/380/1057
f 408/393/408 48/345/48 234/347/234 1066/381/1058
f 1066/381/1058 234/347/234 235/355/235 1069/382/1061
f 1069/382/1061 235/355/235 236/354/236 1072/386/1064
f 1072/386/1064 236/354/236 21/257/21 246/256/246
f 1071/387/1063 1072/386/1064 246/256/246 247/255/247
f 1070/385/1062 1071/384/1063 247/254/247 248/253/248
f 230/394/230 1070/385/1062 248/253/248 19/140/19
f 229/395/229 1067/379/1059 1070/385/1062 230/394/230
f 228/390/228 1064/376/1056 1067/379/1059 229/395/229
f 1073/396/1065 1074/397/1066 1077/398/1069 1076/399/1068
f 1074/397/1066 1075/400/1067 1078/401/1070 1077/398/1069
f 1076/399/1068 1077/398/1069 1080/402/1072 1079/403/1071
f 1077/398/1069 1078/401/1070 1081/404/1073 1080/402/1072
f 49/372/49 407/405/407 1073/396/1065 401/373/401
f 407/405/407 406/406/406 1074/397/1066 1073/396/1065
f 406/406/406 405/407/405 1075/400/1067 1074/397/1066
f 405/407/405 47/388/47 228/390/228 1075/400/1067
f 1075/400/1067 228/390/228 229/395/229 1078/401/1070
f 1078/401/1070 229/395/229 230/394/230 1081/404/1073
f 1081/404/1073 230/394/230 19/140/19 249/139/249
f 1080/402/1072 1081/404/1073 249/139/249 250/138/250
f 1079/403/1071 1080/402/1072 250/138/250 251/136/251
f 399/375/399 1079/403/1071 251/136/251 20/135/20
f 400/374/400 1076/399/1068 1079/403/1071 399/375/399
f 401/373/401 1073/396/1065 1076/399/1068 400/374/400
f 1082/408/1074 1083/409/1075 1086/410/1078 1085/411/1077
f 1083/412/1075 1084/413/1076 1087/414/1079 1086/415/1078
f 1085/411/1077 1086/410/1078 1089/416/1081 1088/417/1080
f 1086/415/1078 1087/414/1079 1090/418/1082 1089/419/1081
f 81/420/81 596/421/596 1082/408/1074 575/422/575
f 596/421/596 595/423/595 1083/409/1075 1082/408/1074
f 595/424/595 594/425/594 1084/413/1076 1083/412/1075
f 594/425/594 82/426/82 267/427/267 1084/413/1076
f 1084/413/1076 267/427/267 268/428/268 1087/414/1079
f 1087/414/1079 268/428/268 269/429/269 1090/418/1082
f 1090/418/1082 269/429/269 23/289/23 195/287/195
f 1089/419/1081 1090/418/1082 195/287/195 196/286/196
f 1088/417/1080 1089/416/1081 196/285/196 197/284/197
f 573/430/573 1088/417/1080 197/284/197 24/149/24
f 574/431/574 1085/411/1077 1088/417/1080 573/430/573
f 575/422/575 1082/408/1074 1085/411/1077 574/431/574
f 1091/432/1083 1092/433/1084 1095/434/1087 1094/435/1086
f 1092/433/1084 1093/436/1085 1096/437/1088 1095/434/1087
f 1094/435/1086 1095/434/1087 1098/438/1090 1097/439/1089
f 1095/434/1087 1096/437/1088 1099/440/1091 1098/438/1090
f 83/441/83 593/442/593 1091/432/1083 581/443/581
f 593/442/593 592/444/592 1092/433/1084 1091/432/1083
f 592/444/592 591/445/591 1093/436/1085 1092/433/1084
f 591/445/591 81/420/81 575/422/575 1093/436/1085
f 1093/436/1085 575/422/575 574/431/574 1096/437/1088
f 1096/437/1088 574/431/574 573/430/573 1099/440/1091
f 1099/440/1091 573/430/573 24/149/24 198/147/198
f 1098/438/1090 1099/440/1091 198/147/198 199/146/199
f 1097/439/1089 1098/438/1090 199/146/199 200/145/200
f 579/446/579 1097/439/1089 200/145/200 25/144/25
f 580/447/580 1094/435/1086 1097/439/1089 579/446/579
f 581/443/581 1091/432/1083 1094/435/1086 580/447/580
f 1100/448/1092 1101/449/1093 1104/450/1096 1103/451/1095
f 1101/452/1093 1102/453/1094 1105/454/1097 1104/455/1096
f 1103/451/1095 1104/450/1096 1107/456/1099 1106/457/1098
f 1104/455/1096 1105/454/1097 1108/458/1100 1107/459/1099
f 84/460/84 590/461/590 1100/448/1092 584/462/584
f 590/461/590 589/463/589 1101/449/1093 1100/448/1092
f 589/464/589 588/465/588 1102/453/1094 1101/452/1093
f 588/465/588 83/441/83 581/443/581 1102/453/1094
f 1102/453/1094 581/443/581 580/447/580 1105/454/1097
f 1105/454/1097 580/447/580 579/446/579 1108/458/1100
f 1108/458/1100 579/446/579 25/144/25 201/265/201
f 1107/459/1099 1108/458/1100 201/265/201 202/264/202
f 1106/457/1098 1107/456/1099 202/263/202 203/262/203
f 582/466/582 1106/457/1098 203/262/203 26/261/26
f 583/467/583 1103/451/1095 1106/457/1098 582/466/582
f 584/462/584 1100/448/1092 1103/451/1095 583/467/583
f 1109/468/1101 1110/469/1102 1113/470/1105 1112/471/1104
f 1110/469/1102 1111/472/1103 1114/473/1106 1113/470/1105
f 1112/471/1104 1113/470/1105 1116/474/1108 1115/475/1107
f 1113/470/1105 1114/473/1106 1117/476/1109 1116/474/1108
f 82/426/82 587/477/587 1109/468/1101 267/427/267
f 587/477/587 586/478/586 1110/469/1102 1109/468/1101
f 586/478/586 585/479/585 1111/472/1103 1110/469/1102
f 585/479/585 84/460/84 584/462/584 1111/472/1103
f 1111/472/1103 584/462/584 583/467/583 1114/473/1106
f 1114/473/1106 583/467/583 582/466/582 1117/476/1109
f 1117/476/1109 582/466/582 26/261/26 204/305/204
f 1116/474/1108 1117/476/1109 204/305/204 205/304/205
f 1115/475/1107 1116/474/1108 205/304/205 206/303/206
f 269/429/269 1115/475/1107 206/303/206 23/289/23
f 268/428/268 1112/471/1104 1115/475/1107 269/429/269
f 267/427/267 1109/468/1101 1112/471/1104 268/428/268
f 1118/480/1110 1119/481/1111 1122/482/1114 1121/483/1113
f 1119/481/1111 1120/484/1112 1123/485/1115 1122/482/1114
f 1121/483/1113 1122/482/1114 1125/486/1117 1124/487/1116
f 1122/482/1114 1123/485/1115 1126/488/1118 1125/486/1117
f 60/489/60 467/490/467 1118/480/1110 665/491/657
f 467/490/467 466/492/466 1119/481/1111 1118/480/1110
f 466/492/466 465/493/465 1120/484/1112 1119/481/1111
f 465/493/465 59/494/59 660/495/652 1120/484/1112
f 1120/484/1112 660/495/652 661/496/653 1123/485/1115
f 1123/485/1115 661/496/653 662/497/654 1126/488/1118
f 1126/488/1118 662/497/654 90/498/90 624/499/624
f 1125/486/1117 1126/488/1118 624/499/624 625/500/625
f 1124/487/1116 1125/486/1117 625/500/625 626/501/626
f 663/502/655 1124/487/1116 626/501/626 91/503/91
f 664/504/656 1121/483/1113 1124/487/1116 663/502/655
f 665/491/657 1118/480/1110 1121/483/1113 664/504/656
f 1127/505/1119 1128/506/1120 1131/507/1123 1130/508/1122
f 1128/509/1120 1129/510/1121 1132/511/1124 1131/512/1123
f 1130/508/1122 1131/507/1123 1134/513/1126 1133/514/1125
f 1131/512/1123 1132/511/1124 1135/515/1127 1134/516/1126
f 77/230/77 569/517/569 1127/505/1119 288/231/288
f 569/517/569 568/518/568 1128/506/1120 1127/505/1119
f 568/519/568 567/520/567 1129/510/1121 1128/509/1120
f 567/520/567 78/521/78 294/522/294 1129/510/1121
f 1129/510/1121 294/522/294 295/523/295 1132/511/1124
f 1132/511/1124 295/523/295 296/524/296 1135/515/1127
f 1135/515/1127 296/524/296 58/525/58 284/526/284
f 1134/516/1126 1135/515/1127 284/526/284 283/527/283
f 1133/514/1125 1134/513/1126 283/528/283 282/529/282
f 290/233/290 1133/514/1125 282/529/282 57/234/57
f 289/232/289 1130/508/1122 1133/514/1125 290/233/290
f 288/231/288 1127/505/1119 1130/508/1122 289/232/289
f 1136/530/1128 1137/531/1129 1140/532/1132 1139/533/1131
f 1137/534/1129 1138/535/1130 1141/536/1133 1140/537/1132
f 1139/533/1131 1140/532/1132 1143/538/1135 1142/539/1134
f 1140/537/1132 1141/536/1133 1144/540/1136 1143/541/1135
f 80/542/80 566/543/566 1136/530/1128 560/544/560
f 566/543/566 565/545/565 1137/531/1129 1136/530/1128
f 565/546/565 564/547/564 1138/535/1130 1137/534/1129
f 564/547/564 79/225/79 557/227/557 1138/535/1130
f 1138/535/1130 557/227/557 556/240/556 1141/536/1133
f 1141/536/1133 556/240/556 555/238/555 1144/540/1136
f 1144/540/1136 555/238/555 56/239/56 278/548/278
f 1143/541/1135 1144/540/1136 278/548/278 277/549/277
f 1142/539/1134 1143/538/1135 277/550/277 276/551/276
f 558/552/558 1142/539/1134 276/551/276 55/553/55
f 559/554/559 1139/533/1131 1142/539/1134 558/552/558
f 560/544/560 1136/530/1128 1139/533/1131 559/554/559
f 1145/555/1137 1146/556/1138 1149/557/1141 1148/558/1140
f 1146/556/1138 1147/559/1139 1150/560/1142 1149/557/1141
f 1148/558/1140 1149/557/1141 1152/561/1144 1151/562/1143
f 1149/557/1141 1150/560/1142 1153/563/1145 1152/561/1144
f 78/521/78 563/564/563 1145/555/1137 294/522/294
f 563/564/563 562/565/562 1146/556/1138 1145/555/1137
f 562/565/562 561/566/561 1147/559/1139 1146/556/1138
f 561/566/561 80/542/80 560/544/560 1147/559/1139
f 1147/559/1139 560/544/560 559/554/559 1150/560/1142
f 1150/560/1142 559/554/559 558/552/558 1153/563/1145
f 1153/563/1145 558/552/558 55/553/55 287/567/287
f 1152/561/1144 1153/563/1145 287/567/287 286/568/286
f 1151/562/1143 1152/561/1144 286/568/286 285/569/285
f 296/524/296 1151/562/1143 285/569/285 58/525/58
f 295/523/295 1148/558/1140 1151/562/1143 296/524/296
f 294/522/294 1145/555/1137 1148/558/1140 295/523/295
f 1154/570/1146 1155/571/1147 1158/572/1150 1157/573/1149
f 1155/571/1147 1156/574/1148 1159/575/1151 1158/572/1150
f 1157/573/1149 1158/572/1150 1161/576/1153 1160/577/1152
f 1158/572/1150 1159/575/1151 1162/578/1154 1161/576/1153
f 16/579/16 261/580/261 1154/570/1146 306/581/306
f 261/580/261 262/582/262 1155/571/1147 1154/570/1146
f 262/582/262 263/583/263 1156/574/1148 1155/571/1147
f 263/583/263 15/584/15 299/585/299 1156/574/1148
f 1156/574/1148 299/585/299 298/586/298 1159/575/1151
f 1159/575/1151 298/586/298 297/587/297 1162/578/1154
f 1162/578/1154 297/587/297 34/588/34 312/589/312
f 1161/576/1153 1162/578/1154 312/589/312 313/590/313
f 1160/577/1152 1161/576/1153 313/590/313 314/591/314
f 308/592/308 1160/577/1152 314/591/314 33/593/33
f 307/594/307 1157/573/1149 1160/577/1152 308/592/308
f 306/581/306 1154/570/1146 1157/573/1149 307/594/307
f 1163/595/1155 1164/596/1156 1167/597/1159 1166/598/1158
f 1164/599/1156 1165/600/1157 1168/601/1160 1167/602/1159
f 1166/598/1158 1167/597/1159 1170/603/1162 1169/604/1161
f 1167/602/1159 1168/601/1160 1171/605/1163 1170/606/1162
f 15/584/15 252/607/252 1163/595/1155 299/585/299
f 252/607/252 253/608/253 1164/596/1156 1163/595/1155
f 253/609/253 254/610/254 1165/600/1157 1164/599/1156
f 254/610/254 13/611/13 293/612/293 1165/600/1157
f 1165/600/1157 293/612/293 292/613/292 1168/601/1160
f 1168/601/1160 292/613/292 291/614/291 1171/605/1163
f 1171/605/1163 291/614/291 32/615/32 315/616/315
f 1170/606/1162 1171/605/1163 315/616/315 316/617/316
f 1169/604/1161 1170/603/1162 316/618/316 317/619/317
f 297/587/297 1169/604/1161 317/619/317 34/588/34
f 298/586/298 1166/598/1158 1169/604/1161 297/587/297
f 299/585/299 1163/595/1155 1166/598/1158 298/586/298
f 1172/620/1164 1173/621/1165 1176/622/1168 1175/623/1167
f 1173/624/1165 1174/625/1166 1177/626/1169 1176/627/1168
f 1175/623/1167 1176/622/1168 1179/628/1171 1178/629/1170
f 1176/627/1168 1177/626/1169 1180/630/1172 1179/631/1171
f 14/632/14 258/633/258 1172/620/1164 300/634/300
f 258/633/258 259/635/259 1173/621/1165 1172/620/1164
f 259/636/259 260/637/260 1174/625/1166 1173/624/1165
f 260/637/260 16/579/16 306/581/306 1174/625/1166
f 1174/625/1166 306/581/306 307/594/307 1177/626/1169
f 1177/626/1169 307/594/307 308/592/308 1180/630/1172
f 1180/630/1172 308/592/308 33/593/33 318/638/318
f 1179/631/1171 1180/630/1172 318/638/318 319/639/319
f 1178/629/1170 1179/628/1171 319/640/319 320/641/320
f 302/642/302 1178/629/1170 320/641/320 31/643/31
f 301/644/301 1175/623/1167 1178/629/1170 302/642/302
f 300/634/300 1172/620/1164 1175/623/1167 301/644/301
f 1181/645/1173 1182/646/1174 1185/647/1177 1184/648/1176
f 1182/646/1174 1183/649/1175 1186/650/1178 1185/647/1177
f 1184/648/1176 1185/647/1177 1188/651/1180 1187/652/1179
f 1185/647/1177 1186/650/1178 1189/653/1181 1188/651/1180
f 13/611/13 255/654/255 1181/645/1173 293/612/293
f 255/654/255 256/655/256 1182/646/1174 1181/645/1173
f 256/655/256 257/656/257 1183/649/1175 1182/646/1174
f 257/656/257 14/632/14 300/634/300 1183/649/1175
f 1183/649/1175 300/634/300 301/644/301 1186/650/1178
f 1186/650/1178 301/644/301 302/642/302 1189/653/1181
f 1189/653/1181 302/642/302 31/643/31 321/657/321
f 1188/651/1180 1189/653/1181 321/657/321 322/658/322
f 1187/652/1179 1188/651/1180 322/658/322 323/659/323
f 291/614/291 1187/652/1179 323/659/323 32/615/32
f 292/613/292 1184/648/1176 1187/652/1179 291/614/291
f 293/612/293 1181/645/1173 1184/648/1176 292/613/292
f 1190/660/1182 1191/661/1183 1194/662/1186 1193/663/1185
f 1191/661/1183 1192/664/1184 1195/665/1187 1194/662/1186
f 1193/663/1185 1194/662/1186 1197/666/1189 1196/667/1188
f 1194/662/1186 1195/665/1187 1198/668/1190 1197/666/1189
f 3/73/3 161/71/161 1190/660/1182 164/89/164
f 161/71/161 160/70/160 1191/661/1183 1190/660/1182
f 160/70/160 159/69/159 1192/664/1184 1191/661/1183
f 159/69/159 4/68/4 330/669/330 1192/664/1184
f 1192/664/1184 330/669/330 331/670/331 1195/665/1187
f 1195/665/1187 331/670/331 332/671/332 1198/668/1190
f 1198/668/1190 332/671/332 38/672/38 333/673/333
f 1197/666/1189 1198/668/1190 333/673/333 334/674/334
f 1196/667/1188 1197/666/1189 334/674/334 335/675/335
f 162/91/162 1196/667/1188 335/675/335 36/93/36
f 163/90/163 1193/663/1185 1196/667/1188 162/91/162
f 164/89/164 1190/660/1182 1193/663/1185 163/90/163
f 1199/676/1191 1200/677/1192 1203/678/1195 1202/679/1194
f 1200/677/1192 1201/680/1193 1204/681/1196 1203/678/1195
f 1202/682/1194 1203/683/1195 1206/684/1198 1205/685/1197
f 1203/683/1195 1204/686/1196 1207/687/1199 1206/684/1198
f 6/44/6 707/688/699 1199/676/1191 156/64/156
f 707/688/699 706/689/698 1200/677/1192 1199/676/1191
f 706/689/698 705/690/697 1201/680/1193 1200/677/1192
f 705/690/697 107/691/107 702/692/694 1201/680/1193
f 1201/680/1193 702/692/694 703/693/695 1204/681/1196
f 1204/686/1196 703/694/695 704/695/696 1207/687/1199
f 1207/687/1199 704/695/696 108/696/108 708/697/700
f 1206/684/1198 1207/687/1199 708/697/700 709/698/701
f 1205/685/1197 1206/684/1198 709/698/701 710/699/702
f 158/67/158 1205/685/1197 710/699/702 4/68/4
f 157/66/157 1202/682/1194 1205/685/1197 158/67/158
f 156/64/156 1199/676/1191 1202/679/1194 157/65/157
f 1208/700/1200 1209/701/1201 1212/702/1204 1211/703/1203
f 1209/701/1201 1210/704/1202 1213/705/1205 1212/702/1204
f 1211/706/1203 1212/707/1204 1215/708/1207 1214/709/1206
f 1212/707/1204 1213/710/1205 1216/711/1208 1215/708/1207
f 71/712/71 524/713/524 1208/700/1200 528/714/528
f 524/713/524 523/715/523 1209/701/1201 1208/700/1200
f 523/715/523 522/716/522 1210/704/1202 1209/701/1201
f 522/716/522 37/35/37 339/88/339 1210/704/1202
f 1210/704/1202 339/88/339 340/95/340 1213/705/1205
f 1213/710/1205 340/94/340 341/92/341 1216/711/1208
f 1216/711/1208 341/92/341 36/93/36 326/717/326
f 1215/708/1207 1216/711/1208 326/717/326 325/718/325
f 1214/709/1206 1215/708/1207 325/718/325 324/719/324
f 530/720/530 1214/709/1206 324/719/324 72/721/72
f 529/722/529 1211/706/1203 1214/709/1206 530/720/530
f 528/714/528 1208/700/1200 1211/703/1203 529/723/529
f 1217/724/1209 1218/725/1210 1221/726/1213 1220/727/1212
f 1218/725/1210 1219/728/1211 1222/729/1214 1221/726/1213
f 1220/727/1212 1221/726/1213 1224/730/1216 1223/731/1215
f 1221/726/1213 1222/729/1214 1225/732/1217 1224/730/1216
f 9/173/9 177/215/177 1217/724/1209 212/733/212
f 177/215/177 178/214/178 1218/725/1210 1217/724/1209
f 178/214/178 179/213/179 1219/728/1211 1218/725/1210
f 179/213/179 10/24/10 351/734/351 1219/728/1211
f 1219/728/1211 351/734/351 352/735/352 1222/729/1214
f 1222/729/1214 352/735/352 353/736/353 1225/732/1217
f 1225/732/1217 353/736/353 41/737/41 357/738/357
f 1224/730/1216 1225/732/1217 357/738/357 358/739/358
f 1223/731/1215 1224/730/1216 358/739/358 359/740/359
f 210/741/210 1223/731/1215 359/740/359 39/742/39
f 211/743/211 1220/727/1212 1223/731/1215 210/741/210
f 212/733/212 1217/724/1209 1220/727/1212 211/743/211
f 1226/744/1218 1227/745/1219 1230/746/1222 1229/747/1221
f 1227/745/1219 1228/748/1220 1231/749/1223 1230/746/1222
f 1229/747/1221 1230/746/1222 1233/750/1225 1232/751/1224
f 1230/746/1222 1231/749/1223 1234/752/1226 1233/750/1225
f 10/24/10 669/22/661 1226/744/1218 351/734/351
f 669/22/661 670/21/662 1227/745/1219 1226/744/1218
f 670/21/662 671/20/663 1228/748/1220 1227/745/1219
f 671/20/663 99/19/99 725/753/717 1228/748/1220
f 1228/748/1220 725/753/717 724/754/716 1231/749/1223
f 1231/749/1223 724/754/716 723/755/715 1234/752/1226
f 1234/752/1226 723/755/715 104/756/104 360/757/360
f 1233/750/1225 1234/752/1226 360/757/360 361/758/361
f 1232/751/1224 1233/750/1225 361/758/361 362/759/362
f 353/736/353 1232/751/1224 362/759/362 41/737/41
f 352/735/352 1229/747/1221 1232/751/1224 353/736/353
f 351/734/351 1226/744/1218 1229/747/1221 352/735/352
f 1235/760/1227 1236/761/1228 1239/762/1231 1238/763/1230
f 1236/764/1228 1237/765/1229 1240/766/1232 1239/767/1231
f 1238/763/1230 1239/762/1231 1242/768/1234 1241/769/1233
f 1239/767/1231 1240/766/1232 1243/770/1235 1242/771/1234
f 11/179/11 174/177/174 1235/760/1227 218/772/218
f 174/177/174 175/176/175 1236/761/1228 1235/760/1227
f 175/175/175 176/174/176 1237/765/1229 1236/764/1228
f 176/174/176 9/173/9 212/733/212 1237/765/1229
f 1237/765/1229 212/733/212 211/743/211 1240/766/1232
f 1240/766/1232 211/743/211 210/741/210 1243/770/1235
f 1243/770/1235 210/741/210 39/742/39 363/773/363
f 1242/771/1234 1243/770/1235 363/773/363 364/774/364
f 1241/769/1233 1242/768/1234 364/775/364 365/776/365
f 216/777/216 1241/769/1233 365/776/365 40/778/40
f 217/779/217 1238/763/1230 1241/769/1233 216/777/216
f 218/772/218 1235/760/1227 1238/763/1230 217/779/217
f 1244/780/1236 1245/781/1237 1248/782/1240 1247/783/1239
f 1245/781/1237 1246/784/1238 1249/785/1241 1248/782/1240
f 1247/783/1239 1248/782/1240 1251/786/1243 1250/787/1242
f 1248/782/1240 1249/785/1241 1252/788/1244 1251/786/1243
f 12/199/12 183/197/183 1244/780/1236 354/789/354
f 183/197/183 184/196/184 1245/781/1237 1244/780/1236
f 184/196/184 185/195/185 1246/784/1238 1245/781/1237
f 185/195/185 11/179/11 218/772/218 1246/784/1238
f 1246/784/1238 218/772/218 217/779/217 1249/785/1241
f 1249/785/1241 217/779/217 216/777/216 1252/788/1244
f 1252/788/1244 216/777/216 40/778/40 366/790/366
f 1251/786/1243 1252/788/1244 366/790/366 367/791/367
f 1250/787/1242 1251/786/1243 367/791/367 368/792/368
f 356/793/356 1250/787/1242 368/792/368 42/794/42
f 355/795/355 1247/783/1239 1250/787/1242 356/793/356
f 354/789/354 1244/780/1236 1247/783/1239 355/795/355
f 1253/796/1245 1254/797/1246 1257/798/1249 1256/799/1248
f 1254/797/1246 1255/800/1247 1258/801/1250 1257/798/1249
f 1256/799/1248 1257/798/1249 1260/802/1252 1259/803/1251
f 1257/798/1249 1258/801/1250 1261/804/1253 1260/802/1252
f 39/742/39 359/740/359 1253/796/1245 347/805/347
f 359/740/359 358/739/358 1254/797/1246 1253/796/1245
f 358/739/358 357/738/357 1255/800/1247 1254/797/1246
f 357/738/357 41/737/41 369/806/369 1255/800/1247
f 1255/800/1247 369/806/369 370/807/370 1258/801/1250
f 1258/801/1250 370/807/370 371/808/371 1261/804/1253
f 1261/804/1253 371/808/371 43/809/43 381/810/381
f 1260/802/1252 1261/804/1253 381/810/381 382/811/382
f 1259/803/1251 1260/802/1252 382/811/382 383/812/383
f 345/813/345 1259/803/1251 383/812/383 45/814/45
f 346/815/346 1256/799/1248 1259/803/1251 345/813/345
f 347/805/347 1253/796/1245 1256/799/1248 346/815/346
f 1263/816/1255 1264/817/1256 1262/818/1254 1272/819/1264
f 1265/820/1257 1266/821/1258 1262/818/1254 1264/817/1256
f 1267/822/1259 1268/823/1260 1262/818/1254 1266/821/1258
f 1269/824/1261 1270/825/1262 1262/818/1254 1268/823/1260
f 1271/826/1263 1272/819/1264 1262/818/1254 1270/827/1262
f 41/737/41 362/759/362 1263/816/1255 369/806/369
f 362/759/362 361/758/361 1264/817/1256 1263/816/1255
f 369/806/369 1263/816/1255 1272/819/1264 370/807/370
f 104/756/104 683/828/675 1265/820/1257 360/757/360
f 683/828/675 682/829/674 1266/821/1258 1265/820/1257
f 360/757/360 1265/820/1257 1264/817/1256 361/758/361
f 42/794/42 372/830/372 1267/822/1259 681/831/673
f 372/830/372 373/832/373 1268/823/1260 1267/822/1259
f 681/831/673 1267/822/1259 1266/821/1258 682/829/674
f 44/833/44 384/834/384 1269/824/1261 374/835/374
f 384/834/384 385/836/385 1270/825/1262 1269/824/1261
f 374/835/374 1269/824/1261 1268/823/1260 373/832/373
f 43/809/43 371/808/371 1271/826/1263 386/837/386
f 371/808/371 370/807/370 1272/819/1264 1271/826/1263
f 386/837/386 1271/826/1263 1270/827/1262 385/838/385
f 1273/839/1265 1274/840/1266 1277/841/1269 1276/842/1268
f 1274/843/1266 1275/844/1267 1278/845/1270 1277/846/1269
f 1276/842/1268 1277/841/1269 1280/847/1272 1279/848/1271
f 1277/846/1269 1278/845/1270 1281/849/1273 1280/850/1272
f 40/778/40 365/776/365 1273/839/1265 350/851/350
f 365/776/365 364/775/364 1274/840/1266 1273/839/1265
f 364/774/364 363/773/363 1275/844/1267 1274/843/1266
f 363/773/363 39/742/39 347/805/347 1275/844/1267
f 1275/844/1267 347/805/347 346/815/346 1278/845/1270
f 1278/845/1270 346/815/346 345/813/345 1281/849/1273
f 1281/849/1273 345/813/345 45/814/45 387/852/387
f 1280/850/1272 1281/849/1273 387/852/387 388/853/388
f 1279/848/1271 1280/847/1272 388/854/388 389/855/389
f 348/856/348 1279/848/1271 389/855/389 46/857/46
f 349/858/349 1276/842/1268 1279/848/1271 348/856/348
f 350/851/350 1273/839/1265 1276/842/1268 349/858/349
f 1282/859/1274 1283/860/1275 1286/861/1278 1285/862/1277
f 1283/860/1275 1284/863/1276 1287/864/1279 1286/861/1278
f 1285/862/1277 1286/861/1278 1289/865/1281 1288/866/1280
f 1286/861/1278 1287/864/1279 1290/867/1282 1289/865/1281
f 42/794/42 368/792/368 1282/859/1274 372/830/372
f 368/792/368 367/791/367 1283/860/1275 1282/859/1274
f 367/791/367 366/790/366 1284/863/1276 1283/860/1275
f 366/790/366 40/778/40 350/851/350 1284/863/1276
f 1284/863/1276 350/851/350 349/858/349 1287/864/1279
f 1287/864/1279 349/858/349 348/856/348 1290/867/1282
f 1290/867/1282 348/856/348 46/857/46 390/868/390
f 1289/865/1281 1290/867/1282 390/868/390 391/869/391
f 1288/866/1280 1289/865/1281 391/869/391 392/870/392
f 374/835/374 1288/866/1280 392/870/392 44/833/44
f 373/832/373 1285/862/1277 1288/866/1280 374/835/374
f 372/830/372 1282/859/1274 1285/862/1277 373/832/373
f 1291/871/1283 1292/872/1284 1295/873/1287 1294/874/1286
f 1292/872/1284 1293/875/1285 1296/876/1288 1295/873/1287
f 1294/874/1286 1295/873/1287 1298/877/1290 1297/878/1289
f 1295/873/1287 1296/876/1288 1299/879/1291 1298/877/1290
f 45/814/45 383/812/383 1291/871/1283 377/880/377
f 383/812/383 382/811/382 1292/872/1284 1291/871/1283
f 382/811/382 381/810/381 1293/875/1285 1292/872/1284
f 381/810/381 43/809/43 393/881/393 1293/875/1285
f 1293/875/1285 393/881/393 394/882/394 1296/876/1288
f 1296/876/1288 394/882/394 395/883/395 1299/879/1291
f 1299/879/1291 395/883/395 47/388/47 405/407/405
f 1298/877/1290 1299/879/1291 405/407/405 406/406/406
f 1297/878/1289 1298/877/1290 406/406/406 407/405/407
f 375/884/375 1297/878/1289 407/405/407 49/372/49
f 376/885/376 1294/874/1286 1297/878/1289 375/884/375
f 377/880/377 1291/871/1283 1294/874/1286 376/885/376
f 1300/886/1292 1301/887/1293 1304/888/1296 1303/889/1295
f 1301/890/1293 1302/891/1294 1305/892/1297 1304/893/1296
f 1303/889/1295 1304/888/1296 1307/894/1299 1306/895/1298
f 1304/893/1296 1305/892/1297 1308/896/1300 1307/897/1299
f 43/809/43 386/837/386 1300/886/1292 393/881/393
f 386/837/386 385/838/385 1301/887/1293 1300/886/1292
f 385/836/385 384/834/384 1302/891/1294 1301/890/1293
f 384/834/384 44/833/44 396/898/396 1302/891/1294
f 1302/891/1294 396/898/396 397/899/397 1305/892/1297
f 1305/892/1297 397/899/397 398/900/398 1308/896/1300
f 1308/896/1300 398/900/398 48/345/48 408/393/408
f 1307/897/1299 1308/896/1300 408/393/408 409/392/409
f 1306/895/1298 1307/894/1299 409/391/409 410/389/410
f 395/883/395 1306/895/1298 410/389/410 47/388/47
f 394/882/394 1303/889/1295 1306/895/1298 395/883/395
f 393/881/393 1300/886/1292 1303/889/1295 394/882/394
f 1309/901/1301 1310/902/1302 1313/903/1305 1312/904/1304
f 1310/905/1302 1311/906/1303 1314/907/1306 1313/908/1305
f 1312/904/1304 1313/903/1305 1316/909/1308 1315/910/1307
f 1313/908/1305 1314/907/1306 1317/911/1309 1316/912/1308
f 46/857/46 389/855/389 1309/901/1301 380/913/380
f 389/855/389 388/854/388 1310/902/1302 1309/901/1301
f 388/853/388 387/852/387 1311/906/1303 1310/905/1302
f 387/852/387 45/814/45 377/880/377 1311/906/1303
f 1311/906/1303 377/880/377 376/885/376 1314/907/1306
f 1314/907/1306 376/885/376 375/884/375 1317/911/1309
f 1317/911/1309 375/884/375 49/372/49 411/371/411
f 1316/912/1308 1317/911/1309 411/371/411 412/370/412
f 1315/910/1307 1316/909/1308 412/369/412 413/368/413
f 378/914/378 1315/910/1307 413/368/413 50/350/50
f 379/915/379 1312/904/1304 1315/910/1307 378/914/378
f 380/913/380 1309/901/1301 1312/904/1304 379/915/379
f 1318/916/1310 1319/917/1311 1322/918/1314 1321/919/1313
f 1319/917/1311 1320/920/1312 1323/921/1315 1322/918/1314
f 1321/919/1313 1322/918/1314 1325/922/1317 1324/923/1316
f 1322/918/1314 1323/921/1315 1326/924/1318 1325/922/1317
f 44/833/44 392/870/392 1318/916/1310 396/898/396
f 392/870/392 391/869/391 1319/917/1311 1318/916/1310
f 391/869/391 390/868/390 1320/920/1312 1319/917/1311
f 390/868/390 46/857/46 380/913/380 1320/920/1312
f 1320/920/1312 380/913/380 379/915/379 1323/921/1315
f 1323/921/1315 379/915/379 378/914/378 1326/924/1318
f 1326/924/1318 378/914/378 50/350/50 414/349/414
f 1325/922/1317 1326/924/1318 414/349/414 415/348/415
f 1324/923/1316 1325/922/1317 415/348/415 416/346/416
f 398/900/398 1324/923/1316 416/346/416 48/345/48
f 397/899/397 1321/919/1313 1324/923/1316 398/900/398
f 396/898/396 1318/916/1310 1321/919/1313 397/899/397
f 1327/925/1319 1328/926/1320 1331/927/1323 1330/928/1322
f 1328/929/1320 1329/930/1321 1332/931/1324 1331/932/1323
f 1330/928/1322 1331/927/1323 1334/933/1326 1333/934/1325
f 1331/932/1323 1332/931/1324 1335/935/1327 1334/936/1326
f 2/937/2 141/938/141 1327/925/1319 194/939/194
f 141/938/141 142/940/142 1328/926/1320 1327/925/1319
f 142/941/142 143/942/143 1329/930/1321 1328/929/1320
f 143/942/143 1/943/1 420/944/420 1329/930/1321
f 1329/930/1321 420/944/420 421/945/421 1332/931/1324
f 1332/931/1324 421/945/421 422/946/422 1335/935/1327
f 1335/935/1327 422/946/422 53/169/53 432/168/432
f 1334/936/1326 1335/935/1327 432/168/432 433/167/433
f 1333/934/1325 1334/933/1326 433/166/433 434/164/434
f 192/947/192 1333/934/1325 434/164/434 54/163/54
f 193/948/193 1330/928/1322 1333/934/1325 192/947/192
f 194/939/194 1327/925/1319 1330/928/1322 193/948/193
f 1336/949/1328 1337/950/1329 1340/951/1332 1339/952/1331
f 1337/953/1329 1338/954/1330 1341/955/1333 1340/956/1332
f 1339/952/1331 1340/951/1332 1343/957/1335 1342/958/1334
f 1340/956/1332 1341/955/1333 1344/959/1336 1343/960/1335
f 27/961/27 440/962/440 1336/949/1328 452/963/452
f 440/962/440 439/964/439 1337/950/1329 1336/949/1328
f 439/965/439 438/966/438 1338/954/1330 1337/953/1329
f 438/966/438 29/967/29 453/968/453 1338/954/1330
f 1338/954/1330 453/968/453 454/969/454 1341/955/1333
f 1341/955/1333 454/969/454 455/970/455 1344/959/1336
f 1344/959/1336 455/970/455 55/553/55 276/551/276
f 1343/960/1335 1344/959/1336 276/551/276 277/550/277
f 1342/958/1334 1343/957/1335 277/549/277 278/548/278
f 450/971/450 1342/958/1334 278/548/278 56/239/56
f 451/972/451 1339/952/1331 1342/958/1334 450/971/450
f 452/963/452 1336/949/1328 1339/952/1331 451/972/451
f 1345/973/1337 1346/974/1338 1349/975/1341 1348/976/1340
f 1346/974/1338 1347/977/1339 1350/978/1342 1349/975/1341
f 1348/976/1340 1349/975/1341 1352/979/1344 1351/980/1343
f 1349/975/1341 1350/978/1342 1353/981/1345 1352/979/1344
f 28/982/28 443/983/443 1345/973/1337 458/984/458
f 443/983/443 442/985/442 1346/974/1338 1345/973/1337
f 442/985/442 441/986/441 1347/977/1339 1346/974/1338
f 441/986/441 27/961/27 452/963/452 1347/977/1339
f 1347/977/1339 452/963/452 451/972/451 1350/978/1342
f 1350/978/1342 451/972/451 450/971/450 1353/981/1345
f 1353/981/1345 450/971/450 56/239/56 279/237/279
f 1352/979/1344 1353/981/1345 279/237/279 280/236/280
f 1351/980/1343 1352/979/1344 280/236/280 281/235/281
f 456/987/456 1351/980/1343 281/235/281 57/234/57
f 457/988/457 1348/976/1340 1351/980/1343 456/987/456
f 458/984/458 1345/973/1337 1348/976/1340 457/988/457
f 1354/989/1346 1355/990/1347 1358/991/1350 1357/992/1349
f 1355/993/1347 1356/994/1348 1359/995/1351 1358/996/1350
f 1357/992/1349 1358/991/1350 1361/997/1353 1360/998/1352
f 1358/996/1350 1359/995/1351 1362/999/1354 1361/1000/1353
f 30/1001/30 446/1002/446 1354/989/1346 461/1003/461
f 446/1002/446 445/1004/445 1355/990/1347 1354/989/1346
f 445/1005/445 444/1006/444 1356/994/1348 1355/993/1347
f 444/1006/444 28/982/28 458/984/458 1356/994/1348
f 1356/994/1348 458/984/458 457/988/457 1359/995/1351
f 1359/995/1351 457/988/457 456/987/456 1362/999/1354
f 1362/999/1354 456/987/456 57/234/57 282/529/282
f 1361/1000/1353 1362/999/1354 282/529/282 283/528/283
f 1360/998/1352 1361/997/1353 283/527/283 284/526/284
f 459/1007/459 1360/998/1352 284/526/284 58/525/58
f 460/1008/460 1357/992/1349 1360/998/1352 459/1007/459
f 461/1003/461 1354/989/1346 1357/992/1349 460/1008/460
f 1363/1009/1355 1364/1010/1356 1367/1011/1359 1366/1012/1358
f 1364/1010/1356 1365/1013/1357 1368/1014/1360 1367/1011/1359
f 1366/1012/1358 1367/1011/1359 1370/1015/1362 1369/1016/1361
f 1367/1011/1359 1368/1014/1360 1371/1017/1363 1370/1015/1362
f 29/967/29 449/1018/449 1363/1009/1355 453/968/453
f 449/1018/449 448/1019/448 1364/1010/1356 1363/1009/1355
f 448/1019/448 447/1020/447 1365/1013/1357 1364/1010/1356
f 447/1020/447 30/1001/30 461/1003/461 1365/1013/1357
f 1365/1013/1357 461/1003/461 460/1008/460 1368/1014/1360
f 1368/1014/1360 460/1008/460 459/1007/459 1371/1017/1363
f 1371/1017/1363 459/1007/459 58/525/58 285/569/285
f 1370/1015/1362 1371/1017/1363 285/569/285 286/568/286
f 1369/1016/1361 1370/1015/1362 286/568/286 287/567/287
f 455/970/455 1369/1016/1361 287/567/287 55/553/55
f 454/969/454 1366/1012/1358 1369/1016/1361 455/970/455
f 453/968/453 1363/1009/1355 1366/1012/1358 454/969/454
f 1372/1021/1364 1373/1022/1364 1376/1023/1364 1375/1024/1364
f 1373/1022/1364 1374/1025/1364 1377/1026/1364 1376/1023/1364
f 1375/1027/1364 1376/1028/1364 1379/1029/1364 1378/1030/1364
f 1376/1028/1364 1377/1031/1364 1380/1032/1364 1379/1029/1364
f 59/494/59 465/493/465 1372/1021/1364 464/1033/464
f 465/493/465 466/492/466 1373/1022/1364 1372/1021/1364
f 466/492/466 467/490/467 1374/1025/1364 1373/1022/1364
f 467/490/467 60/489/60 468/1034/468 1374/1025/1364
f 1374/1025/1364 468/1034/468 469/1035/469 1377/1026/1364
f 1377/1031/1364 469/1036/469 470/1037/470 1380/1032/1364
f 1380/1032/1364 470/1037/470 62/1038/62 471/1039/471
f 1379/1029/1364 1380/1032/1364 471/1039/471 472/1040/472
f 1378/1030/1364 1379/1029/1364 472/1040/472 473/1041/473
f 462/1042/462 1378/1030/1364 473/1041/473 61/1043/61
f 463/1044/463 1375/1027/1364 1378/1030/1364 462/1042/462
f 464/1033/464 1372/1021/1364 1375/1024/1364 463/1045/463
f 1381/1046/1365 1382/1047/1366 1385/1048/1369 1384/1049/1368
f 1382/1047/1366 1383/1050/1367 1386/1051/1370 1385/1048/1369
f 1384/1049/1368 1385/1048/1369 1388/1052/1372 1387/1053/1371
f 1385/1048/1369 1386/1051/1370 1389/1054/1373 1388/1052/1372
f 61/1043/61 473/1041/473 1381/1046/1365 659/1055/651
f 473/1041/473 472/1040/472 1382/1047/1366 1381/1046/1365
f 472/1040/472 471/1039/471 1383/1050/1367 1382/1047/1366
f 471/1039/471 62/1038/62 474/1056/474 1383/1050/1367
f 1383/1050/1367 474/1056/474 475/1057/475 1386/1051/1370
f 1386/1051/1370 475/1057/475 476/1058/476 1389/1054/1373
f 1389/1054/1373 476/1058/476 92/1059/92 630/1060/630
f 1388/1052/1372 1389/1054/1373 630/1060/630 631/1061/631
f 1387/1053/1371 1388/1052/1372 631/1061/631 632/1062/632
f 657/1063/649 1387/1053/1371 632/1062/632 89/1064/89
f 658/1065/650 1384/1049/1368 1387/1053/1371 657/1063/649
f 659/1055/651 1381/1046/1365 1384/1049/1368 658/1065/650
f 1390/1066/1374 1391/1067/1375 1394/1068/1378 1393/1069/1377
f 1391/1070/1375 1392/1071/1376 1395/1072/1379 1394/1073/1378
f 1393/1069/1377 1394/1068/1378 1397/1074/1381 1396/1075/1380
f 1394/1073/1378 1395/1072/1379 1398/1076/1382 1397/1077/1381
f 85/1078/85 611/1079/611 1390/1066/1374 482/1080/482
f 611/1079/611 610/1081/610 1391/1067/1375 1390/1066/1374
f 610/1082/610 609/1083/609 1392/1071/1376 1391/1070/1375
f 609/1083/609 88/1084/88 602/1085/602 1392/1071/1376
f 1392/1071/1376 602/1085/602 601/1086/601 1395/1072/1379
f 1395/1072/1379 601/1086/601 600/1087/600 1398/1076/1382
f 1398/1076/1382 600/1087/600 96/1088/96 645/1089/637
f 1397/1077/1381 1398/1076/1382 645/1089/637 646/1090/638
f 1396/1075/1380 1397/1074/1381 646/1091/638 647/1092/639
f 480/1093/480 1396/1075/1380 647/1092/639 93/1094/93
f 481/1095/481 1393/1069/1377 1396/1075/1380 480/1093/480
f 482/1080/482 1390/1066/1374 1393/1069/1377 481/1095/481
f 1399/1096/1383 1400/1097/1384 1403/1098/1387 1402/1099/1386
f 1400/1097/1384 1401/1100/1385 1404/1101/1388 1403/1098/1387
f 1402/1099/1386 1403/1098/1387 1406/1102/1390 1405/1103/1389
f 1403/1098/1387 1404/1101/1388 1407/1104/1391 1406/1102/1390
f 88/1084/88 617/1105/617 1399/1096/1383 602/1085/602
f 617/1105/617 616/1106/616 1400/1097/1384 1399/1096/1383
f 616/1106/616 615/1107/615 1401/1100/1385 1400/1097/1384
f 615/1107/615 87/1108/87 606/1109/606 1401/1100/1385
f 1401/1100/1385 606/1109/606 607/1110/607 1404/1101/1388
f 1404/1101/1388 607/1110/607 608/1111/608 1407/1104/1391
f 1407/1104/1391 608/1111/608 94/1112/94 651/1113/643
f 1406/1102/1390 1407/1104/1391 651/1113/643 652/1114/644
f 1405/1103/1389 1406/1102/1390 652/1114/644 653/1115/645
f 600/1087/600 1405/1103/1389 653/1115/645 96/1088/96
f 601/1086/601 1402/1099/1386 1405/1103/1389 600/1087/600
f 602/1085/602 1399/1096/1383 1402/1099/1386 601/1086/601
f 1408/1116/1392 1409/1117/1393 1412/1118/1396 1411/1119/1395
f 1409/1117/1393 1410/1120/1394 1413/1121/1397 1412/1118/1396
f 1411/1122/1395 1412/1123/1396 1415/1124/1399 1414/1125/1398
f 1412/1123/1396 1413/1126/1397 1416/1127/1400 1415/1124/1399
f 2/937/2 146/1128/146 1408/1116/1392 141/938/141
f 146/1128/146 145/1129/145 1409/1117/1393 1408/1116/1392
f 145/1129/145 144/1130/144 1410/1120/1394 1409/1117/1393
f 144/1130/144 63/318/63 492/320/492 1410/1120/1394
f 1410/1120/1394 492/320/492 493/335/493 1413/1121/1397
f 1413/1126/1397 493/334/493 494/332/494 1416/1127/1400
f 1416/1127/1400 494/332/494 66/333/66 491/1131/491
f 1415/1124/1399 1416/1127/1400 491/1131/491 490/1132/490
f 1414/1125/1398 1415/1124/1399 490/1132/490 489/1133/489
f 143/942/143 1414/1125/1398 489/1133/489 1/943/1
f 142/941/142 1411/1122/1395 1414/1125/1398 143/942/143
f 141/938/141 1408/1116/1392 1411/1119/1395 142/940/142
f 1417/1134/1401 1418/1135/1402 1421/1136/1405 1420/1137/1404
f 1418/1135/1402 1419/1138/1403 1422/1139/1406 1421/1136/1405
f 1420/1140/1404 1421/1141/1405 1424/1142/1408 1423/1143/1407
f 1421/1141/1405 1422/1144/1406 1425/1145/1409 1424/1142/1408
f 17/323/17 221/1146/221 1417/1134/1401 225/324/225
f 221/1146/221 220/1147/220 1418/1135/1402 1417/1134/1401
f 220/1147/220 219/1148/219 1419/1138/1403 1418/1135/1402
f 219/1148/219 69/108/69 519/110/519 1419/1138/1403
f 1419/1138/1403 519/110/519 520/125/520 1422/1139/1406
f 1422/1144/1406 520/124/520 521/122/521 1425/1145/1409
f 1425/1145/1409 521/122/521 68/123/68 506/1149/506
f 1424/1142/1408 1425/1145/1409 506/1149/506 505/1150/505
f 1423/1143/1407 1424/1142/1408 505/1150/505 504/1151/504
f 227/327/227 1423/1143/1407 504/1151/504 18/328/18
f 226/326/226 1420/1140/1404 1423/1143/1407 227/327/227
f 225/324/225 1417/1134/1401 1420/1137/1404 226/325/226
f 1426/1152/1410 1427/1153/1411 1430/1154/1414 1429/1155/1413
f 1427/1153/1411 1428/1156/1412 1431/1157/1415 1430/1154/1414
f 1429/1158/1413 1430/1159/1414 1433/1160/1417 1432/1161/1416
f 1430/1159/1414 1431/1162/1415 1434/1163/1418 1433/1160/1417
f 73/1164/73 533/1165/533 1426/1152/1410 537/1166/537
f 533/1165/533 532/1167/532 1427/1153/1411 1426/1152/1410
f 532/1167/532 531/1168/531 1428/1156/1412 1427/1153/1411
f 531/1168/531 71/712/71 528/714/528 1428/1156/1412
f 1428/1156/1412 528/714/528 529/723/529 1431/1157/1415
f 1431/1162/1415 529/722/529 530/720/530 1434/1163/1418
f 1434/1163/1418 530/720/530 72/721/72 527/1169/527
f 1433/1160/1417 1434/1163/1418 527/1169/527 526/1170/526
f 1432/1161/1416 1433/1160/1417 526/1170/526 525/1171/525
f 539/1172/539 1432/1161/1416 525/1171/525 76/1173/76
f 538/1174/538 1429/1158/1413 1432/1161/1416 539/1172/539
f 537/1166/537 1426/1152/1410 1429/1155/1413 538/1175/538
f 1435/1176/1419 1436/1177/1420 1439/1178/1423 1438/1179/1422
f 1436/1177/1420 1437/1180/1421 1440/1181/1424 1439/1178/1423
f 1438/1182/1422 1439/1183/1423 1442/1184/1426 1441/1185/1425
f 1439/1183/1423 1440/1186/1424 1443/1187/1427 1442/1184/1426
f 7/113/7 167/1188/167 1435/1176/1419 171/114/171
f 167/1188/167 166/1189/166 1436/1177/1420 1435/1176/1419
f 166/1189/166 165/1190/165 1437/1180/1421 1436/1177/1420
f 165/1190/165 73/1164/73 537/1166/537 1437/1180/1421
f 1437/1180/1421 537/1166/537 538/1175/538 1440/1181/1424
f 1440/1186/1424 538/1174/538 539/1172/539 1443/1187/1427
f 1443/1187/1427 539/1172/539 76/1173/76 536/1191/536
f 1442/1184/1426 1443/1187/1427 536/1191/536 535/1192/535
f 1441/1185/1425 1442/1184/1426 535/1192/535 534/1193/534
f 173/117/173 1441/1185/1425 534/1193/534 8/118/8
f 172/116/172 1438/1182/1422 1441/1185/1425 173/117/173
f 171/114/171 1435/1176/1419 1438/1179/1422 172/115/172
f 1444/1194/1428 1445/1195/1429 1448/1196/1432 1447/1197/1431
f 1445/1195/1429 1446/1198/1430 1449/1199/1433 1448/1196/1432
f 1447/1197/1431 1448/1196/1432 1451/1200/1435 1450/1201/1434
f 1448/1196/1432 1449/1199/1433 1452/1202/1436 1451/1200/1435
f 33/593/33 314/591/314 1444/1194/1428 552/1203/552
f 314/591/314 313/590/313 1445/1195/1429 1444/1194/1428
f 313/590/313 312/589/312 1446/1198/1430 1445/1195/1429
f 312/589/312 34/588/34 311/1204/311 1446/1198/1430
f 1446/1198/1430 311/1204/311 310/1205/310 1449/1199/1433
f 1449/1199/1433 310/1205/310 309/1206/309 1452/1202/1436
f 1452/1202/1436 309/1206/309 80/542/80 561/566/561
f 1451/1200/1435 1452/1202/1436 561/566/561 562/565/562
f 1450/1201/1434 1451/1200/1435 562/565/562 563/564/563
f 554/1207/554 1450/1201/1434 563/564/563 78/521/78
f 553/1208/553 1447/1197/1431 1450/1201/1434 554/1207/554
f 552/1203/552 1444/1194/1428 1447/1197/1431 553/1208/553
f 1453/1209/1437 1454/1210/1438 1457/1211/1441 1456/1212/1440
f 1454/1213/1438 1455/1214/1439 1458/1215/1442 1457/1216/1441
f 1456/1212/1440 1457/1211/1441 1460/1217/1444 1459/1218/1443
f 1457/1216/1441 1458/1215/1442 1461/1219/1445 1460/1220/1444
f 34/588/34 317/619/317 1453/1209/1437 311/1204/311
f 317/619/317 316/618/316 1454/1210/1438 1453/1209/1437
f 316/617/316 315/616/315 1455/1214/1439 1454/1213/1438
f 315/616/315 32/615/32 305/1221/305 1455/1214/1439
f 1455/1214/1439 305/1221/305 304/1222/304 1458/1215/1442
f 1458/1215/1442 304/1222/304 303/1223/303 1461/1219/1445
f 1461/1219/1445 303/1223/303 79/225/79 564/547/564
f 1460/1220/1444 1461/1219/1445 564/547/564 565/546/565
f 1459/1218/1443 1460/1217/1444 565/545/565 566/543/566
f 309/1206/309 1459/1218/1443 566/543/566 80/542/80
f 310/1205/310 1456/1212/1440 1459/1218/1443 309/1206/309
f 311/1204/311 1453/1209/1437 1456/1212/1440 310/1205/310
f 1462/1224/1446 1463/1225/1447 1466/1226/1450 1465/1227/1449
f 1463/1228/1447 1464/1229/1448 1467/1230/1451 1466/1231/1450
f 1465/1227/1449 1466/1226/1450 1469/1232/1453 1468/1233/1452
f 1466/1231/1450 1467/1230/1451 1470/1234/1454 1469/1235/1453
f 31/643/31 320/641/320 1462/1224/1446 549/1236/549
f 320/641/320 319/640/319 1463/1225/1447 1462/1224/1446
f 319/639/319 318/638/318 1464/1229/1448 1463/1228/1447
f 318/638/318 33/593/33 552/1203/552 1464/1229/1448
f 1464/1229/1448 552/1203/552 553/1208/553 1467/1230/1451
f 1467/1230/1451 553/1208/553 554/1207/554 1470/1234/1454
f 1470/1234/1454 554/1207/554 78/521/78 567/520/567
f 1469/1235/1453 1470/1234/1454 567/520/567 568/519/568
f 1468/1233/1452 1469/1232/1453 568/518/568 569/517/569
f 551/1237/551 1468/1233/1452 569/517/569 77/230/77
f 550/1238/550 1465/1227/1449 1468/1233/1452 551/1237/551
f 549/1236/549 1462/1224/1446 1465/1227/1449 550/1238/550
f 1471/1239/1455 1472/1240/1456 1475/1241/1459 1474/1242/1458
f 1472/1240/1456 1473/1243/1457 1476/1244/1460 1475/1241/1459
f 1474/1242/1458 1475/1241/1459 1478/1245/1462 1477/1246/1461
f 1475/1241/1459 1476/1244/1460 1479/1247/1463 1478/1245/1462
f 32/615/32 323/659/323 1471/1239/1455 305/1221/305
f 323/659/323 322/658/322 1472/1240/1456 1471/1239/1455
f 322/658/322 321/657/321 1473/1243/1457 1472/1240/1456
f 321/657/321 31/643/31 549/1236/549 1473/1243/1457
f 1473/1243/1457 549/1236/549 550/1238/550 1476/1244/1460
f 1476/1244/1460 550/1238/550 551/1237/551 1479/1247/1463
f 1479/1247/1463 551/1237/551 77/230/77 570/229/570
f 1478/1245/1462 1479/1247/1463 570/229/570 571/228/571
f 1477/1246/1461 1478/1245/1462 571/228/571 572/226/572
f 303/1223/303 1477/1246/1461 572/226/572 79/225/79
f 304/1222/304 1474/1242/1458 1477/1246/1461 303/1223/303
f 305/1221/305 1471/1239/1455 1474/1242/1458 304/1222/304
f 1480/1248/1464 1481/1249/1465 1484/1250/1468 1483/1251/1467
f 1481/1249/1465 1482/1252/1466 1485/1253/1469 1484/1250/1468
f 1483/1251/1467 1484/1250/1468 1487/1254/1471 1486/1255/1470
f 1484/1250/1468 1485/1253/1469 1488/1256/1472 1487/1254/1471
f 15/584/15 263/583/263 1480/1248/1464 576/1257/576
f 263/583/263 262/582/262 1481/1249/1465 1480/1248/1464
f 262/582/262 261/580/261 1482/1252/1466 1481/1249/1465
f 261/580/261 16/579/16 275/1258/275 1482/1252/1466
f 1482/1252/1466 275/1258/275 274/1259/274 1485/1253/1469
f 1485/1253/1469 274/1259/274 273/1260/273 1488/1256/1472
f 1488/1256/1472 273/1260/273 84/460/84 585/479/585
f 1487/1254/1471 1488/1256/1472 585/479/585 586/478/586
f 1486/1255/1470 1487/1254/1471 586/478/586 587/477/587
f 578/1261/578 1486/1255/1470 587/477/587 82/426/82
f 577/1262/577 1483/1251/1467 1486/1255/1470 578/1261/578
f 576/1257/576 1480/1248/1464 1483/1251/1467 577/1262/577
f 1489/1263/1473 1490/1264/247 1493/1265/1476 1492/1266/1475
f 1490/1267/247 1491/1268/1474 1494/1269/1477 1493/1270/1476
f 1492/1266/1475 1493/1265/1476 1496/1271/1479 1495/1272/1478
f 1493/1270/1476 1494/1269/1477 1497/1273/1480 1496/1274/1479
f 16/579/16 260/637/260 1489/1263/1473 275/1258/275
f 260/637/260 259/636/259 1490/1264/247 1489/1263/1473
f 259/635/259 258/633/258 1491/1268/1474 1490/1267/247
f 258/633/258 14/632/14 272/1275/272 1491/1268/1474
f 1491/1268/1474 272/1275/272 271/1276/271 1494/1269/1477
f 1494/1269/1477 271/1276/271 270/1277/270 1497/1273/1480
f 1497/1273/1480 270/1277/270 83/441/83 588/465/588
f 1496/1274/1479 1497/1273/1480 588/465/588 589/464/589
f 1495/1272/1478 1496/1271/1479 589/463/589 590/461/590
f 273/1260/273 1495/1272/1478 590/461/590 84/460/84
f 274/1259/274 1492/1266/1475 1495/1272/1478 273/1260/273
f 275/1258/275 1489/1263/1473 1492/1266/1475 274/1259/274
f 1498/1278/1481 1499/1279/1482 1502/1280/1485 1501/1281/1484
f 1499/1279/1482 1500/1282/1483 1503/1283/1486 1502/1280/1485
f 1501/1281/1484 1502/1280/1485 1505/1284/1488 1504/1285/1487
f 1502/1280/1485 1503/1283/1486 1506/1286/1489 1505/1284/1488
f 14/632/14 257/656/257 1498/1278/1481 272/1275/272
f 257/656/257 256/655/256 1499/1279/1482 1498/1278/1481
f 256/655/256 255/654/255 1500/1282/1483 1499/1279/1482
f 255/654/255 13/611/13 266/1287/266 1500/1282/1483
f 1500/1282/1483 266/1287/266 265/1288/265 1503/1283/1486
f 1503/1283/1486 265/1288/265 264/1289/264 1506/1286/1489
f 1506/1286/1489 264/1289/264 81/420/81 591/445/591
f 1505/1284/1488 1506/1286/1489 591/445/591 592/444/592
f 1504/1285/1487 1505/1284/1488 592/444/592 593/442/593
f 270/1277/270 1504/1285/1487 593/442/593 83/441/83
f 271/1276/271 1501/1281/1484 1504/1285/1487 270/1277/270
f 272/1275/272 1498/1278/1481 1501/1281/1484 271/1276/271
f 1507/1290/1490 1508/1291/1491 1511/1292/1494 1510/1293/1493
f 1508/1294/1491 1509/1295/1492 1512/1296/1495 1511/1297/1494
f 1510/1293/1493 1511/1292/1494 1514/1298/1497 1513/1299/1496
f 1511/1297/1494 1512/1296/1495 1515/1300/1498 1514/1301/1497
f 13/611/13 254/610/254 1507/1290/1490 266/1287/266
f 254/610/254 253/609/253 1508/1291/1491 1507/1290/1490
f 253/608/253 252/607/252 1509/1295/1492 1508/1294/1491
f 252/607/252 15/584/15 576/1257/576 1509/1295/1492
f 1509/1295/1492 576/1257/576 577/1262/577 1512/1296/1495
f 1512/1296/1495 577/1262/577 578/1261/578 1515/1300/1498
f 1515/1300/1498 578/1261/578 82/426/82 594/425/594
f 1514/1301/1497 1515/1300/1498 594/425/594 595/424/595
f 1513/1299/1496 1514/1298/1497 595/423/595 596/421/596
f 264/1289/264 1513/1299/1496 596/421/596 81/420/81
f 265/1288/265 1510/1293/1493 1513/1299/1496 264/1289/264
f 266/1287/266 1507/1290/1490 1510/1293/1493 265/1288/265
f 1516/1302/1499 1517/1303/1500 1520/1304/1503 1519/1305/1502
f 1517/1306/1500 1518/1307/1501 1521/1308/1504 1520/1309/1503
f 1519/1305/1502 1520/1304/1503 1523/1310/1506 1522/1311/1505
f 1520/1309/1503 1521/1308/1504 1524/1312/1507 1523/1313/1506
f 29/967/29 438/966/438 1516/1302/1499 597/1314/597
f 438/966/438 439/965/439 1517/1303/1500 1516/1302/1499
f 439/964/439 440/962/440 1518/1307/1501 1517/1306/1500
f 440/962/440 27/961/27 485/1315/485 1518/1307/1501
f 1518/1307/1501 485/1315/485 484/1316/484 1521/1308/1504
f 1521/1308/1504 484/1316/484 483/1317/483 1524/1312/1507
f 1524/1312/1507 483/1317/483 88/1084/88 609/1083/609
f 1523/1313/1506 1524/1312/1507 609/1083/609 610/1082/610
f 1522/1311/1505 1523/1310/1506 610/1081/610 611/1079/611
f 599/1318/599 1522/1311/1505 611/1079/611 85/1078/85
f 598/1319/598 1519/1305/1502 1522/1311/1505 599/1318/599
f 597/1314/597 1516/1302/1499 1519/1305/1502 598/1319/598
f 1525/1320/1508 1526/1321/1509 1529/1322/1512 1528/1323/1511
f 1526/1324/1509 1527/1325/1510 1530/1326/1513 1529/1327/1512
f 1528/1323/1511 1529/1322/1512 1532/1328/1515 1531/1329/1514
f 1529/1327/1512 1530/1326/1513 1533/1330/1516 1532/1331/1515
f 28/982/28 444/1006/444 1525/1320/1508 603/1332/603
f 444/1006/444 445/1005/445 1526/1321/1509 1525/1320/1508
f 445/1004/445 446/1002/446 1527/1325/1510 1526/1324/1509
f 446/1002/446 30/1001/30 479/1333/479 1527/1325/1510
f 1527/1325/1510 479/1333/479 478/1334/478 1530/1326/1513
f 1530/1326/1513 478/1334/478 477/1335/477 1533/1330/1516
f 1533/1330/1516 477/1335/477 86/1336/86 612/1337/612
f 1532/1331/1515 1533/1330/1516 612/1337/612 613/1338/613
f 1531/1329/1514 1532/1328/1515 613/1339/613 614/1340/614
f 605/1341/605 1531/1329/1514 614/1340/614 87/1108/87
f 604/1342/604 1528/1323/1511 1531/1329/1514 605/1341/605
f 603/1332/603 1525/1320/1508 1528/1323/1511 604/1342/604
f 1534/1343/1517 1535/1344/1518 1538/1345/1521 1537/1346/1520
f 1535/1344/1518 1536/1347/1519 1539/1348/1522 1538/1345/1521
f 1537/1346/1520 1538/1345/1521 1541/1349/1524 1540/1350/1523
f 1538/1345/1521 1539/1348/1522 1542/1351/1525 1541/1349/1524
f 27/961/27 441/986/441 1534/1343/1517 485/1315/485
f 441/986/441 442/985/442 1535/1344/1518 1534/1343/1517
f 442/985/442 443/983/443 1536/1347/1519 1535/1344/1518
f 443/983/443 28/982/28 603/1332/603 1536/1347/1519
f 1536/1347/1519 603/1332/603 604/1342/604 1539/1348/1522
f 1539/1348/1522 604/1342/604 605/1341/605 1542/1351/1525
f 1542/1351/1525 605/1341/605 87/1108/87 615/1107/615
f 1541/1349/1524 1542/1351/1525 615/1107/615 616/1106/616
f 1540/1350/1523 1541/1349/1524 616/1106/616 617/1105/617
f 483/1317/483 1540/1350/1523 617/1105/617 88/1084/88
f 484/1316/484 1537/1346/1520 1540/1350/1523 483/1317/483
f 485/1315/485 1534/1343/1517 1537/1346/1520 484/1316/484
f 1543/1352/1526 1544/1353/1527 1547/1354/1530 1546/1355/1529
f 1544/1353/1527 1545/1356/1528 1548/1357/1531 1547/1354/1530
f 1546/1355/1529 1547/1354/1530 1550/1358/1533 1549/1359/1532
f 1547/1354/1530 1548/1357/1531 1551/1360/1534 1550/1358/1533
f 30/1001/30 447/1020/447 1543/1352/1526 479/1333/479
f 447/1020/447 448/1019/448 1544/1353/1527 1543/1352/1526
f 448/1019/448 449/1018/449 1545/1356/1528 1544/1353/1527
f 449/1018/449 29/967/29 597/1314/597 1545/1356/1528
f 1545/1356/1528 597/1314/597 598/1319/598 1548/1357/1531
f 1548/1357/1531 598/1319/598 599/1318/599 1551/1360/1534
f 1551/1360/1534 599/1318/599 85/1078/85 618/1361/618
f 1550/1358/1533 1551/1360/1534 618/1361/618 619/1362/619
f 1549/1359/1532 1550/1358/1533 619/1362/619 620/1363/620
f 477/1335/477 1549/1359/1532 620/1363/620 86/1336/86
f 478/1334/478 1546/1355/1529 1549/1359/1532 477/1335/477
f 479/1333/479 1543/1352/1526 1546/1355/1529 478/1334/478
f 1552/1364/1535 1553/1365/1536 1556/1366/1536 1555/1367/1535
f 1553/1365/1536 1554/1368/1537 1557/1369/1537 1556/1366/1536
f 1555/1367/1535 1556/1366/1536 1559/1370/1536 1558/1371/1535
f 1556/1366/1536 1557/1369/1537 1560/1372/1537 1559/1370/1536
f 95/1373/95 656/1374/648 1552/1364/1535 641/1375/635
f 656/1374/648 655/1376/647 1553/1365/1536 1552/1364/1535
f 655/1376/647 654/1377/646 1554/1368/1537 1553/1365/1536
f 654/1377/646 93/1094/93 633/1378/633 1554/1368/1537
f 1554/1368/1537 633/1378/633 634/1379/633 1557/1369/1537
f 1557/1369/1537 634/1379/633 635/1380/633 1560/1372/1537
f 1560/1372/1537 635/1380/633 89/1064/89 632/1062/632
f 1559/1370/1536 1560/1372/1537 632/1062/632 631/1061/631
f 1558/1371/1535 1559/1370/1536 631/1061/631 630/1060/630
f 639/1381/635 1558/1371/1535 630/1060/630 92/1059/92
f 640/1382/635 1555/1367/1535 1558/1371/1535 639/1381/635
f 641/1375/635 1552/1364/1535 1555/1367/1535 640/1382/635
f 1561/1383/1538 1562/1384/1539 1565/1385/1539 1564/1386/1538
f 1562/1384/1539 1563/1387/1540 1566/1388/1540 1565/1385/1539
f 1564/1386/1538 1565/1385/1539 1568/1389/1539 1567/1390/1538
f 1565/1385/1539 1566/1388/1540 1569/1391/1540 1568/1389/1539
f 96/1088/96 653/1115/645 1561/1383/1538 644/1392/636
f 653/1115/645 652/1114/644 1562/1384/1539 1561/1383/1538
f 652/1114/644 651/1113/643 1563/1387/1540 1562/1384/1539
f 651/1113/643 94/1112/94 636/1393/634 1563/1387/1540
f 1563/1387/1540 636/1393/634 637/1394/634 1566/1388/1540
f 1566/1388/1540 637/1394/634 638/1395/634 1569/1391/1540
f 1569/1391/1540 638/1395/634 91/503/91 626/501/626
f 1568/1389/1539 1569/1391/1540 626/501/626 625/500/625
f 1567/1390/1538 1568/1389/1539 625/500/625 624/499/624
f 642/1396/636 1567/1390/1538 624/499/624 90/498/90
f 643/1397/636 1564/1386/1538 1567/1390/1538 642/1396/636
f 644/1392/636 1561/1383/1538 1564/1386/1538 643/1397/636
f 1570/1398/1541 1571/1399/1542 1574/1400/1542 1573/1401/1541
f 1571/1402/1542 1572/1403/1543 1575/1404/1543 1574/1405/1542
f 1573/1401/1541 1574/1400/1542 1577/1406/1542 1576/1407/1541
f 1574/1405/1542 1575/1404/1543 1578/1408/1543 1577/1409/1542
f 94/1112/94 650/1410/642 1570/1398/1541 636/1393/634
f 650/1410/642 649/1411/641 1571/1399/1542 1570/1398/1541
f 649/1412/641 648/1413/640 1572/1403/1543 1571/1402/1542
f 648/1413/640 95/1373/95 641/1375/635 1572/1403/1543
f 1572/1403/1543 641/1375/635 640/1382/635 1575/1404/1543
f 1575/1404/1543 640/1382/635 639/1381/635 1578/1408/1543
f 1578/1408/1543 639/1381/635 92/1059/92 629/1414/629
f 1577/1409/1542 1578/1408/1543 629/1414/629 628/1415/628
f 1576/1407/1541 1577/1406/1542 628/1416/628 627/1417/627
f 638/1395/634 1576/1407/1541 627/1417/627 91/503/91
f 637/1394/634 1573/1401/1541 1576/1407/1541 638/1395/634
f 636/1393/634 1570/1398/1541 1573/1401/1541 637/1394/634
f 1579/1418/1544 1580/1419/1545 1583/1420/1545 1582/1421/1544
f 1580/1422/1545 1581/1423/1546 1584/1424/1546 1583/1425/1545
f 1582/1421/1544 1583/1420/1545 1586/1426/1545 1585/1427/1544
f 1583/1425/1545 1584/1424/1546 1587/1428/1546 1586/1429/1545
f 93/1094/93 647/1092/639 1579/1418/1544 633/1378/633
f 647/1092/639 646/1091/638 1580/1419/1545 1579/1418/1544
f 646/1090/638 645/1089/637 1581/1423/1546 1580/1422/1545
f 645/1089/637 96/1088/96 644/1392/636 1581/1423/1546
f 1581/1423/1546 644/1392/636 643/1397/636 1584/1424/1546
f 1584/1424/1546 643/1397/636 642/1396/636 1587/1428/1546
f 1587/1428/1546 642/1396/636 90/498/90 623/1430/623
f 1586/1429/1545 1587/1428/1546 623/1430/623 622/1431/622
f 1585/1427/1544 1586/1426/1545 622/1432/622 621/1433/621
f 635/1380/633 1585/1427/1544 621/1433/621 89/1064/89
f 634/1379/633 1582/1421/1544 1585/1427/1544 635/1380/633
f 633/1378/633 1579/1418/1544 1582/1421/1544 634/1379/633
f 1588/1434/1547 1589/1435/1548 1592/1436/1551 1591/1437/1550
f 1589/1435/1548 1590/1438/1549 1593/1439/1552 1592/1436/1551
f 1591/1437/1550 1592/1436/1551 1595/1440/1554 1594/1441/1553
f 1592/1436/1551 1593/1439/1552 1596/1442/1555 1595/1440/1554
f 86/1336/86 620/1363/620 1588/1434/1547 668/1443/660
f 620/1363/620 619/1362/619 1589/1435/1548 1588/1434/1547
f 619/1362/619 618/1361/618 1590/1438/1549 1589/1435/1548
f 618/1361/618 85/1078/85 482/1080/482 1590/1438/1549
f 1590/1438/1549 482/1080/482 481/1095/481 1593/1439/1552
f 1593/1439/1552 481/1095/481 480/1093/480 1596/1442/1555
f 1596/1442/1555 480/1093/480 93/1094/93 654/1377/646
f 1595/1440/1554 1596/1442/1555 654/1377/646 655/1376/647
f 1594/1441/1553 1595/1440/1554 655/1376/647 656/1374/648
f 666/1444/658 1594/1441/1553 656/1374/648 95/1373/95
f 667/1445/659 1591/1437/1550 1594/1441/1553 666/1444/658
f 668/1443/660 1588/1434/1547 1591/1437/1550 667/1445/659
f 1597/1446/1556 1598/1447/1557 1601/1448/1560 1600/1449/1559
f 1598/1450/1557 1599/1451/1558 1602/1452/1561 1601/1453/1560
f 1600/1449/1559 1601/1448/1560 1604/1454/1563 1603/1455/1562
f 1601/1453/1560 1602/1452/1561 1605/1456/1564 1604/1457/1563
f 87/1108/87 614/1340/614 1597/1446/1556 606/1109/606
f 614/1340/614 613/1339/613 1598/1447/1557 1597/1446/1556
f 613/1338/613 612/1337/612 1599/1451/1558 1598/1450/1557
f 612/1337/612 86/1336/86 668/1443/660 1599/1451/1558
f 1599/1451/1558 668/1443/660 667/1445/659 1602/1452/1561
f 1602/1452/1561 667/1445/659 666/1444/658 1605/1456/1564
f 1605/1456/1564 666/1444/658 95/1373/95 648/1413/640
f 1604/1457/1563 1605/1456/1564 648/1413/640 649/1412/641
f 1603/1455/1562 1604/1454/1563 649/1411/641 650/1410/642
f 608/1111/608 1603/1455/1562 650/1410/642 94/1112/94
f 607/1110/607 1600/1449/1559 1603/1455/1562 608/1111/608
f 606/1109/606 1597/1446/1556 1600/1449/1559 607/1110/607
f 1606/1458/1565 1607/1459/1566 1610/1460/1569 1609/1461/1568
f 1607/1462/1566 1608/1463/1567 1611/1464/1570 1610/1465/1569
f 1609/1461/1568 1610/1460/1569 1613/1466/1572 1612/1467/1571
f 1610/1465/1569 1611/1464/1570 1614/1468/1573 1613/1469/1572
f 62/1038/62 470/1037/470 1606/1458/1565 474/1056/474
f 470/1037/470 469/1036/469 1607/1459/1566 1606/1458/1565
f 469/1035/469 468/1034/468 1608/1463/1567 1607/1462/1566
f 468/1034/468 60/489/60 665/491/657 1608/1463/1567
f 1608/1463/1567 665/491/657 664/504/656 1611/1464/1570
f 1611/1464/1570 664/504/656 663/502/655 1614/1468/1573
f 1614/1468/1573 663/502/655 91/503/91 627/1417/627
f 1613/1469/1572 1614/1468/1573 627/1417/627 628/1416/628
f 1612/1467/1571 1613/1466/1572 628/1415/628 629/1414/629
f 476/1058/476 1612/1467/1571 629/1414/629 92/1059/92
f 475/1057/475 1609/1461/1568 1612/1467/1571 476/1058/476
f 474/1056/474 1606/1458/1565 1609/1461/1568 475/1057/475
f 1615/1470/1574 1616/1471/1575 1619/1472/1578 1618/1473/1577
f 1616/1474/1575 1617/1475/1576 1620/1476/1579 1619/1477/1578
f 1618/1473/1577 1619/1472/1578 1622/1478/1581 1621/1479/1580
f 1619/1477/1578 1620/1476/1579 1623/1480/1582 1622/1481/1581
f 59/494/59 464/1033/464 1615/1470/1574 660/495/652
f 464/1033/464 463/1045/463 1616/1471/1575 1615/1470/1574
f 463/1044/463 462/1042/462 1617/1475/1576 1616/1474/1575
f 462/1042/462 61/1043/61 659/1055/651 1617/1475/1576
f 1617/1475/1576 659/1055/651 658/1065/650 1620/1476/1579
f 1620/1476/1579 658/1065/650 657/1063/649 1623/1480/1582
f 1623/1480/1582 657/1063/649 89/1064/89 621/1433/621
f 1622/1481/1581 1623/1480/1582 621/1433/621 622/1432/622
f 1621/1479/1580 1622/1478/1581 622/1431/622 623/1430/623
f 662/497/654 1621/1479/1580 623/1430/623 90/498/90
f 661/496/653 1618/1473/1577 1621/1479/1580 662/497/654
f 660/495/652 1615/1470/1574 1618/1473/1577 661/496/653
f 1624/1482/1583 1625/1483/1584 1628/1484/1587 1627/1485/1586
f 1625/1483/1584 1626/1486/1585 1629/1487/1588 1628/1484/1587
f 1627/1485/1586 1628/1484/1587 1631/1488/1590 1630/1489/1589
f 1628/1484/1587 1629/1487/1588 1632/1490/1591 1631/1488/1590
f 99/1491/99 693/1492/685 1624/1482/1583 180/1493/180
f 693/1492/685 694/1494/686 1625/1483/1584 1624/1482/1583
f 694/1494/686 695/1495/687 1626/1486/1585 1625/1483/1584
f 695/1495/687 106/1496/106 686/1497/678 1626/1486/1585
f 1626/1486/1585 686/1497/678 685/1498/677 1629/1487/1588
f 1629/1487/1588 685/1498/677 684/1499/676 1632/1490/1591
f 1632/1490/1591 684/1499/676 51/190/51 186/192/186
f 1631/1488/1590 1632/1490/1591 186/192/186 187/200/187
f 1630/1489/1589 1631/1488/1590 187/200/187 188/198/188
f 182/1500/182 1630/1489/1589 188/198/188 12/199/12
f 181/1501/181 1627/1485/1586 1630/1489/1589 182/1500/182
f 180/1493/180 1624/1482/1583 1627/1485/1586 181/1501/181
f 1633/1502/1592 1634/1503/1593 1637/1504/1596 1636/1505/1595
f 1634/1503/1593 1635/1506/1594 1638/1507/1597 1637/1504/1596
f 1636/1505/1595 1637/1504/1596 1640/1508/1599 1639/1509/1598
f 1637/1504/1596 1638/1507/1597 1641/1510/1600 1640/1508/1599
f 4/68/4 710/699/702 1633/1502/1592 330/669/330
f 710/699/702 709/698/701 1634/1503/1593 1633/1502/1592
f 709/698/701 708/697/700 1635/1506/1594 1634/1503/1593
f 708/697/700 108/696/108 704/695/696 1635/1506/1594
f 1635/1506/1594 704/695/696 703/694/695 1638/1507/1597
f 1638/1507/1597 703/694/695 702/1511/694 1641/1510/1600
f 1641/1510/1600 702/1511/694 107/1512/107 336/1513/336
f 1640/1508/1599 1641/1510/1600 336/1513/336 337/1514/337
f 1639/1509/1598 1640/1508/1599 337/1514/337 338/1515/338
f 332/671/332 1639/1509/1598 338/1515/338 38/672/38
f 331/670/331 1636/1505/1595 1639/1509/1598 332/671/332
f 330/669/330 1633/1502/1592 1636/1505/1595 331/670/331
f 1643/1516/1602 1644/1517/1603 1642/1518/1601 1648/1519/1607
f 1645/1520/1604 1646/1521/1605 1642/1518/1601 1644/1517/1603
f 1647/1522/1606 1648/1519/1607 1642/1518/1601 1646/1521/1605
f 107/691/107 705/690/697 1643/1516/1602 689/1523/681
f 705/690/697 706/689/698 1644/1517/1603 1643/1516/1602
f 689/1523/681 1643/1516/1602 1648/1519/1607 688/1524/680
f 6/44/6 149/43/149 1645/1520/1604 707/688/699
f 149/43/149 148/42/148 1646/1521/1605 1645/1520/1604
f 707/688/699 1645/1520/1604 1644/1517/1603 706/689/698
f 35/40/35 687/1525/679 1647/1522/1606 147/41/147
f 687/1525/679 688/1524/680 1648/1519/1607 1647/1522/1606
f 147/41/147 1647/1522/1606 1646/1521/1605 148/42/148
f 1649/1526/1608 1650/1527/1609 1653/1528/1612 1652/1529/1611
f 1650/1527/1609 1651/1530/1610 1654/1531/1613 1653/1528/1612
f 1652/1529/1611 1653/1528/1612 1656/1532/1615 1655/1533/1614
f 1653/1528/1612 1654/1531/1613 1657/1534/1616 1656/1532/1615
f 104/756/104 723/1535/715 1649/1526/1608 683/828/675
f 723/1535/715 724/1536/716 1650/1527/1609 1649/1526/1608
f 724/1536/716 725/1537/717 1651/1530/1610 1650/1527/1609
f 725/1537/717 99/1491/99 180/1493/180 1651/1530/1610
f 1651/1530/1610 180/1493/180 181/1501/181 1654/1531/1613
f 1654/1531/1613 181/1501/181 182/1500/182 1657/1534/1616
f 1657/1534/1616 182/1500/182 12/199/12 354/789/354
f 1656/1532/1615 1657/1534/1616 354/789/354 355/795/355
f 1655/1533/1614 1656/1532/1615 355/795/355 356/793/356
f 681/831/673 1655/1533/1614 356/793/356 42/794/42
f 682/829/674 1652/1529/1611 1655/1533/1614 681/831/673
f 683/828/675 1649/1526/1608 1652/1529/1611 682/829/674
f 1658/1538/1617 1659/1539/1618 1662/1540/1621 1661/1541/1620
f 1659/1539/1618 1660/1542/1619 1663/1543/1622 1662/1540/1621
f 1661/1541/1620 1662/1540/1621 1665/1544/1624 1664/1545/1623
f 1662/1540/1621 1663/1543/1622 1666/1546/1625 1665/1544/1624
f 109/1547/109 732/1548/724 1658/1538/1617 731/1549/723
f 732/1548/724 733/1550/725 1659/1539/1618 1658/1538/1617
f 733/1550/725 734/1551/726 1660/1542/1619 1659/1539/1618
f 734/1551/726 110/1552/110 735/1553/727 1660/1542/1619
f 1660/1542/1619 735/1553/727 736/1554/728 1663/1543/1622
f 1663/1543/1622 736/1554/728 737/1555/729 1666/1546/1625
f 1666/1546/1625 737/1555/729 111/1556/111 738/1557/730
f 1665/1544/1624 1666/1546/1625 738/1557/730 739/1558/731
f 1664/1545/1623 1665/1544/1624 739/1558/731 740/1559/732
f 729/1560/721 1664/1545/1623 740/1559/732 112/1561/112
f 730/1562/722 1661/1541/1620 1664/1545/1623 729/1560/721
f 731/1549/723 1658/1538/1617 1661/1541/1620 730/1562/722
f 1667/1563/1626 1668/1564/1627 1671/1565/1630 1670/1566/1629
f 1668/1564/1627 1669/1567/1628 1672/1568/1631 1671/1565/1630
f 1670/1566/1629 1671/1565/1630 1674/1569/1633 1673/1570/1632
f 1671/1565/1630 1672/1568/1631 1675/1571/1634 1674/1569/1633
f 113/1572/113 744/1573/736 1667/1563/1626 743/1574/735
f 744/1573/736 745/1575/737 1668/1564/1627 1667/1563/1626
f 745/1575/737 746/1576/738 1669/1567/1628 1668/1564/1627
f 746/1576/738 114/1577/114 747/1578/739 1669/1567/1628
f 1669/1567/1628 747/1578/739 748/1579/740 1672/1568/1631
f 1672/1568/1631 748/1579/740 749/1580/741 1675/1571/1634
f 1675/1571/1634 749/1580/741 115/1581/115 750/1582/742
f 1674/1569/1633 1675/1571/1634 750/1582/742 751/1583/743
f 1673/1570/1632 1674/1569/1633 751/1583/743 752/1584/744
f 1676/1585/1635 1677/1586/1636 1680/1587/1639 1679/1588/1638
f 1677/1586/1636 1678/1589/1637 1681/1590/1640 1680/1587/1639
f 1679/1588/1638 1680/1587/1639 1683/1591/1642 1682/1592/1641
f 1680/1587/1639 1681/1590/1640 1684/1593/1643 1683/1591/1642
f 117/1594/117 756/1595/748 1676/1585/1635 755/1596/747
f 756/1595/748 757/1597/749 1677/1586/1636 1676/1585/1635
f 757/1597/749 758/1598/750 1678/1589/1637 1677/1586/1636
f 758/1598/750 118/1599/118 759/1600/751 1678/1589/1637
f 1678/1589/1637 759/1600/751 760/1601/752 1681/1590/1640
f 1681/1590/1640 760/1601/752 761/1602/753 1684/1593/1643
f 1684/1593/1643 761/1602/753 119/1603/119 762/1604/754
f 1683/1591/1642 1684/1593/1643 762/1604/754 763/1605/755
f 1682/1592/1641 1683/1591/1642 763/1605/755 764/1606/756
f 753/1607/745 1682/1592/1641 764/1606/756 120/1608/120
f 754/1609/746 1679/1588/1638 1682/1592/1641 753/1607/745
f 755/1596/747 1676/1585/1635 1679/1588/1638 754/1609/746
f 1685/1610/1644 1686/1611/1645 1689/1612/1648 1688/1613/1647
f 1686/1611/1645 1687/1614/1646 1690/1615/1649 1689/1612/1648
f 1688/1613/1647 1689/1612/1648 1692/1616/1651 1691/1617/1650
f 1689/1612/1648 1690/1615/1649 1693/1618/1652 1692/1616/1651
f 121/1619/121 768/1620/760 1685/1610/1644 767/1621/759
f 768/1620/760 769/1622/761 1686/1611/1645 1685/1610/1644
f 1687/1614/1646 770/1623/762 771/1624/763 1690/1615/1649
f 1690/1615/1649 771/1624/763 772/1625/764 1693/1618/1652
f 1693/1618/1652 772/1625/764 123/1626/123 773/1627/765
f 1692/1616/1651 1693/1618/1652 773/1627/765 774/1628/766
f 1691/1617/1650 1692/1616/1651 774/1628/766 775/1629/767
f 765/1630/757 1691/1617/1650 775/1629/767 124/1631/124
f 766/1632/758 1688/1613/1647 1691/1617/1650 765/1630/757
f 767/1621/759 1685/1610/1644 1688/1613/1647 766/1632/758
f 1694/1633/1653 1695/1634/1654 1698/1635/1657 1697/1636/1656
f 1695/1634/1654 1696/1637/1655 1699/1638/1658 1698/1635/1657
f 1697/1636/1656 1698/1635/1657 1701/1639/1660 1700/1640/1659
f 1698/1635/1657 1699/1638/1658 1702/1641/1661 1701/1639/1660
f 125/1642/125 779/1643/771 1694/1633/1653 778/1644/770
f 779/1643/771 780/1645/772 1695/1634/1654 1694/1633/1653
f 780/1645/772 781/1646/773 1696/1637/1655 1695/1634/1654
f 781/1646/773 126/1647/126 782/1648/774 1696/1637/1655
f 1696/1637/1655 782/1648/774 783/1649/775 1699/1638/1658
f 1699/1638/1658 783/1649/775 784/1650/776 1702/1641/1661
f 1702/1641/1661 784/1650/776 127/1651/127 785/1652/777
f 1701/1639/1660 1702/1641/1661 785/1652/777 786/1653/778
f 1700/1640/1659 1701/1639/1660 786/1653/778 787/1654/779
f 776/1655/768 1700/1640/1659 787/1654/779 128/1656/128
f 777/1657/769 1697/1636/1656 1700/1640/1659 776/1655/768
f 778/1644/770 1694/1633/1653 1697/1636/1656 777/1657/769
f 1703/1658/1662 1704/1659/1663 1707/1660/1666 1706/1661/1665
f 1704/1659/1663 1705/1662/1664 1708/1663/1667 1707/1660/1666
f 1706/1661/1665 1707/1660/1666 1710/1664/1669 1709/1665/1668
f 1707/1660/1666 1708/1663/1667 1711/1666/1670 1710/1664/1669
f 792/1667/784 793/1668/785 1705/1662/1664 1704/1659/1663
f 793/1668/785 130/1669/130 794/1670/786 1705/1662/1664
f 1705/1662/1664 794/1670/786 795/1671/787 1708/1663/1667
f 1708/1663/1667 795/1671/787 796/1672/788 1711/1666/1670
f 1711/1666/1670 796/1672/788 131/1673/131 797/1674/789
f 1710/1664/1669 1711/1666/1670 797/1674/789 798/1675/790
f 1709/1665/1668 1710/1664/1669 798/1675/790 799/1676/791
f 788/1677/780 1709/1665/1668 799/1676/791 132/1678/132
f 789/1679/781 1706/1661/1665 1709/1665/1668 788/1677/780
f 790/1680/782 1703/1658/1662 1706/1661/1665 789/1679/781
f 1712/1681/1671 1713/1682/1672 1716/1683/1675 1715/1684/1674
f 1713/1682/1672 1714/1685/1673 1717/1686/1676 1716/1683/1675
f 1715/1684/1674 1716/1683/1675 1719/1687/1678 1718/1688/1677
f 1716/1683/1675 1717/1686/1676 1720/1689/1679 1719/1687/1678
f 133/1690/133 803/1691/795 1712/1681/1671 802/1692/794
f 803/1691/795 804/1693/796 1713/1682/1672 1712/1681/1671
f 804/1693/796 805/1694/797 1714/1685/1673 1713/1682/1672
f 805/1694/797 134/1695/134 806/1696/798 1714/1685/1673
f 1714/1685/1673 806/1696/798 807/1697/799 1717/1686/1676
f 1717/1686/1676 807/1697/799 808/1698/800 1720/1689/1679
f 1720/1689/1679 808/1698/800 135/1699/135 809/1700/801
f 1719/1687/1678 1720/1689/1679 809/1700/801 810/1701/802
f 1718/1688/1677 1719/1687/1678 810/1701/802 811/1702/803
f 800/1703/792 1718/1688/1677 811/1702/803 136/1704/136
f 801/1705/793 1715/1684/1674 1718/1688/1677 800/1703/792
f 802/1692/794 1712/1681/1671 1715/1684/1674 801/1705/793
f 1721/1706/1680 1722/1707/1681 1725/1708/1684 1724/1709/1683
f 1722/1707/1681 1723/1710/1682 1726/1711/1685 1725/1708/1684
f 1724/1709/1683 1725/1708/1684 1728/1712/1687 1727/1713/1686
f 1725/1708/1684 1726/1711/1685 1729/1714/1688 1728/1712/1687
f 137/1715/137 815/1716/807 1721/1706/1680 814/1717/806
f 815/1716/807 816/1718/808 1722/1707/1681 1721/1706/1680
f 816/1718/808 817/1719/809 1723/1710/1682 1722/1707/1681
f 817/1719/809 138/1720/138 818/1721/810 1723/1710/1682
f 1723/1710/1682 818/1721/810 819/1722/811 1726/1711/1685
f 1726/1711/1685 819/1722/811 820/1723/812 1729/1714/1688
f 1729/1714/1688 820/1723/812 139/1724/139 821/1725/813
f 1728/1712/1687 1729/1714/1688 821/1725/813 822/1726/814
f 1727/1713/1686 1728/1712/1687 822/1726/814 823/1727/815
f 812/1728/804 1727/1713/1686 823/1727/815 140/1729/140
f 813/1730/805 1724/1709/1683 1727/1713/1686 812/1728/804
f 814/1717/806 1721/1706/1680 1724/1709/1683 813/1730/805
f 1731/1731/1690 1732/1732/1691 1730/1733/1689 1740/1734/1699
f 1733/1735/1692 1734/1736/1693 1730/1733/1689 1732/1732/1691
f 1735/1737/1694 1736/1738/1695 1730/1733/1689 1734/1736/1693
f 1737/1739/1696 1738/1740/1697 1730/1733/1689 1736/1738/1695
f 1739/1741/1698 1740/1734/1699 1730/1733/1689 1738/1740/1697
f 1/943/1 824/1742/816 1731/1731/1690 420/944/420
f 824/1742/816 825/1743/817 1732/1732/1691 1731/1731/1690
f 420/944/420 1731/1731/1690 1740/1734/1699 421/945/421
f 109/1547/109 731/1549/723 1733/1735/1692 826/1744/818
f 731/1549/723 730/1562/722 1734/1736/1693 1733/1735/1692
f 826/1744/818 1733/1735/1692 1732/1732/1691 825/1743/817
f 112/1561/112 827/1745/819 1735/1737/1694 729/1560/721
f 827/1745/819 828/1746/820 1736/1738/1695 1735/1737/1694
f 729/1560/721 1735/1737/1694 1734/1736/1693 730/1562/722
f 52/10/52 426/212/426 1737/1739/1696 829/1747/821
f 426/212/426 427/211/427 1738/1740/1697 1737/1739/1696
f 829/1747/821 1737/1739/1696 1736/1738/1695 828/1746/820
f 53/169/53 422/946/422 1739/1741/1698 428/210/428
f 422/946/422 421/945/421 1740/1734/1699 1739/1741/1698
f 428/210/428 1739/1741/1698 1738/1740/1697 427/211/427
f 1742/1748/1701 1743/1749/1702 1741/1750/1700 1751/1751/1710
f 1744/1752/1703 1745/1753/1704 1741/1750/1700 1743/1749/1702
f 1746/1754/1705 1747/1755/1706 1741/1750/1700 1745/1753/1704
f 1748/1756/1707 1749/1757/1708 1741/1750/1700 1747/1755/1706
f 1750/1758/1709 1751/1751/1710 1741/1750/1700 1749/1757/1708
f 112/1561/112 740/1559/732 1742/1748/1701 827/1745/819
f 740/1559/732 739/1558/731 1743/1749/1702 1742/1748/1701
f 827/1745/819 1742/1748/1701 1751/1751/1710 828/1746/820
f 111/1556/111 830/1759/822 1744/1752/1703 738/1557/730
f 830/1759/822 831/1760/823 1745/1753/1704 1744/1752/1703
f 738/1557/730 1744/1752/1703 1743/1749/1702 739/1558/731
f 98/1761/98 701/1762/693 1746/1754/1705 832/1763/824
f 701/1762/693 700/1764/692 1747/1755/1706 1746/1754/1705
f 832/1763/824 1746/1754/1705 1745/1753/1704 831/1760/823
f 106/15/106 435/14/435 1748/1756/1707 699/1765/691
f 435/14/435 436/13/436 1749/1757/1708 1748/1756/1707
f 699/1765/691 1748/1756/1707 1747/1755/1706 700/1764/692
f 52/10/52 829/1747/821 1750/1758/1709 437/11/437
f 829/1747/821 828/1746/820 1751/1751/1710 1750/1758/1709
f 437/11/437 1750/1758/1709 1749/1757/1708 436/13/436
f 1753/1766/1712 1754/1767/1713 1752/1768/1711 1762/1769/1721
f 1755/1770/1714 1756/1771/1715 1752/1768/1711 1754/1767/1713
f 1757/1772/1716 1758/1773/1717 1752/1768/1711 1756/1771/1715
f 1759/1774/1718 1760/1775/1719 1752/1768/1711 1758/1773/1717
f 1761/1776/1720 1762/1769/1721 1752/1768/1711 1760/1775/1719
f 66/333/66 503/1777/503 1753/1766/1712 491/1131/491
f 503/1777/503 502/1778/502 1754/1767/1713 1753/1766/1712
f 491/1131/491 1753/1766/1712 1762/1769/1721 490/1132/490
f 64/1779/64 833/1780/825 1755/1770/1714 501/1781/501
f 833/1780/825 834/1782/826 1756/1771/1715 1755/1770/1714
f 501/1781/501 1755/1770/1714 1754/1767/1713 502/1778/502
f 110/1552/110 734/1551/726 1757/1772/1716 835/1783/827
f 734/1551/726 733/1550/725 1758/1773/1717 1757/1772/1716
f 835/1783/827 1757/1772/1716 1756/1771/1715 834/1782/826
f 109/1547/109 826/1744/818 1759/1774/1718 732/1548/724
f 826/1744/818 825/1743/817 1760/1775/1719 1759/1774/1718
f 732/1548/724 1759/1774/1718 1758/1773/1717 733/1550/725
f 1/943/1 489/1133/489 1761/1776/1720 824/1742/816
f 489/1133/489 490/1132/490 1762/1769/1721 1761/1776/1720
f 824/1742/816 1761/1776/1720 1760/1775/1719 825/1743/817
f 1764/1784/1723 1765/1785/1724 1763/1786/1722 1773/1787/1732
f 1766/1788/1725 1767/1789/1726 1763/1786/1722 1765/1785/1724
f 1768/1790/1727 1769/1791/1728 1763/1786/1722 1767/1789/1726
f 1770/1792/1729 1771/1793/1730 1763/1786/1722 1769/1791/1728
f 1772/1794/1731 1773/1787/1732 1763/1786/1722 1771/1793/1730
f 102/1795/102 719/1796/711 1764/1784/1723 498/1797/498
f 719/1796/711 718/1798/710 1765/1785/1724 1764/1784/1723
f 498/1797/498 1764/1784/1723 1773/1787/1732 499/1799/499
f 98/1761/98 832/1763/824 1766/1788/1725 717/1800/709
f 832/1763/824 831/1760/823 1767/1789/1726 1766/1788/1725
f 717/1800/709 1766/1788/1725 1765/1785/1724 718/1798/710
f 111/1556/111 737/1555/729 1768/1790/1727 830/1759/822
f 737/1555/729 736/1554/728 1769/1791/1728 1768/1790/1727
f 830/1759/822 1768/1790/1727 1767/1789/1726 831/1760/823
f 110/1552/110 835/1783/827 1770/1792/1729 735/1553/727
f 835/1783/827 834/1782/826 1771/1793/1730 1770/1792/1729
f 735/1553/727 1770/1792/1729 1769/1791/1728 736/1554/728
f 64/1779/64 500/1801/500 1772/1794/1731 833/1780/825
f 500/1801/500 499/1799/499 1773/1787/1732 1772/1794/1731
f 833/1780/825 1772/1794/1731 1771/1793/1730 834/1782/826
f 1775/1802/1734 1776/1803/1735 1774/1804/1733 1784/1805/1743
f 1777/1806/1736 1778/1807/1737 1774/1804/1733 1776/1803/1735
f 1779/1808/1738 1780/1809/1739 1774/1804/1733 1778/1807/1737
f 1781/1810/1740 1782/1811/1741 1774/1804/1733 1780/1809/1739
f 1783/1812/1742 1784/1805/1743 1774/1804/1733 1782/1811/1741
f 106/1496/106 699/1813/691 1775/1802/1734 686/1497/678
f 699/1813/691 700/1814/692 1776/1803/1735 1775/1802/1734
f 686/1497/678 1775/1802/1734 1784/1805/1743 685/1498/677
f 98/1815/98 836/1816/828 1777/1806/1736 701/1817/693
f 836/1816/828 837/1818/829 1778/1807/1737 1777/1806/1736
f 701/1817/693 1777/1806/1736 1776/1803/1735 700/1814/692
f 116/1819/116 752/1584/744 1779/1808/1738 838/1820/830
f 752/1584/744 751/1583/743 1780/1809/1739 1779/1808/1738
f 838/1820/830 1779/1808/1738 1778/1807/1737 837/1818/829
f 115/1581/115 839/1821/831 1781/1810/1740 750/1582/742
f 839/1821/831 840/1822/832 1782/1811/1741 1781/1810/1740
f 750/1582/742 1781/1810/1740 1780/1809/1739 751/1583/743
f 51/190/51 684/1499/676 1783/1812/1742 841/1823/833
f 684/1499/676 685/1498/677 1784/1805/1743 1783/1812/1742
f 841/1823/833 1783/1812/1742 1782/1811/1741 840/1822/832
f 1786/1824/1745 1787/1825/1746 1785/1826/1744 1795/1827/1754
f 1788/1828/1747 1789/1829/1748 1785/1826/1744 1787/1825/1746
f 1790/1830/1749 1791/1831/1750 1785/1826/1744 1789/1829/1748
f 1792/1832/1751 1793/1833/1752 1785/1826/1744 1791/1831/1750
f 1794/1834/1753 1795/1827/1754 1785/1826/1744 1793/1833/1752
f 2/937/2 842/1835/834 1786/1824/1745 146/1128/146
f 842/1835/834 843/1836/835 1787/1825/1746 1786/1824/1745
f 146/1128/146 1786/1824/1745 1795/1827/1754 145/1129/145
f 114/1577/114 746/1576/738 1788/1828/1747 844/1837/836
f 746/1576/738 745/1575/737 1789/1829/1748 1788/1828/1747
f 844/1837/836 1788/1828/1747 1787/1825/1746 843/1836/835
f 113/1572/113 845/1838/837 1790/1830/1749 744/1573/736
f 845/1838/837 846/1839/838 1791/1831/1750 1790/1830/1749
f 744/1573/736 1790/1830/1749 1789/1829/1748 745/1575/737
f 65/1840/65 495/1841/495 1792/1832/1751 847/1842/839
f 495/1841/495 496/1843/496 1793/1833/1752 1792/1832/1751
f 847/1842/839 1792/1832/1751 1791/1831/1750 846/1839/838
f 63/318/63 144/1130/144 1794/1834/1753 497/1844/497
f 144/1130/144 145/1129/145 1795/1827/1754 1794/1834/1753
f 497/1844/497 1794/1834/1753 1793/1833/1752 496/1843/496
f 1797/1845/1756 1798/1846/1757 1796/1847/1755 1806/1848/1765
f 1799/1849/1758 1800/1850/1759 1796/1847/1755 1798/1846/1757
f 1801/1851/1760 1802/1852/1761 1796/1847/1755 1800/1850/1759
f 1803/1853/1762 1804/1854/1763 1796/1847/1755 1802/1852/1761
f 1805/1855/1764 1806/1848/1765 1796/1847/1755 1804/1854/1763
f 65/1840/65 847/1842/839 1797/1845/1756 675/1856/667
f 847/1842/839 846/1839/838 1798/1846/1757 1797/1845/1756
f 675/1856/667 1797/1845/1756 1806/1848/1765 676/1857/668
f 113/1572/113 743/1574/735 1799/1849/1758 845/1838/837
f 743/1574/735 742/1858/734 1800/1850/1759 1799/1849/1758
f 845/1838/837 1799/1849/1758 1798/1846/1757 846/1839/838
f 116/1819/116 838/1820/830 1801/1851/1760 741/1859/733
f 838/1820/830 837/1818/829 1802/1852/1761 1801/1851/1760
f 741/1859/733 1801/1851/1760 1800/1850/1759 742/1858/734
f 98/1815/98 717/1860/709 1803/1853/1762 836/1816/828
f 717/1860/709 718/1861/710 1804/1854/1763 1803/1853/1762
f 836/1816/828 1803/1853/1762 1802/1852/1761 837/1818/829
f 102/1862/102 677/1863/669 1805/1855/1764 719/1864/711
f 677/1863/669 676/1857/668 1806/1848/1765 1805/1855/1764
f 719/1864/711 1805/1855/1764 1804/1854/1763 718/1861/710
f 1808/1865/1767 1809/1866/1768 1807/1867/1766 1817/1868/1776
f 1810/1869/1769 1811/1870/1770 1807/1867/1766 1809/1866/1768
f 1812/1871/1771 1813/1872/1772 1807/1867/1766 1811/1870/1770
f 1814/1873/1773 1815/1874/1774 1807/1867/1766 1813/1872/1772
f 1816/1875/1775 1817/1868/1776 1807/1867/1766 1815/1874/1774
f 115/1581/115 749/1580/741 1808/1865/1767 839/1821/831
f 749/1580/741 748/1579/740 1809/1866/1768 1808/1865/1767
f 839/1821/831 1808/1865/1767 1817/1868/1776 840/1822/832
f 114/1577/114 844/1837/836 1810/1869/1769 747/1578/739
f 844/1837/836 843/1836/835 1811/1870/1770 1810/1869/1769
f 747/1578/739 1810/1869/1769 1809/1866/1768 748/1579/740
f 2/937/2 194/939/194 1812/1871/1771 842/1835/834
f 194/939/194 193/948/193 1813/1872/1772 1812/1871/1771
f 842/1835/834 1812/1871/1771 1811/1870/1770 843/1836/835
f 54/163/54 429/194/429 1814/1873/1773 192/947/192
f 429/194/429 430/193/430 1815/1874/1774 1814/1873/1773
f 192/947/192 1814/1873/1773 1813/1872/1772 193/948/193
f 51/190/51 841/1823/833 1816/1875/1775 431/191/431
f 841/1823/833 840/1822/832 1817/1868/1776 1816/1875/1775
f 431/191/431 1816/1875/1775 1815/1874/1774 430/193/430
f 1819/1876/1778 1820/1877/1779 1818/1878/1777 1828/1879/1787
f 1821/1880/1780 1822/1881/1781 1818/1878/1777 1820/1877/1779
f 1823/1882/1782 1824/1883/1783 1818/1878/1777 1822/1881/1781
f 1825/1884/1784 1826/1885/1785 1818/1878/1777 1824/1883/1783
f 1827/1886/1786 1828/1879/1787 1818/1878/1777 1826/1885/1785
f 117/1594/117 755/1596/747 1819/1876/1778 850/1887/842
f 755/1596/747 754/1609/746 1820/1877/1779 1819/1876/1778
f 850/1887/842 1819/1876/1778 1828/1879/1787 849/1888/841
f 120/1608/120 851/1889/843 1821/1880/1780 753/1607/745
f 851/1889/843 852/1890/844 1822/1881/1781 1821/1880/1780
f 753/1607/745 1821/1880/1780 1820/1877/1779 754/1609/746
f 67/1891/67 678/1892/670 1823/1882/1782 853/1893/845
f 678/1892/670 679/1894/671 1824/1883/1783 1823/1882/1782
f 853/1893/845 1823/1882/1782 1822/1881/1781 852/1890/844
f 103/1895/103 726/1896/718 1825/1884/1784 680/1897/672
f 726/1896/718 727/1898/719 1826/1885/1785 1825/1884/1784
f 680/1897/672 1825/1884/1784 1824/1883/1783 679/1894/671
f 101/1899/101 848/1900/840 1827/1886/1786 728/1901/720
f 848/1900/840 849/1888/841 1828/1879/1787 1827/1886/1786
f 728/1901/720 1827/1886/1786 1826/1885/1785 727/1898/719
f 1830/1902/1789 1831/1903/1790 1829/1904/1788 1839/1905/1798
f 1832/1906/1791 1833/1907/1792 1829/1904/1788 1831/1903/1790
f 1834/1908/1793 1835/1909/1794 1829/1904/1788 1833/1907/1792
f 1836/1910/1795 1837/1911/1796 1829/1904/1788 1835/1909/1794
f 1838/1912/1797 1839/1905/1798 1829/1904/1788 1837/1911/1796
f 69/108/69 518/1913/518 1830/1902/1789 509/109/509
f 518/1913/518 517/1914/517 1831/1903/1790 1830/1902/1789
f 509/109/509 1830/1902/1789 1839/1905/1798 508/111/508
f 67/1891/67 853/1893/845 1832/1906/1791 516/1915/516
f 853/1893/845 852/1890/844 1833/1907/1792 1832/1906/1791
f 516/1915/516 1832/1906/1791 1831/1903/1790 517/1914/517
f 120/1608/120 764/1606/756 1834/1908/1793 851/1889/843
f 764/1606/756 763/1605/755 1835/1909/1794 1834/1908/1793
f 851/1889/843 1834/1908/1793 1833/1907/1792 852/1890/844
f 119/1603/119 854/1916/846 1836/1910/1795 762/1604/754
f 854/1916/846 855/1917/847 1837/1911/1796 1836/1910/1795
f 762/1604/754 1836/1910/1795 1835/1909/1794 763/1605/755
f 7/113/7 507/112/507 1838/1912/1797 856/1918/848
f 507/112/507 508/111/508 1839/1905/1798 1838/1912/1797
f 856/1918/848 1838/1912/1797 1837/1911/1796 855/1917/847
f 1841/1919/1800 1842/1920/1801 1840/1921/1799 1850/1922/1809
f 1843/1923/1802 1844/1924/1803 1840/1921/1799 1842/1920/1801
f 1845/1925/1804 1846/1926/1805 1840/1921/1799 1844/1924/1803
f 1847/1927/1806 1848/1928/1807 1840/1921/1799 1846/1926/1805
f 1849/1929/1808 1850/1922/1809 1840/1921/1799 1848/1928/1807
f 7/113/7 856/1918/848 1841/1919/1800 167/1188/167
f 856/1918/848 855/1917/847 1842/1920/1801 1841/1919/1800
f 167/1188/167 1841/1919/1800 1850/1922/1809 166/1189/166
f 119/1603/119 761/1602/753 1843/1923/1802 854/1916/846
f 761/1602/753 760/1601/752 1844/1924/1803 1843/1923/1802
f 854/1916/846 1843/1923/1802 1842/1920/1801 855/1917/847
f 118/1599/118 857/1930/849 1845/1925/1804 759/1600/751
f 857/1930/849 858/1931/850 1846/1926/1805 1845/1925/1804
f 759/1600/751 1845/1925/1804 1844/1924/1803 760/1601/752
f 75/1932/75 540/1933/540 1847/1927/1806 859/1934/851
f 540/1933/540 541/1935/541 1848/1928/1807 1847/1927/1806
f 859/1934/851 1847/1927/1806 1846/1926/1805 858/1931/850
f 73/1164/73 165/1190/165 1849/1929/1808 542/1936/542
f 165/1190/165 166/1189/166 1850/1922/1809 1849/1929/1808
f 542/1936/542 1849/1929/1808 1848/1928/1807 541/1935/541
f 1852/1937/1811 1853/1938/1812 1851/1939/1810 1861/1940/1820
f 1854/1941/1813 1855/1942/1814 1851/1939/1810 1853/1938/1812
f 1856/1943/1815 1857/1944/1816 1851/1939/1810 1855/1942/1814
f 1858/1945/1817 1859/1946/1818 1851/1939/1810 1857/1944/1816
f 1860/1947/1819 1861/1940/1820 1851/1939/1810 1859/1946/1818
f 75/1932/75 859/1934/851 1852/1937/1811 672/1948/664
f 859/1934/851 858/1931/850 1853/1938/1812 1852/1937/1811
f 672/1948/664 1852/1937/1811 1861/1940/1820 673/1949/665
f 118/1599/118 758/1598/750 1854/1941/1813 857/1930/849
f 758/1598/750 757/1597/749 1855/1942/1814 1854/1941/1813
f 857/1930/849 1854/1941/1813 1853/1938/1812 858/1931/850
f 117/1594/117 850/1887/842 1856/1943/1815 756/1595/748
f 850/1887/842 849/1888/841 1857/1944/1816 1856/1943/1815
f 756/1595/748 1856/1943/1815 1855/1942/1814 757/1597/749
f 101/1899/101 720/1950/712 1858/1945/1817 848/1900/840
f 720/1950/712 721/1951/713 1859/1946/1818 1858/1945/1817
f 848/1900/840 1858/1945/1817 1857/1944/1816 849/1888/841
f 100/1952/100 674/1953/666 1860/1947/1819 722/1954/714
f 674/1953/666 673/1949/665 1861/1940/1820 1860/1947/1819
f 722/1954/714 1860/1947/1819 1859/1946/1818 721/1951/713
f 1863/1955/1822 1864/1956/1823 1862/1957/1821 1872/1958/1831
f 1865/1959/1824 1866/1960/1825 1862/1957/1821 1864/1956/1823
f 1867/1961/1826 1868/1962/1827 1862/1957/1821 1866/1960/1825
f 1869/1963/1828 1870/1964/1829 1862/1957/1821 1868/1962/1827
f 1871/1965/1830 1872/1958/1831 1862/1957/1821 1870/1964/1829
f 100/1966/100 722/1967/714 1863/1955/1822 546/1968/546
f 722/1967/714 721/1969/713 1864/1956/1823 1863/1955/1822
f 546/1968/546 1863/1955/1822 1872/1958/1831 547/1970/547
f 101/1971/101 860/1972/852 1865/1959/1824 720/1973/712
f 860/1972/852 861/1974/853 1866/1960/1825 1865/1959/1824
f 720/1973/712 1865/1959/1824 1864/1956/1823 721/1969/713
f 862/1975/854 1867/1961/1826 1866/1960/1825 861/1974/853
f 121/1619/121 863/1976/855 1869/1963/1828 768/1620/760
f 863/1976/855 864/1977/856 1870/1964/1829 1869/1963/1828
f 768/1620/760 1869/1963/1828 1868/1962/1827 769/1622/761
f 74/1978/74 548/1979/548 1871/1965/1830 865/1980/857
f 548/1979/548 547/1970/547 1872/1958/1831 1871/1965/1830
f 865/1980/857 1871/1965/1830 1870/1964/1829 864/1977/856
f 1874/1981/1833 1875/1982/1834 1873/1983/1832 1883/1984/1842
f 1876/1985/1835 1877/1986/1836 1873/1983/1832 1875/1982/1834
f 1878/1987/1837 1879/1988/1838 1873/1983/1832 1877/1986/1836
f 1880/1989/1839 1881/1990/1840 1873/1983/1832 1879/1988/1838
f 1882/1991/1841 1883/1984/1842 1873/1983/1832 1881/1990/1840
f 101/1971/101 728/1992/720 1874/1981/1833 860/1972/852
f 728/1992/720 727/1993/719 1875/1982/1834 1874/1981/1833
f 860/1972/852 1874/1981/1833 1883/1984/1842 861/1974/853
f 103/1994/103 513/1995/513 1876/1985/1835 726/1996/718
f 513/1995/513 514/1997/514 1877/1986/1836 1876/1985/1835
f 726/1996/718 1876/1985/1835 1875/1982/1834 727/1993/719
f 70/1998/70 866/1999/858 1878/1987/1837 515/2000/515
f 866/1999/858 867/2001/859 1879/1988/1838 1878/1987/1837
f 515/2000/515 1878/1987/1837 1877/1986/1836 514/1997/514
f 123/1626/123 772/1625/764 1880/1989/1839 868/2002/860
f 772/1625/764 771/1624/763 1881/1990/1840 1880/1989/1839
f 868/2002/860 1880/1989/1839 1879/1988/1838 867/2001/859
f 122/2003/122 862/1975/854 1882/1991/1841 770/1623/762
f 862/1975/854 861/1974/853 1883/1984/1842 1882/1991/1841
f 770/1623/762 1882/1991/1841 1881/1990/1840 771/1624/763
f 1885/2004/1844 1886/2005/1845 1884/2006/1843 1894/2007/1853
f 1887/2008/1846 1888/2009/1847 1884/2006/1843 1886/2005/1845
f 1889/2010/1848 1890/2011/1849 1884/2006/1843 1888/2009/1847
f 1891/2012/1850 1892/2013/1851 1884/2006/1843 1890/2011/1849
f 1893/2014/1852 1894/2007/1853 1884/2006/1843 1892/2013/1851
f 76/1173/76 545/2015/545 1885/2004/1844 536/1191/536
f 545/2015/545 544/2016/544 1886/2005/1845 1885/2004/1844
f 536/1191/536 1885/2004/1844 1894/2007/1853 535/1192/535
f 74/1978/74 865/1980/857 1887/2008/1846 543/2017/543
f 865/1980/857 864/1977/856 1888/2009/1847 1887/2008/1846
f 543/2017/543 1887/2008/1846 1886/2005/1845 544/2016/544
f 121/1619/121 767/1621/759 1889/2010/1848 863/1976/855
f 767/1621/759 766/1632/758 1890/2011/1849 1889/2010/1848
f 863/1976/855 1889/2010/1848 1888/2009/1847 864/1977/856
f 124/1631/124 869/2018/861 1891/2012/1850 765/1630/757
f 869/2018/861 870/2019/862 1892/2013/1851 1891/2012/1850
f 765/1630/757 1891/2012/1850 1890/2011/1849 766/1632/758
f 8/118/8 534/1193/534 1893/2014/1852 871/2020/863
f 534/1193/534 535/1192/535 1894/2007/1853 1893/2014/1852
f 871/2020/863 1893/2014/1852 1892/2013/1851 870/2019/862
f 1896/2021/1855 1897/2022/1856 1895/2023/1854 1905/2024/1864
f 1898/2025/1857 1899/2026/1858 1895/2023/1854 1897/2022/1856
f 1900/2027/1859 1901/2028/1860 1895/2023/1854 1899/2026/1858
f 1902/2029/1861 1903/2030/1862 1895/2023/1854 1901/2028/1860
f 1904/2031/1863 1905/2024/1864 1895/2023/1854 1903/2030/1862
f 8/118/8 871/2020/863 1896/2021/1855 170/119/170
f 871/2020/863 870/2019/862 1897/2022/1856 1896/2021/1855
f 170/119/170 1896/2021/1855 1905/2024/1864 169/120/169
f 124/1631/124 775/1629/767 1898/2025/1857 869/2018/861
f 775/1629/767 774/1628/766 1899/2026/1858 1898/2025/1857
f 869/2018/861 1898/2025/1857 1897/2022/1856 870/2019/862
f 123/1626/123 868/2002/860 1900/2027/1859 773/1627/765
f 868/2002/860 867/2001/859 1901/2028/1860 1900/2027/1859
f 773/1627/765 1900/2027/1859 1899/2026/1858 774/1628/766
f 70/1998/70 510/2032/510 1902/2029/1861 866/1999/858
f 510/2032/510 511/2033/511 1903/2030/1862 1902/2029/1861
f 866/1999/858 1902/2029/1861 1901/2028/1860 867/2001/859
f 68/123/68 168/121/168 1904/2031/1863 512/2034/512
f 168/121/168 169/120/169 1905/2024/1864 1904/2031/1863
f 512/2034/512 1904/2031/1863 1903/2030/1862 511/2033/511
f 1907/2035/1866 1908/2036/1867 1906/2037/1865 1916/2038/1875
f 1909/2039/1868 1910/2040/1869 1906/2037/1865 1908/2036/1867
f 1911/2041/1870 1912/2042/1871 1906/2037/1865 1910/2040/1869
f 1913/2043/1872 1914/2044/1873 1906/2037/1865 1912/2042/1871
f 1915/2045/1874 1916/2038/1875 1906/2037/1865 1914/2044/1873
f 103/1994/103 698/2046/690 1907/2035/1866 513/1995/513
f 698/2046/690 697/2047/689 1908/2036/1867 1907/2035/1866
f 513/1995/513 1907/2035/1866 1916/2038/1875 514/1997/514
f 105/2048/105 872/2049/864 1909/2039/1868 696/2050/688
f 872/2049/864 873/2051/865 1910/2040/1869 1909/2039/1868
f 696/2050/688 1909/2039/1868 1908/2036/1867 697/2047/689
f 126/1647/126 781/1646/773 1911/2041/1870 874/2052/866
f 781/1646/773 780/1645/772 1912/2042/1871 1911/2041/1870
f 874/2052/866 1911/2041/1870 1910/2040/1869 873/2051/865
f 125/1642/125 875/2053/867 1913/2043/1872 779/1643/771
f 875/2053/867 876/2054/868 1914/2044/1873 1913/2043/1872
f 779/1643/771 1913/2043/1872 1912/2042/1871 780/1645/772
f 70/1998/70 515/2000/515 1915/2045/1874 877/2055/869
f 515/2000/515 514/1997/514 1916/2038/1875 1915/2045/1874
f 877/2055/869 1915/2045/1874 1914/2044/1873 876/2054/868
f 1918/2056/1877 1919/2057/1878 1917/2058/1876 1927/2059/1886
f 1920/2060/1879 1921/2061/1880 1917/2058/1876 1919/2057/1878
f 1922/2062/1881 1923/2063/1882 1917/2058/1876 1921/2061/1880
f 1924/2064/1883 1925/2065/1884 1917/2058/1876 1923/2063/1882
f 1926/2066/1885 1927/2059/1886 1917/2058/1876 1925/2065/1884
f 105/2048/105 716/2067/708 1918/2056/1877 872/2049/864
f 716/2067/708 715/2068/707 1919/2057/1878 1918/2056/1877
f 872/2049/864 1918/2056/1877 1927/2059/1886 873/2051/865
f 102/1795/102 498/1797/498 1920/2060/1879 714/2069/706
f 498/1797/498 499/1799/499 1921/2061/1880 1920/2060/1879
f 714/2069/706 1920/2060/1879 1919/2057/1878 715/2068/707
f 64/1779/64 878/2070/870 1922/2062/1881 500/1801/500
f 878/2070/870 879/2071/871 1923/2063/1882 1922/2062/1881
f 500/1801/500 1922/2062/1881 1921/2061/1880 499/1799/499
f 127/1651/127 784/1650/776 1924/2064/1883 880/2072/872
f 784/1650/776 783/1649/775 1925/2065/1884 1924/2064/1883
f 880/2072/872 1924/2064/1883 1923/2063/1882 879/2071/871
f 126/1647/126 874/2052/866 1926/2066/1885 782/1648/774
f 874/2052/866 873/2051/865 1927/2059/1886 1926/2066/1885
f 782/1648/774 1926/2066/1885 1925/2065/1884 783/1649/775
f 1929/2073/1888 1930/2074/1889 1928/2075/1887 1938/2076/1897
f 1931/2077/1890 1932/2078/1891 1928/2075/1887 1930/2074/1889
f 1933/2079/1892 1934/2080/1893 1928/2075/1887 1932/2078/1891
f 1935/2081/1894 1936/2082/1895 1928/2075/1887 1934/2080/1893
f 1937/2083/1896 1938/2076/1897 1928/2075/1887 1936/2082/1895
f 68/123/68 512/2034/512 1929/2073/1888 506/1149/506
f 512/2034/512 511/2033/511 1930/2074/1889 1929/2073/1888
f 506/1149/506 1929/2073/1888 1938/2076/1897 505/1150/505
f 70/1998/70 877/2055/869 1931/2077/1890 510/2032/510
f 877/2055/869 876/2054/868 1932/2078/1891 1931/2077/1890
f 510/2032/510 1931/2077/1890 1930/2074/1889 511/2033/511
f 125/1642/125 778/1644/770 1933/2079/1892 875/2053/867
f 778/1644/770 777/1657/769 1934/2080/1893 1933/2079/1892
f 875/2053/867 1933/2079/1892 1932/2078/1891 876/2054/868
f 128/1656/128 881/2084/873 1935/2081/1894 776/1655/768
f 881/2084/873 882/2085/874 1936/2082/1895 1935/2081/1894
f 776/1655/768 1935/2081/1894 1934/2080/1893 777/1657/769
f 18/328/18 504/1151/504 1937/2083/1896 883/2086/875
f 504/1151/504 505/1150/505 1938/2076/1897 1937/2083/1896
f 883/2086/875 1937/2083/1896 1936/2082/1895 882/2085/874
f 1940/2087/1899 1941/2088/1900 1939/2089/1898 1949/2090/1908
f 1942/2091/1901 1943/2092/1902 1939/2089/1898 1941/2088/1900
f 1944/2093/1903 1945/2094/1904 1939/2089/1898 1943/2092/1902
f 1946/2095/1905 1947/2096/1906 1939/2089/1898 1945/2094/1904
f 1948/2097/1907 1949/2090/1908 1939/2089/1898 1947/2096/1906
f 18/328/18 883/2086/875 1940/2087/1899 224/329/224
f 883/2086/875 882/2085/874 1941/2088/1900 1940/2087/1899
f 224/329/224 1940/2087/1899 1949/2090/1908 223/330/223
f 128/1656/128 787/1654/779 1942/2091/1901 881/2084/873
f 787/1654/779 786/1653/778 1943/2092/1902 1942/2091/1901
f 881/2084/873 1942/2091/1901 1941/2088/1900 882/2085/874
f 127/1651/127 880/2072/872 1944/2093/1903 785/1652/777
f 880/2072/872 879/2071/871 1945/2094/1904 1944/2093/1903
f 785/1652/777 1944/2093/1903 1943/2092/1902 786/1653/778
f 64/1779/64 501/1781/501 1946/2095/1905 878/2070/870
f 501/1781/501 502/1778/502 1947/2096/1906 1946/2095/1905
f 878/2070/870 1946/2095/1905 1945/2094/1904 879/2071/871
f 66/333/66 222/331/222 1948/2097/1907 503/1777/503
f 222/331/222 223/330/223 1949/2090/1908 1948/2097/1907
f 503/1777/503 1948/2097/1907 1947/2096/1906 502/1778/502
f 1951/2098/1910 1952/2099/1911 1950/2100/1909 1960/2101/1919
f 1953/2102/1912 1954/2103/1913 1950/2100/1909 1952/2099/1911
f 1955/2104/1914 1956/2105/1915 1950/2100/1909 1954/2103/1913
f 1957/2106/1916 1958/2107/1917 1950/2100/1909 1956/2105/1915
f 1959/2108/1918 1960/2101/1919 1950/2100/1909 1958/2107/1917
f 790/1680/782 789/1679/781 1952/2099/1911 1951/2098/1910
f 886/2109/878 1951/2098/1910 1960/2101/1919 885/2110/877
f 132/1678/132 887/2111/879 1953/2102/1912 788/1677/780
f 887/2111/879 888/2112/880 1954/2103/1913 1953/2102/1912
f 788/1677/780 1953/2102/1912 1952/2099/1911 789/1679/781
f 65/1840/65 675/1856/667 1955/2104/1914 889/2113/881
f 675/1856/667 676/1857/668 1956/2105/1915 1955/2104/1914
f 889/2113/881 1955/2104/1914 1954/2103/1913 888/2112/880
f 102/1862/102 714/2114/706 1957/2106/1916 677/1863/669
f 714/2114/706 715/2115/707 1958/2107/1917 1957/2106/1916
f 677/1863/669 1957/2106/1916 1956/2105/1915 676/1857/668
f 105/2116/105 884/2117/876 1959/2108/1918 716/2118/708
f 884/2117/876 885/2110/877 1960/2101/1919 1959/2108/1918
f 716/2118/708 1959/2108/1918 1958/2107/1917 715/2115/707
f 1962/2119/1921 1963/2120/1922 1961/2121/1920 1971/2122/1930
f 1964/2123/1923 1965/2124/1924 1961/2121/1920 1963/2120/1922
f 1966/2125/1925 1967/2126/1926 1961/2121/1920 1965/2124/1924
f 1968/2127/1927 1969/2128/1928 1961/2121/1920 1967/2126/1926
f 1970/2129/1929 1971/2122/1930 1961/2121/1920 1969/2128/1928
f 63/318/63 497/1844/497 1962/2119/1921 488/319/488
f 497/1844/497 496/1843/496 1963/2120/1922 1962/2119/1921
f 488/319/488 1962/2119/1921 1971/2122/1930 487/321/487
f 65/1840/65 889/2113/881 1964/2123/1923 495/1841/495
f 889/2113/881 888/2112/880 1965/2124/1924 1964/2123/1923
f 495/1841/495 1964/2123/1923 1963/2120/1922 496/1843/496
f 132/1678/132 799/1676/791 1966/2125/1925 887/2111/879
f 799/1676/791 798/1675/790 1967/2126/1926 1966/2125/1925
f 887/2111/879 1966/2125/1925 1965/2124/1924 888/2112/880
f 131/1673/131 890/2130/882 1968/2127/1927 797/1674/789
f 890/2130/882 891/2131/883 1969/2128/1928 1968/2127/1927
f 797/1674/789 1968/2127/1927 1967/2126/1926 798/1675/790
f 17/323/17 486/322/486 1970/2129/1929 892/2132/884
f 486/322/486 487/321/487 1971/2122/1930 1970/2129/1929
f 892/2132/884 1970/2129/1929 1969/2128/1928 891/2131/883
f 1973/2133/1932 1974/2134/1933 1972/2135/1931 1982/2136/1941
f 1975/2137/1934 1976/2138/1935 1972/2135/1931 1974/2134/1933
f 1977/2139/1936 1978/2140/1937 1972/2135/1931 1976/2138/1935
f 1979/2141/1938 1980/2142/1939 1972/2135/1931 1978/2140/1937
f 1981/2143/1940 1982/2136/1941 1972/2135/1931 1980/2142/1939
f 17/323/17 892/2132/884 1973/2133/1932 221/1146/221
f 892/2132/884 891/2131/883 1974/2134/1933 1973/2133/1932
f 221/1146/221 1973/2133/1932 1982/2136/1941 220/1147/220
f 131/1673/131 796/1672/788 1975/2137/1934 890/2130/882
f 796/1672/788 795/1671/787 1976/2138/1935 1975/2137/1934
f 890/2130/882 1975/2137/1934 1974/2134/1933 891/2131/883
f 130/1669/130 893/2144/885 1977/2139/1936 794/1670/786
f 893/2144/885 894/2145/886 1978/2140/1937 1977/2139/1936
f 794/1670/786 1977/2139/1936 1976/2138/1935 795/1671/787
f 67/1891/67 516/1915/516 1979/2141/1938 895/2146/887
f 516/1915/516 517/1914/517 1980/2142/1939 1979/2141/1938
f 895/2146/887 1979/2141/1938 1978/2140/1937 894/2145/886
f 69/108/69 219/1148/219 1981/2143/1940 518/1913/518
f 219/1148/219 220/1147/220 1982/2136/1941 1981/2143/1940
f 518/1913/518 1981/2143/1940 1980/2142/1939 517/1914/517
f 1984/2147/1943 1985/2148/1944 1983/2149/1942 1993/2150/1952
f 1986/2151/1945 1987/2152/1946 1983/2149/1942 1985/2148/1944
f 1988/2153/1947 1989/2154/1948 1983/2149/1942 1987/2152/1946
f 1990/2155/1949 1991/2156/1950 1983/2149/1942 1989/2154/1948
f 1992/2157/1951 1993/2150/1952 1983/2149/1942 1991/2156/1950
f 67/1891/67 895/2146/887 1984/2147/1943 678/1892/670
f 895/2146/887 894/2145/886 1985/2148/1944 1984/2147/1943
f 678/1892/670 1984/2147/1943 1993/2150/1952 679/1894/671
f 130/1669/130 793/1668/785 1986/2151/1945 893/2144/885
f 793/1668/785 792/1667/784 1987/2152/1946 1986/2151/1945
f 893/2144/885 1986/2151/1945 1985/2148/1944 894/2145/886
f 129/2158/129 886/2109/878 1988/2153/1947 791/2159/783
f 886/2109/878 885/2110/877 1989/2154/1948 1988/2153/1947
f 791/2159/783 1988/2153/1947 1987/2152/1946 792/1667/784
f 105/2116/105 696/2160/688 1990/2155/1949 884/2117/876
f 696/2160/688 697/2161/689 1991/2156/1950 1990/2155/1949
f 884/2117/876 1990/2155/1949 1989/2154/1948 885/2110/877
f 103/1895/103 680/1897/672 1992/2157/1951 698/2162/690
f 680/1897/672 679/1894/671 1993/2150/1952 1992/2157/1951
f 698/2162/690 1992/2157/1951 1991/2156/1950 697/2161/689
f 1995/2163/1954 1996/2164/1955 1994/2165/1953 2004/2166/1963
f 1997/2167/1956 1998/2168/1957 1994/2165/1953 1996/2164/1955
f 1999/2169/1958 2000/2170/1959 1994/2165/1953 1998/2168/1957
f 2001/2171/1960 2002/2172/1961 1994/2165/1953 2000/2170/1959
f 2003/2173/1962 2004/2166/1963 1994/2165/1953 2002/2172/1961
f 107/1512/107 713/2174/705 1995/2163/1954 336/1513/336
f 713/2174/705 712/2175/704 1996/2164/1955 1995/2163/1954
f 336/1513/336 1995/2163/1954 2004/2166/1963 337/1514/337
f 97/2176/97 896/2177/888 1997/2167/1956 711/2178/703
f 896/2177/888 897/2179/889 1998/2168/1957 1997/2167/1956
f 711/2178/703 1997/2167/1956 1996/2164/1955 712/2175/704
f 133/1690/133 802/1692/794 1999/2169/1958 898/2180/890
f 802/1692/794 801/1705/793 2000/2170/1959 1999/2169/1958
f 898/2180/890 1999/2169/1958 1998/2168/1957 897/2179/889
f 136/1704/136 899/2181/891 2001/2171/1960 800/1703/792
f 899/2181/891 900/2182/892 2002/2172/1961 2001/2171/1960
f 800/1703/792 2001/2171/1960 2000/2170/1959 801/1705/793
f 38/672/38 338/1515/338 2003/2173/1962 901/2183/893
f 338/1515/338 337/1514/337 2004/2166/1963 2003/2173/1962
f 901/2183/893 2003/2173/1962 2002/2172/1961 900/2182/892
f 2006/2184/1965 2007/2185/1966 2005/2186/1964 2015/2187/1974
f 2008/2188/1967 2009/2189/1968 2005/2186/1964 2007/2185/1966
f 2010/2190/1969 2011/2191/1970 2005/2186/1964 2009/2189/1968
f 2012/2192/1971 2013/2193/1972 2005/2186/1964 2011/2191/1970
f 2014/2194/1973 2015/2187/1974 2005/2186/1964 2013/2193/1972
f 36/93/36 335/675/335 2006/2184/1965 326/717/326
f 335/675/335 334/674/334 2007/2185/1966 2006/2184/1965
f 326/717/326 2006/2184/1965 2015/2187/1974 325/718/325
f 38/672/38 901/2183/893 2008/2188/1967 333/673/333
f 901/2183/893 900/2182/892 2009/2189/1968 2008/2188/1967
f 333/673/333 2008/2188/1967 2007/2185/1966 334/674/334
f 136/1704/136 811/1702/803 2010/2190/1969 899/2181/891
f 811/1702/803 810/1701/802 2011/2191/1970 2010/2190/1969
f 899/2181/891 2010/2190/1969 2009/2189/1968 900/2182/892
f 135/1699/135 902/2195/894 2012/2192/1971 809/1700/801
f 902/2195/894 903/2196/895 2013/2193/1972 2012/2192/1971
f 809/1700/801 2012/2192/1971 2011/2191/1970 810/1701/802
f 72/721/72 324/719/324 2014/2194/1973 904/2197/896
f 324/719/324 325/718/325 2015/2187/1974 2014/2194/1973
f 904/2197/896 2014/2194/1973 2013/2193/1972 903/2196/895
f 2017/2198/1976 2018/2199/1977 2016/2200/1975 2026/2201/1985
f 2019/2202/1978 2020/2203/1979 2016/2200/1975 2018/2199/1977
f 2021/2204/1980 2022/2205/1981 2016/2200/1975 2020/2203/1979
f 2023/2206/1982 2024/2207/1983 2016/2200/1975 2022/2205/1981
f 2025/2208/1984 2026/2201/1985 2016/2200/1975 2024/2207/1983
f 97/2176/97 692/2209/684 2017/2198/1976 896/2177/888
f 692/2209/684 691/2210/683 2018/2199/1977 2017/2198/1976
f 896/2177/888 2017/2198/1976 2026/2201/1985 897/2179/889
f 100/1966/100 546/1968/546 2019/2202/1978 690/2211/682
f 546/1968/546 547/1970/547 2020/2203/1979 2019/2202/1978
f 690/2211/682 2019/2202/1978 2018/2199/1977 691/2210/683
f 74/1978/74 905/2212/897 2021/2204/1980 548/1979/548
f 905/2212/897 906/2213/898 2022/2205/1981 2021/2204/1980
f 548/1979/548 2021/2204/1980 2020/2203/1979 547/1970/547
f 134/1695/134 805/1694/797 2023/2206/1982 907/2214/899
f 805/1694/797 804/1693/796 2024/2207/1983 2023/2206/1982
f 907/2214/899 2023/2206/1982 2022/2205/1981 906/2213/898
f 133/1690/133 898/2180/890 2025/2208/1984 803/1691/795
f 898/2180/890 897/2179/889 2026/2201/1985 2025/2208/1984
f 803/1691/795 2025/2208/1984 2024/2207/1983 804/1693/796
f 2028/2215/1987 2029/2216/1988 2027/2217/1986 2037/2218/1996
f 2030/2219/1989 2031/2220/1990 2027/2217/1986 2029/2216/1988
f 2032/2221/1991 2033/2222/1992 2027/2217/1986 2031/2220/1990
f 2034/2223/1993 2035/2224/1994 2027/2217/1986 2033/2222/1992
f 2036/2225/1995 2037/2218/1996 2027/2217/1986 2035/2224/1994
f 72/721/72 904/2197/896 2028/2215/1987 527/1169/527
f 904/2197/896 903/2196/895 2029/2216/1988 2028/2215/1987
f 527/1169/527 2028/2215/1987 2037/2218/1996 526/1170/526
f 135/1699/135 808/1698/800 2030/2219/1989 902/2195/894
f 808/1698/800 807/1697/799 2031/2220/1990 2030/2219/1989
f 902/2195/894 2030/2219/1989 2029/2216/1988 903/2196/895
f 134/1695/134 907/2214/899 2032/2221/1991 806/1696/798
f 907/2214/899 906/2213/898 2033/2222/1992 2032/2221/1991
f 806/1696/798 2032/2221/1991 2031/2220/1990 807/1697/799
f 74/1978/74 543/2017/543 2034/2223/1993 905/2212/897
f 543/2017/543 544/2016/544 2035/2224/1994 2034/2223/1993
f 905/2212/897 2034/2223/1993 2033/2222/1992 906/2213/898
f 76/1173/76 525/1171/525 2036/2225/1995 545/2015/545
f 525/1171/525 526/1170/526 2037/2218/1996 2036/2225/1995
f 545/2015/545 2036/2225/1995 2035/2224/1994 544/2016/544
f 2039/2226/1998 2040/2227/1999 2038/2228/1997 2048/2229/2007
f 2041/2230/2000 2042/2231/2001 2038/2228/1997 2040/2227/1999
f 2043/2232/2002 2044/2233/2003 2038/2228/1997 2042/2231/2001
f 2045/2234/2004 2046/2235/2005 2038/2228/1997 2044/2233/2003
f 2047/2236/2006 2048/2229/2007 2038/2228/1997 2046/2235/2005
f 35/40/35 908/2237/900 2039/2226/1998 687/1525/679
f 908/2237/900 909/2238/901 2040/2227/1999 2039/2226/1998
f 687/1525/679 2039/2226/1998 2048/2229/2007 688/1524/680
f 137/1715/137 814/1717/806 2041/2230/2000 910/2239/902
f 814/1717/806 813/1730/805 2042/2231/2001 2041/2230/2000
f 910/2239/902 2041/2230/2000 2040/2227/1999 909/2238/901
f 140/1729/140 911/2240/903 2043/2232/2002 812/1728/804
f 911/2240/903 912/2241/904 2044/2233/2003 2043/2232/2002
f 812/1728/804 2043/2232/2002 2042/2231/2001 813/1730/805
f 97/2242/97 711/2243/703 2045/2234/2004 913/2244/905
f 711/2243/703 712/2245/704 2046/2235/2005 2045/2234/2004
f 913/2244/905 2045/2234/2004 2044/2233/2003 912/2241/904
f 107/691/107 689/1523/681 2047/2236/2006 713/2246/705
f 689/1523/681 688/1524/680 2048/2229/2007 2047/2236/2006
f 713/2246/705 2047/2236/2006 2046/2235/2005 712/2245/704
f 2050/2247/2009 2051/2248/2010 2049/2249/2008 2059/2250/2018
f 2052/2251/2011 2053/2252/2012 2049/2249/2008 2051/2248/2010
f 2054/2253/2013 2055/2254/2014 2049/2249/2008 2053/2252/2012
f 2056/2255/2015 2057/2256/2016 2049/2249/2008 2055/2254/2014
f 2058/2257/2017 2059/2250/2018 2049/2249/2008 2057/2256/2016
f 71/712/71 914/2258/906 2050/2247/2009 524/713/524
f 914/2258/906 915/2259/907 2051/2248/2010 2050/2247/2009
f 524/713/524 2050/2247/2009 2059/2250/2018 523/715/523
f 138/1720/138 817/1719/809 2052/2251/2011 916/2260/908
f 817/1719/809 816/1718/808 2053/2252/2012 2052/2251/2011
f 916/2260/908 2052/2251/2011 2051/2248/2010 915/2259/907
f 137/1715/137 910/2239/902 2054/2253/2013 815/1716/807
f 910/2239/902 909/2238/901 2055/2254/2014 2054/2253/2013
f 815/1716/807 2054/2253/2013 2053/2252/2012 816/1718/808
f 35/40/35 342/39/342 2056/2255/2015 908/2237/900
f 342/39/342 343/38/343 2057/2256/2016 2056/2255/2015
f 908/2237/900 2056/2255/2015 2055/2254/2014 909/2238/901
f 37/35/37 522/716/522 2058/2257/2017 344/36/344
f 522/716/522 523/715/523 2059/2250/2018 2058/2257/2017
f 344/36/344 2058/2257/2017 2057/2256/2016 343/38/343
f 2061/2261/2020 2062/2262/2021 2060/2263/2019 2070/2264/2029
f 2063/2265/2022 2064/2266/2023 2060/2263/2019 2062/2262/2021
f 2065/2267/2024 2066/2268/2025 2060/2263/2019 2064/2266/2023
f 2067/2269/2026 2068/2270/2027 2060/2263/2019 2066/2268/2025
f 2069/2271/2028 2070/2264/2029 2060/2263/2019 2068/2270/2027
f 140/1729/140 823/1727/815 2061/2261/2020 911/2240/903
f 823/1727/815 822/1726/814 2062/2262/2021 2061/2261/2020
f 911/2240/903 2061/2261/2020 2070/2264/2029 912/2241/904
f 139/1724/139 917/2272/909 2063/2265/2022 821/1725/813
f 917/2272/909 918/2273/910 2064/2266/2023 2063/2265/2022
f 821/1725/813 2063/2265/2022 2062/2262/2021 822/1726/814
f 75/1932/75 672/1948/664 2065/2267/2024 919/2274/911
f 672/1948/664 673/1949/665 2066/2268/2025 2065/2267/2024
f 919/2274/911 2065/2267/2024 2064/2266/2023 918/2273/910
f 100/1952/100 690/2275/682 2067/2269/2026 674/1953/666
f 690/2275/682 691/2276/683 2068/2270/2027 2067/2269/2026
f 674/1953/666 2067/2269/2026 2066/2268/2025 673/1949/665
f 97/2242/97 913/2244/905 2069/2271/2028 692/2277/684
f 913/2244/905 912/2241/904 2070/2264/2029 2069/2271/2028
f 692/2277/684 2069/2271/2028 2068/2270/2027 691/2276/683
f 2072/2278/2031 2073/2279/2032 2071/2280/2030 2081/2281/2040
f 2074/2282/2033 2075/2283/2034 2071/2280/2030 2073/2279/2032
f 2076/2284/2035 2077/2285/2036 2071/2280/2030 2075/2283/2034
f 2078/2286/2037 2079/2287/2038 2071/2280/2030 2077/2285/2036
f 2080/2288/2039 2081/2281/2040 2071/2280/2030 2079/2287/2038
f 73/1164/73 542/1936/542 2072/2278/2031 533/1165/533
f 542/1936/542 541/1935/541 2073/2279/2032 2072/2278/2031
f 533/1165/533 2072/2278/2031 2081/2281/2040 532/1167/532
f 75/1932/75 919/2274/911 2074/2282/2033 540/1933/540
f 919/2274/911 918/2273/910 2075/2283/2034 2074/2282/2033
f 540/1933/540 2074/2282/2033 2073/2279/2032 541/1935/541
f 139/1724/139 820/1723/812 2076/2284/2035 917/2272/909
f 820/1723/812 819/1722/811 2077/2285/2036 2076/2284/2035
f 917/2272/909 2076/2284/2035 2075/2283/2034 918/2273/910
f 138/1720/138 916/2260/908 2078/2286/2037 818/1721/810
f 916/2260/908 915/2259/907 2079/2287/2038 2078/2286/2037
f 818/1721/810 2078/2286/2037 2077/2285/2036 819/1722/811
f 71/712/71 531/1168/531 2080/2288/2039 914/2258/906
f 531/1168/531 532/1167/532 2081/2281/2040 2080/2288/2039
f 914/2258/906 2080/2288/2039 2079/2287/2038 915/2259/907
f 741/1859/733 1673/1570/1632 752/1584/744 116/1819/116
f 741/1859/733 742/1858/734 1670/1566/1629 1673/1570/1632
f 742/1858/734 743/1574/735 1667/1563/1626 1670/1566/1629
f 122/2003/122 2082/2289/2041 1867/1961/1826 862/1975/854
f 1687/1614/1646 1686/1611/1645 769/1622/761 2083/2290/2042
f 122/2003/122 770/1623/762 1687/1614/1646 2083/2290/2042
f 122/2003/122 2083/2290/2042 769/1622/761 2082/2289/2041
f 1868/1962/1827 1867/1961/1826 2082/2289/2041 769/1622/761
f 792/1667/784 1704/1659/1663 1703/1658/1662 791/2159/783
f 791/2159/783 1703/1658/1662 790/1680/782 129/2158/129
f 886/2109/878 129/2158/129 790/1680/782 1951/2098/1910
o Cube.011
v -3.506048 -3.243732 32.247669
v -3.518185 -3.010746 32.185711
v -3.516539 -3.248412 32.238873
v -3.492122 -3.250041 32.234417
v -3.448597 -3.042273 32.119499
v -3.502612 -3.254721 32.225620
v -3.534401 -3.115276 32.237610
v -3.565851 -3.129309 32.211239
v -3.524094 -3.148227 32.171509
v -3.492644 -3.134194 32.197880
v -3.485495 -3.281731 32.236012
v -3.489490 -3.283513 32.232662
v -3.481249 -3.279195 32.229599
v -3.485244 -3.280977 32.226250
v -3.641073 -3.263370 32.115112
v -3.570596 -3.034131 32.141762
v -3.650366 -3.261077 32.104252
v -3.617025 -3.022674 32.087513
v -3.627147 -3.269679 32.101860
v -3.501008 -3.065658 32.075550
v -3.636439 -3.267386 32.091003
v -3.547437 -3.054201 32.021301
v -3.627510 -3.136919 32.150063
v -3.655370 -3.130044 32.117508
v -3.613613 -3.148962 32.077778
v -3.585753 -3.155837 32.110332
v -3.630648 -3.300468 32.092381
v -3.634186 -3.299595 32.088245
v -3.624584 -3.297714 32.087772
v -3.628122 -3.296841 32.083641
v -3.436142 -2.959319 32.096821
v -3.504663 -2.957293 32.165726
v -3.557739 -2.962264 32.120098
v -3.603479 -2.969864 32.067589
v -3.534959 -2.971890 31.998684
v -3.489218 -2.964289 32.051193
v -3.440244 -2.876150 32.090298
v -3.508765 -2.874124 32.159203
v -3.561842 -2.879095 32.113575
v -3.607582 -2.886696 32.061062
v -3.539061 -2.888721 31.992159
v -3.493321 -2.881121 32.044670
vn 0.0666 -0.0629 0.9958
vn 0.0116 0.3790 0.9253
vn -0.8534 -0.4710 0.2232
vn 0.9841 0.1760 0.0233
vn 0.9673 -0.2536 -0.0095
vn -0.1549 -0.3297 -0.9313
vn -0.0424 0.2800 0.9591
vn -0.9744 -0.1355 0.1795
vn -0.1176 -0.6230 -0.7733
vn 0.9801 -0.1317 0.1489
vn 0.3924 -0.5743 0.7184
vn -0.3841 -0.9208 0.0673
vn 0.9683 -0.1961 -0.1544
vn 0.1784 -0.5486 -0.8168
vn -0.1677 -0.3902 0.9053
vn -0.7045 0.1687 0.6894
vn -0.9813 -0.1867 -0.0466
vn -0.9648 0.2590 -0.0450
vn 0.9639 -0.1968 0.1795
vn 0.5936 -0.6122 -0.5223
vn -0.0441 0.0542 -0.9976
vn 0.0392 -0.3667 -0.9295
vn -0.1604 -0.0377 0.9863
vn -0.9859 0.1656 0.0240
vn -0.1293 -0.2673 -0.9549
vn 0.8427 -0.5063 0.1830
vn 0.0440 -0.8691 0.4926
vn -0.6436 -0.6994 -0.3108
vn 0.8772 -0.4643 -0.1226
vn 0.1778 -0.2917 -0.9399
vn 0.9968 -0.0503 -0.0619
vn 0.0969 0.1892 0.9771
vn -0.7035 0.1911 0.6845
vn -0.9930 0.0559 -0.1036
vn 0.0694 -0.1659 -0.9837
vn 0.7064 -0.1421 -0.6935
vn 0.7934 0.6040 -0.0757
vn 0.0048 0.6386 0.7695
vn -0.5415 0.7071 0.4546
vn -0.8444 0.5307 -0.0730
vn -0.0016 0.5028 -0.8644
vn 0.4486 0.7101 -0.5426
vt 0.500000 0.000000
vt 0.625000 0.000000
vt 0.625000 0.250000
vt 0.500000 0.250000
vt 0.625000 0.500000
vt 0.500000 0.500000
vt 0.625000 0.750000
vt 0.500000 0.750000
vt 0.625000 1.000000
vt 0.500000 1.000000
vt 0.375000 0.750000
vt 0.375000 1.000000
vt 0.375000 0.500000
vt 0.375000 0.250000
vt 0.375000 0.000000
vt 0.125000 0.500000
vt 0.125000 0.750000
vt 0.875000 0.500000
vt 0.875000 0.750000
s 1
usemtl Leggies
f 2090/2291/2049 2085/2292/2044 2099/2293/2058 2091/2294/2050
f 2091/2294/2050 2099/2293/2058 2103/2295/2062 2092/2296/2051
f 2092/2296/2051 2103/2295/2062 2088/2297/2047 2093/2298/2052
f 2093/2298/2052 2088/2297/2047 2085/2299/2044 2090/2300/2049
f 2087/2301/2046 2084/2302/2043 2094/2302/2053 2096/2301/2055
f 2099/2293/2058 2085/2292/2044 2115/2292/2074 2116/2293/2075
f 2087/2301/2046 2093/2298/2052 2090/2300/2049 2084/2302/2043
f 2089/2303/2048 2092/2296/2051 2093/2298/2052 2087/2301/2046
f 2086/2304/2045 2091/2294/2050 2092/2296/2051 2089/2303/2048
f 2084/2305/2043 2090/2291/2049 2091/2294/2050 2086/2304/2045
f 2095/2306/2054 2097/2303/2056 2096/2301/2055 2094/2307/2053
f 2086/2304/2045 2089/2303/2048 2097/2303/2056 2095/2304/2054
f 2084/2305/2043 2086/2304/2045 2095/2304/2054 2094/2305/2053
f 2089/2303/2048 2087/2301/2046 2096/2301/2055 2097/2303/2056
f 2106/2291/2065 2099/2292/2058 2101/2293/2060 2107/2294/2066
f 2107/2294/2066 2101/2293/2060 2105/2295/2064 2108/2296/2067
f 2108/2296/2067 2105/2295/2064 2103/2297/2062 2109/2298/2068
f 2109/2298/2068 2103/2297/2062 2099/2299/2058 2106/2300/2065
f 2102/2301/2061 2098/2302/2057 2110/2302/2069 2112/2301/2071
f 2103/2297/2062 2105/2295/2064 2118/2295/2077 2119/2297/2078
f 2102/2301/2061 2109/2298/2068 2106/2300/2065 2098/2302/2057
f 2104/2303/2063 2108/2296/2067 2109/2298/2068 2102/2301/2061
f 2100/2304/2059 2107/2294/2066 2108/2296/2067 2104/2303/2063
f 2098/2305/2057 2106/2291/2065 2107/2294/2066 2100/2304/2059
f 2111/2306/2070 2113/2303/2072 2112/2301/2071 2110/2307/2069
f 2100/2304/2059 2104/2303/2063 2113/2303/2072 2111/2304/2070
f 2098/2305/2057 2100/2304/2059 2111/2304/2070 2110/2305/2069
f 2104/2303/2063 2102/2301/2061 2112/2301/2071 2113/2303/2072
f 2117/2293/2076 2116/2292/2075 2122/2292/2081 2123/2293/2082
f 2119/2297/2078 2118/2295/2077 2124/2295/2083 2125/2297/2084
f 2101/2293/2060 2099/2292/2058 2116/2292/2075 2117/2293/2076
f 2088/2297/2047 2103/2295/2062 2119/2295/2078 2114/2297/2073
f 2085/2299/2044 2088/2297/2047 2114/2297/2073 2115/2299/2074
f 2105/2295/2064 2101/2293/2060 2117/2293/2076 2118/2295/2077
f 2125/2295/2084 2122/2308/2081 2121/2309/2080 2120/2297/2079
f 2124/2295/2083 2123/2308/2082 2122/2309/2081 2125/2297/2084
f 2114/2297/2073 2119/2295/2078 2125/2295/2084 2120/2297/2079
f 2118/2295/2077 2117/2293/2076 2123/2293/2082 2124/2295/2083
f 2115/2299/2074 2114/2297/2073 2120/2297/2079 2121/2299/2080
f 2116/2293/2075 2115/2292/2074 2121/2292/2080 2122/2293/2081
o Cube.012
v -3.708999 -3.309157 31.941126
v -3.659814 -3.076171 31.901539
v -3.706097 -3.313838 31.927746
v -3.690788 -3.315467 31.947281
v -3.568819 -3.107698 31.932301
v -3.687887 -3.320147 31.933903
v -3.713298 -3.180701 31.911350
v -3.704600 -3.194734 31.871241
v -3.649997 -3.213653 31.889698
v -3.658695 -3.199620 31.929810
v -3.689114 -3.347156 31.953888
v -3.688009 -3.348939 31.948793
v -3.681461 -3.344620 31.954660
v -3.680356 -3.346402 31.949566
v -3.654545 -3.328795 31.759914
v -3.645320 -3.099557 31.834694
v -3.649261 -3.326502 31.746634
v -3.618923 -3.088100 31.768347
v -3.636334 -3.335104 31.766069
v -3.554325 -3.131084 31.865456
v -3.631051 -3.332812 31.752790
v -3.527927 -3.119627 31.799109
v -3.679163 -3.202345 31.788189
v -3.663322 -3.195470 31.748377
v -3.608719 -3.214388 31.766834
v -3.624560 -3.221263 31.806648
v -3.629575 -3.365893 31.758558
v -3.627563 -3.365020 31.753502
v -3.622674 -3.363139 31.761780
v -3.620663 -3.362266 31.756723
v -3.542952 -3.024744 31.932768
v -3.635833 -3.022718 31.904203
v -3.620162 -3.027689 31.835987
v -3.594983 -3.035290 31.771059
v -3.502101 -3.037315 31.799623
v -3.527281 -3.029715 31.864552
v -3.539087 -2.941575 31.926098
v -3.631969 -2.939550 31.897535
v -3.616298 -2.944520 31.829319
v -3.591118 -2.952121 31.764391
v -3.498237 -2.954147 31.792953
v -3.523416 -2.946546 31.857882
vn -0.8503 -0.0629 0.5225
vn -0.8135 0.3790 0.4411
vn -0.5949 -0.4710 -0.6514
vn 0.4376 0.1760 0.8818
vn 0.4587 -0.2536 0.8516
vn 0.7521 -0.3297 -0.5707
vn -0.8685 0.2800 0.4090
vn -0.6125 -0.1355 -0.7788
vn 0.6296 -0.6230 -0.4641
vn 0.3245 -0.1317 0.9367
vn -0.4531 -0.5743 0.6818
vn -0.2384 -0.9208 -0.3087
vn 0.5875 -0.1961 0.7851
vn 0.8059 -0.5486 -0.2224
vn -0.8793 -0.3902 0.2731
vn -0.9381 0.1687 -0.3025
vn -0.4156 -0.1867 -0.8902
vn -0.4094 0.2590 -0.8748
vn 0.2899 -0.1968 0.9366
vn 0.7386 -0.6122 0.2822
vn 0.8623 0.0542 -0.5034
vn 0.8409 -0.3667 -0.3980
vn -0.9476 -0.0377 0.3173
vn -0.4803 0.1656 -0.8614
vn 0.7849 -0.2673 -0.5590
vn 0.2304 -0.5063 0.8310
vn -0.4155 -0.8691 0.2683
vn -0.0245 -0.6994 -0.7143
vn 0.5169 -0.4643 0.7192
vn 0.9146 -0.2917 -0.2802
vn 0.5189 -0.0503 0.8534
vn -0.8197 0.1892 0.5407
vn -0.9333 0.1911 -0.3039
vn -0.3706 0.0559 -0.9271
vn 0.9029 -0.1659 -0.3965
vn 0.9426 -0.1421 0.3023
vn 0.4363 0.6040 0.6669
vn -0.6788 0.6386 0.3625
vn -0.6545 0.7071 -0.2676
vn -0.3285 0.5307 -0.7813
vn 0.7643 0.5028 -0.4039
vn 0.6891 0.7101 0.1444
vt 0.500000 0.000000
vt 0.625000 0.000000
vt 0.625000 0.250000
vt 0.500000 0.250000
vt 0.625000 0.500000
vt 0.500000 0.500000
vt 0.625000 0.750000
vt 0.500000 0.750000
vt 0.625000 1.000000
vt 0.500000 1.000000
vt 0.375000 0.750000
vt 0.375000 1.000000
vt 0.375000 0.500000
vt 0.375000 0.250000
vt 0.375000 0.000000
vt 0.125000 0.500000
vt 0.125000 0.750000
vt 0.875000 0.500000
vt 0.875000 0.750000
s 1
usemtl Leggies
f 2132/2310/2091 2127/2311/2086 2141/2312/2100 2133/2313/2092
f 2133/2313/2092 2141/2312/2100 2145/2314/2104 2134/2315/2093
f 2134/2315/2093 2145/2314/2104 2130/2316/2089 2135/2317/2094
f 2135/2317/2094 2130/2316/2089 2127/2318/2086 2132/2319/2091
f 2129/2320/2088 2126/2321/2085 2136/2321/2095 2138/2320/2097
f 2141/2312/2100 2127/2311/2086 2157/2311/2116 2158/2312/2117
f 2129/2320/2088 2135/2317/2094 2132/2319/2091 2126/2321/2085
f 2131/2322/2090 2134/2315/2093 2135/2317/2094 2129/2320/2088
f 2128/2323/2087 2133/2313/2092 2134/2315/2093 2131/2322/2090
f 2126/2324/2085 2132/2310/2091 2133/2313/2092 2128/2323/2087
f 2137/2325/2096 2139/2322/2098 2138/2320/2097 2136/2326/2095
f 2128/2323/2087 2131/2322/2090 2139/2322/2098 2137/2323/2096
f 2126/2324/2085 2128/2323/2087 2137/2323/2096 2136/2324/2095
f 2131/2322/2090 2129/2320/2088 2138/2320/2097 2139/2322/2098
f 2148/2310/2107 2141/2311/2100 2143/2312/2102 2149/2313/2108
f 2149/2313/2108 2143/2312/2102 2147/2314/2106 2150/2315/2109
f 2150/2315/2109 2147/2314/2106 2145/2316/2104 2151/2317/2110
f 2151/2317/2110 2145/2316/2104 2141/2318/2100 2148/2319/2107
f 2144/2320/2103 2140/2321/2099 2152/2321/2111 2154/2320/2113
f 2145/2316/2104 2147/2314/2106 2160/2314/2119 2161/2316/2120
f 2144/2320/2103 2151/2317/2110 2148/2319/2107 2140/2321/2099
f 2146/2322/2105 2150/2315/2109 2151/2317/2110 2144/2320/2103
f 2142/2323/2101 2149/2313/2108 2150/2315/2109 2146/2322/2105
f 2140/2324/2099 2148/2310/2107 2149/2313/2108 2142/2323/2101
f 2153/2325/2112 2155/2322/2114 2154/2320/2113 2152/2326/2111
f 2142/2323/2101 2146/2322/2105 2155/2322/2114 2153/2323/2112
f 2140/2324/2099 2142/2323/2101 2153/2323/2112 2152/2324/2111
f 2146/2322/2105 2144/2320/2103 2154/2320/2113 2155/2322/2114
f 2159/2312/2118 2158/2311/2117 2164/2311/2123 2165/2312/2124
f 2161/2316/2120 2160/2314/2119 2166/2314/2125 2167/2316/2126
f 2143/2312/2102 2141/2311/2100 2158/2311/2117 2159/2312/2118
f 2130/2316/2089 2145/2314/2104 2161/2314/2120 2156/2316/2115
f 2127/2318/2086 2130/2316/2089 2156/2316/2115 2157/2318/2116
f 2147/2314/2106 2143/2312/2102 2159/2312/2118 2160/2314/2119
f 2167/2314/2126 2164/2327/2123 2163/2328/2122 2162/2316/2121
f 2166/2314/2125 2165/2327/2124 2164/2328/2123 2167/2316/2126
f 2156/2316/2115 2161/2314/2120 2167/2314/2126 2162/2316/2121
f 2160/2314/2119 2159/2312/2118 2165/2312/2124 2166/2314/2125
f 2157/2318/2116 2156/2316/2115 2162/2316/2121 2163/2318/2122
f 2158/2312/2117 2157/2311/2116 2163/2311/2122 2164/2312/2123
o Cube.013
v -2.008708 -3.611760 32.516209
v -2.020845 -3.378774 32.454250
v -2.019198 -3.616440 32.507412
v -1.994782 -3.618069 32.502956
v -1.951257 -3.410301 32.388039
v -2.005272 -3.622750 32.494160
v -2.037061 -3.483304 32.506149
v -2.068511 -3.497337 32.479778
v -2.026753 -3.516255 32.440048
v -1.995304 -3.502222 32.466419
v -1.988155 -3.649759 32.504551
v -1.992150 -3.651541 32.501202
v -1.983909 -3.647223 32.498138
v -1.987904 -3.649005 32.494789
v -2.143733 -3.631398 32.383652
v -2.073256 -3.402159 32.410301
v -2.153025 -3.629105 32.372791
v -2.119685 -3.390702 32.356052
v -2.129807 -3.637707 32.370399
v -2.003668 -3.433686 32.344090
v -2.139099 -3.635414 32.359543
v -2.050097 -3.422229 32.289841
v -2.130170 -3.504947 32.418602
v -2.158030 -3.498072 32.386047
v -2.116273 -3.516991 32.346317
v -2.088413 -3.523865 32.378872
v -2.133308 -3.668496 32.360920
v -2.136845 -3.667623 32.356785
v -2.127244 -3.665742 32.356312
v -2.130782 -3.664869 32.352180
v -1.938802 -3.327347 32.365360
v -2.007322 -3.325321 32.434265
v -2.060399 -3.330292 32.388638
v -2.106139 -3.337893 32.336128
v -2.037618 -3.339918 32.267223
v -1.991878 -3.332318 32.319733
v -1.942904 -3.244178 32.358837
v -2.011425 -3.242152 32.427742
v -2.064502 -3.247123 32.382114
v -2.110242 -3.254724 32.329601
v -2.041721 -3.256749 32.260696
v -1.995981 -3.249149 32.313210
vn 0.0666 -0.0629 0.9958
vn 0.0116 0.3790 0.9253
vn -0.8534 -0.4710 0.2232
vn 0.9841 0.1760 0.0233
vn 0.9673 -0.2536 -0.0095
vn -0.1549 -0.3297 -0.9313
vn -0.0424 0.2800 0.9591
vn -0.9744 -0.1355 0.1795
vn -0.1176 -0.6230 -0.7733
vn 0.9801 -0.1317 0.1489
vn 0.3924 -0.5743 0.7184
vn -0.3841 -0.9208 0.0673
vn 0.9683 -0.1961 -0.1544
vn 0.1784 -0.5486 -0.8168
vn -0.1677 -0.3902 0.9053
vn -0.7045 0.1687 0.6894
vn -0.9813 -0.1867 -0.0466
vn -0.9648 0.2590 -0.0450
vn 0.9639 -0.1968 0.1795
vn 0.5936 -0.6122 -0.5223
vn -0.0441 0.0542 -0.9976
vn 0.0392 -0.3667 -0.9295
vn -0.1604 -0.0377 0.9863
vn -0.9859 0.1656 0.0240
vn -0.1293 -0.2673 -0.9549
vn 0.8427 -0.5063 0.1830
vn 0.0440 -0.8691 0.4926
vn -0.6436 -0.6994 -0.3108
vn 0.8772 -0.4643 -0.1226
vn 0.1778 -0.2917 -0.9399
vn 0.9968 -0.0503 -0.0619
vn 0.0969 0.1892 0.9771
vn -0.7035 0.1911 0.6845
vn -0.9930 0.0559 -0.1036
vn 0.0694 -0.1659 -0.9837
vn 0.7064 -0.1421 -0.6935
vn 0.7934 0.6040 -0.0757
vn 0.0048 0.6386 0.7695
vn -0.5415 0.7071 0.4546
vn -0.8444 0.5307 -0.0730
vn -0.0016 0.5028 -0.8644
vn 0.4486 0.7101 -0.5426
vt 0.500000 0.000000
vt 0.625000 0.000000
vt 0.625000 0.250000
vt 0.500000 0.250000
vt 0.625000 0.500000
vt 0.500000 0.500000
vt 0.625000 0.750000
vt 0.500000 0.750000
vt 0.625000 1.000000
vt 0.500000 1.000000
vt 0.375000 0.750000
vt 0.375000 1.000000
vt 0.375000 0.500000
vt 0.375000 0.250000
vt 0.375000 0.000000
vt 0.125000 0.500000
vt 0.125000 0.750000
vt 0.875000 0.500000
vt 0.875000 0.750000
s 1
usemtl Leggies
f 2174/2329/2133 2169/2330/2128 2183/2331/2142 2175/2332/2134
f 2175/2332/2134 2183/2331/2142 2187/2333/2146 2176/2334/2135
f 2176/2334/2135 2187/2333/2146 2172/2335/2131 2177/2336/2136
f 2177/2336/2136 2172/2335/2131 2169/2337/2128 2174/2338/2133
f 2171/2339/2130 2168/2340/2127 2178/2340/2137 2180/2339/2139
f 2183/2331/2142 2169/2330/2128 2199/2330/2158 2200/2331/2159
f 2171/2339/2130 2177/2336/2136 2174/2338/2133 2168/2340/2127
f 2173/2341/2132 2176/2334/2135 2177/2336/2136 2171/2339/2130
f 2170/2342/2129 2175/2332/2134 2176/2334/2135 2173/2341/2132
f 2168/2343/2127 2174/2329/2133 2175/2332/2134 2170/2342/2129
f 2179/2344/2138 2181/2341/2140 2180/2339/2139 2178/2345/2137
f 2170/2342/2129 2173/2341/2132 2181/2341/2140 2179/2342/2138
f 2168/2343/2127 2170/2342/2129 2179/2342/2138 2178/2343/2137
f 2173/2341/2132 2171/2339/2130 2180/2339/2139 2181/2341/2140
f 2190/2329/2149 2183/2330/2142 2185/2331/2144 2191/2332/2150
f 2191/2332/2150 2185/2331/2144 2189/2333/2148 2192/2334/2151
f 2192/2334/2151 2189/2333/2148 2187/2335/2146 2193/2336/2152
f 2193/2336/2152 2187/2335/2146 2183/2337/2142 2190/2338/2149
f 2186/2339/2145 2182/2340/2141 2194/2340/2153 2196/2339/2155
f 2187/2335/2146 2189/2333/2148 2202/2333/2161 2203/2335/2162
f 2186/2339/2145 2193/2336/2152 2190/2338/2149 2182/2340/2141
f 2188/2341/2147 2192/2334/2151 2193/2336/2152 2186/2339/2145
f 2184/2342/2143 2191/2332/2150 2192/2334/2151 2188/2341/2147
f 2182/2343/2141 2190/2329/2149 2191/2332/2150 2184/2342/2143
f 2195/2344/2154 2197/2341/2156 2196/2339/2155 2194/2345/2153
f 2184/2342/2143 2188/2341/2147 2197/2341/2156 2195/2342/2154
f 2182/2343/2141 2184/2342/2143 2195/2342/2154 2194/2343/2153
f 2188/2341/2147 2186/2339/2145 2196/2339/2155 2197/2341/2156
f 2201/2331/2160 2200/2330/2159 2206/2330/2165 2207/2331/2166
f 2203/2335/2162 2202/2333/2161 2208/2333/2167 2209/2335/2168
f 2185/2331/2144 2183/2330/2142 2200/2330/2159 2201/2331/2160
f 2172/2335/2131 2187/2333/2146 2203/2333/2162 2198/2335/2157
f 2169/2337/2128 2172/2335/2131 2198/2335/2157 2199/2337/2158
f 2189/2333/2148 2185/2331/2144 2201/2331/2160 2202/2333/2161
f 2209/2333/2168 2206/2346/2165 2205/2347/2164 2204/2335/2163
f 2208/2333/2167 2207/2346/2166 2206/2347/2165 2209/2335/2168
f 2198/2335/2157 2203/2333/2162 2209/2333/2168 2204/2335/2163
f 2202/2333/2161 2201/2331/2160 2207/2331/2166 2208/2333/2167
f 2199/2337/2158 2198/2335/2157 2204/2335/2163 2205/2337/2164
f 2200/2331/2159 2199/2330/2158 2205/2330/2164 2206/2331/2165
o Cube.014
v -2.146297 -3.677871 32.186394
v -2.097112 -3.444885 32.146809
v -2.143395 -3.682551 32.173016
v -2.128086 -3.684180 32.192551
v -2.006117 -3.476411 32.177567
v -2.125185 -3.688860 32.179169
v -2.150596 -3.549415 32.156616
v -2.141898 -3.563448 32.116508
v -2.087295 -3.582366 32.134968
v -2.095993 -3.568333 32.175076
v -2.126412 -3.715870 32.199158
v -2.125307 -3.717652 32.194061
v -2.118759 -3.713333 32.199928
v -2.117654 -3.715116 32.194832
v -2.091843 -3.697508 32.005180
v -2.082618 -3.468270 32.079964
v -2.086560 -3.695216 31.991901
v -2.056221 -3.456813 32.013615
v -2.073632 -3.703818 32.011337
v -1.991623 -3.499797 32.110725
v -2.068349 -3.701525 31.998058
v -1.965225 -3.488340 32.044376
v -2.116461 -3.571058 32.033455
v -2.100620 -3.564183 31.993645
v -2.046017 -3.583101 32.012104
v -2.061858 -3.589976 32.051914
v -2.066873 -3.734607 32.003826
v -2.064861 -3.733734 31.998770
v -2.059972 -3.731853 32.007046
v -2.057961 -3.730980 32.001991
v -1.980250 -3.393457 32.178036
v -2.073131 -3.391432 32.149471
v -2.057460 -3.396403 32.081257
v -2.032281 -3.404003 32.016327
v -1.939399 -3.406029 32.044891
v -1.964579 -3.398428 32.109818
v -1.976385 -3.310289 32.171368
v -2.069267 -3.308263 32.142803
v -2.053596 -3.313234 32.074585
v -2.028416 -3.320834 32.009659
v -1.935535 -3.322860 32.038223
v -1.960714 -3.315259 32.103149
vn -0.8503 -0.0629 0.5225
vn -0.8135 0.3790 0.4411
vn -0.5949 -0.4710 -0.6514
vn 0.4376 0.1760 0.8818
vn 0.4587 -0.2536 0.8516
vn 0.7521 -0.3297 -0.5707
vn -0.8685 0.2800 0.4090
vn -0.6125 -0.1355 -0.7788
vn 0.6296 -0.6230 -0.4641
vn 0.3245 -0.1317 0.9367
vn -0.4531 -0.5743 0.6818
vn -0.2384 -0.9208 -0.3087
vn 0.5875 -0.1961 0.7851
vn 0.8059 -0.5486 -0.2224
vn -0.8793 -0.3902 0.2731
vn -0.9381 0.1687 -0.3025
vn -0.4156 -0.1867 -0.8902
vn -0.4094 0.2590 -0.8748
vn 0.2899 -0.1968 0.9366
vn 0.7386 -0.6122 0.2822
vn 0.8623 0.0542 -0.5034
vn 0.8409 -0.3667 -0.3980
vn -0.9476 -0.0377 0.3173
vn -0.4803 0.1656 -0.8614
vn 0.7849 -0.2673 -0.5590
vn 0.2304 -0.5063 0.8310
vn -0.4155 -0.8691 0.2683
vn -0.0245 -0.6994 -0.7143
vn 0.5169 -0.4643 0.7192
vn 0.9146 -0.2917 -0.2802
vn 0.5189 -0.0503 0.8534
vn -0.8197 0.1892 0.5407
vn -0.9333 0.1911 -0.3039
vn -0.3706 0.0559 -0.9271
vn 0.9029 -0.1659 -0.3965
vn 0.9426 -0.1421 0.3023
vn 0.4363 0.6040 0.6669
vn -0.6788 0.6386 0.3625
vn -0.6545 0.7071 -0.2676
vn -0.3285 0.5307 -0.7813
vn 0.7643 0.5028 -0.4039
vn 0.6891 0.7101 0.1444
vt 0.500000 0.000000
vt 0.625000 0.000000
vt 0.625000 0.250000
vt 0.500000 0.250000
vt 0.625000 0.500000
vt 0.500000 0.500000
vt 0.625000 0.750000
vt 0.500000 0.750000
vt 0.625000 1.000000
vt 0.500000 1.000000
vt 0.375000 0.750000
vt 0.375000 1.000000
vt 0.375000 0.500000
vt 0.375000 0.250000
vt 0.375000 0.000000
vt 0.125000 0.500000
vt 0.125000 0.750000
vt 0.875000 0.500000
vt 0.875000 0.750000
s 1
usemtl Leggies
f 2216/2348/2175 2211/2349/2170 2225/2350/2184 2217/2351/2176
f 2217/2351/2176 2225/2350/2184 2229/2352/2188 2218/2353/2177
f 2218/2353/2177 2229/2352/2188 2214/2354/2173 2219/2355/2178
f 2219/2355/2178 2214/2354/2173 2211/2356/2170 2216/2357/2175
f 2213/2358/2172 2210/2359/2169 2220/2359/2179 2222/2358/2181
f 2225/2350/2184 2211/2349/2170 2241/2349/2200 2242/2350/2201
f 2213/2358/2172 2219/2355/2178 2216/2357/2175 2210/2359/2169
f 2215/2360/2174 2218/2353/2177 2219/2355/2178 2213/2358/2172
f 2212/2361/2171 2217/2351/2176 2218/2353/2177 2215/2360/2174
f 2210/2362/2169 2216/2348/2175 2217/2351/2176 2212/2361/2171
f 2221/2363/2180 2223/2360/2182 2222/2358/2181 2220/2364/2179
f 2212/2361/2171 2215/2360/2174 2223/2360/2182 2221/2361/2180
f 2210/2362/2169 2212/2361/2171 2221/2361/2180 2220/2362/2179
f 2215/2360/2174 2213/2358/2172 2222/2358/2181 2223/2360/2182
f 2232/2348/2191 2225/2349/2184 2227/2350/2186 2233/2351/2192
f 2233/2351/2192 2227/2350/2186 2231/2352/2190 2234/2353/2193
f 2234/2353/2193 2231/2352/2190 2229/2354/2188 2235/2355/2194
f 2235/2355/2194 2229/2354/2188 2225/2356/2184 2232/2357/2191
f 2228/2358/2187 2224/2359/2183 2236/2359/2195 2238/2358/2197
f 2229/2354/2188 2231/2352/2190 2244/2352/2203 2245/2354/2204
f 2228/2358/2187 2235/2355/2194 2232/2357/2191 2224/2359/2183
f 2230/2360/2189 2234/2353/2193 2235/2355/2194 2228/2358/2187
f 2226/2361/2185 2233/2351/2192 2234/2353/2193 2230/2360/2189
f 2224/2362/2183 2232/2348/2191 2233/2351/2192 2226/2361/2185
f 2237/2363/2196 2239/2360/2198 2238/2358/2197 2236/2364/2195
f 2226/2361/2185 2230/2360/2189 2239/2360/2198 2237/2361/2196
f 2224/2362/2183 2226/2361/2185 2237/2361/2196 2236/2362/2195
f 2230/2360/2189 2228/2358/2187 2238/2358/2197 2239/2360/2198
f 2243/2350/2202 2242/2349/2201 2248/2349/2207 2249/2350/2208
f 2245/2354/2204 2244/2352/2203 2250/2352/2209 2251/2354/2210
f 2227/2350/2186 2225/2349/2184 2242/2349/2201 2243/2350/2202
f 2214/2354/2173 2229/2352/2188 2245/2352/2204 2240/2354/2199
f 2211/2356/2170 2214/2354/2173 2240/2354/2199 2241/2356/2200
f 2231/2352/2190 2227/2350/2186 2243/2350/2202 2244/2352/2203
f 2251/2352/2210 2248/2365/2207 2247/2366/2206 2246/2354/2205
f 2250/2352/2209 2249/2365/2208 2248/2366/2207 2251/2354/2210
f 2240/2354/2199 2245/2352/2204 2251/2352/2210 2246/2354/2205
f 2244/2352/2203 2243/2350/2202 2249/2350/2208 2250/2352/2209
f 2241/2356/2200 2240/2354/2199 2246/2354/2205 2247/2356/2206
f 2242/2350/2201 2241/2349/2200 2247/2349/2206 2248/2350/2207
o Cylinder
v -6.599015 -0.138915 29.960644
v -6.599015 -0.222913 29.977352
v -6.599015 -0.294123 30.024933
v -6.599015 -0.341704 30.096144
v -6.599015 -0.358412 30.180141
v -6.599015 -0.341704 30.264139
v -6.599015 -0.294123 30.335348
v -6.599015 -0.222913 30.382931
v -6.599015 -0.138915 30.399637
v -6.599015 -0.054917 30.382931
v -6.599015 0.016292 30.335348
v -6.599015 0.063873 30.264139
v -6.599015 0.080582 30.180141
v -6.599015 0.063873 30.096144
v -6.599015 0.016292 30.024933
v -6.599015 -0.054917 29.977352
v -6.599015 -0.195450 30.043653
v -6.599015 -0.138915 30.032408
v -6.599015 -0.243378 30.075678
v -6.599015 -0.275403 30.123606
v -6.599015 -0.286648 30.180141
v -6.599015 -0.275403 30.236677
v -6.599015 -0.243378 30.284605
v -6.599015 -0.195450 30.316629
v -6.599015 -0.138915 30.327875
v -6.599015 -0.082380 30.316629
v -6.599015 -0.034452 30.284605
v -6.599015 -0.002428 30.236677
v -6.599015 0.008818 30.180141
v -6.599015 -0.002428 30.123606
v -6.599015 -0.034452 30.075678
v -6.599015 -0.082380 30.043653
v -6.525869 -0.190582 30.055408
v -6.525869 -0.138915 30.045132
v -6.525869 -0.234382 30.084675
v -6.525869 -0.263648 30.128475
v -6.525869 -0.273925 30.180141
v -6.525869 -0.263648 30.231808
v -6.525869 -0.234382 30.275608
v -6.525869 -0.190582 30.304874
v -6.525869 -0.138915 30.315151
v -6.525869 -0.087249 30.304874
v -6.525869 -0.043449 30.275608
v -6.525869 -0.014182 30.231808
v -6.525869 -0.003905 30.180141
v -6.525869 -0.014182 30.128475
v -6.525869 -0.043449 30.084675
v -6.525869 -0.087249 30.055408
v -6.525869 -0.215679 29.994816
v -6.525869 -0.138915 29.979548
v -6.525869 -0.280757 30.038300
v -6.525869 -0.324240 30.103376
v -6.525869 -0.339509 30.180141
v -6.525869 -0.324240 30.256905
v -6.525869 -0.280757 30.321983
v -6.525869 -0.215679 30.365465
v -6.525869 -0.138915 30.380735
v -6.525869 -0.062151 30.365465
v -6.525869 0.002926 30.321983
v -6.525869 0.046409 30.256905
v -6.525869 0.061679 30.180141
v -6.525869 0.046409 30.103376
v -6.525869 0.002926 30.038300
v -6.525869 -0.062151 29.994816
vn 0.9952 -0.0000 0.0983
vn 0.9952 0.0376 0.0908
vn 0.9952 0.0695 0.0695
vn 0.9952 0.0908 0.0376
vn 0.9952 0.0983 -0.0000
vn 0.9952 0.0908 -0.0376
vn 0.9952 0.0695 -0.0695
vn 0.9952 0.0376 -0.0908
vn 0.9952 -0.0000 -0.0983
vn 0.9952 -0.0376 -0.0908
vn 0.9952 -0.0695 -0.0695
vn 0.9952 -0.0908 -0.0376
vn 0.9952 -0.0983 -0.0000
vn 0.9952 -0.0908 0.0376
vn 0.9952 -0.0695 0.0695
vn 0.9952 -0.0376 0.0908
vn 0.9973 -0.0282 -0.0682
vn 0.9973 -0.0000 -0.0738
vn 0.9973 -0.0522 -0.0522
vn 0.9973 -0.0682 -0.0282
vn 0.9973 -0.0738 -0.0000
vn 0.9973 -0.0682 0.0282
vn 0.9973 -0.0522 0.0522
vn 0.9973 -0.0282 0.0682
vn 0.9973 -0.0000 0.0738
vn 0.9973 0.0282 0.0682
vn 0.9973 0.0522 0.0522
vn 0.9973 0.0682 0.0282
vn 0.9973 0.0738 -0.0000
vn 0.9973 0.0682 -0.0282
vn 0.9973 0.0522 -0.0522
vn 0.9973 0.0282 -0.0682
vn -0.9971 -0.0291 -0.0702
vn -0.9971 -0.0000 -0.0760
vn -0.9971 -0.0538 -0.0538
vn -0.9971 -0.0702 -0.0291
vn -0.9971 -0.0760 -0.0000
vn -0.9971 -0.0702 0.0291
vn -0.9971 -0.0538 0.0538
vn -0.9971 -0.0291 0.0702
vn -0.9971 -0.0000 0.0760
vn -0.9971 0.0291 0.0702
vn -0.9971 0.0538 0.0538
vn -0.9971 0.0702 0.0291
vn -0.9971 0.0760 -0.0000
vn -0.9971 0.0702 -0.0291
vn -0.9971 0.0538 -0.0538
vn -0.9971 0.0291 -0.0702
vn -0.9956 0.0360 0.0869
vn -0.9956 -0.0000 0.0940
vn -0.9956 0.0665 0.0665
vn -0.9956 0.0869 0.0360
vn -0.9956 0.0940 -0.0000
vn -0.9956 0.0869 -0.0360
vn -0.9956 0.0665 -0.0665
vn -0.9956 0.0360 -0.0869
vn -0.9956 -0.0000 -0.0940
vn -0.9956 -0.0360 -0.0869
vn -0.9956 -0.0665 -0.0665
vn -0.9956 -0.0869 -0.0360
vn -0.9956 -0.0940 -0.0000
vn -0.9956 -0.0869 0.0360
vn -0.9956 -0.0665 0.0665
vn -0.9956 -0.0360 0.0869
vt 0.250000 0.436636
vt 0.321422 0.422429
vt 0.341844 0.471731
vt 0.250000 0.490000
vt 0.419706 0.419706
vt 0.381971 0.381971
vt 0.471731 0.341844
vt 0.422429 0.321422
vt 0.490000 0.250000
vt 0.436636 0.250000
vt 0.471731 0.158156
vt 0.422429 0.178578
vt 0.419706 0.080294
vt 0.381971 0.118029
vt 0.341844 0.028269
vt 0.321422 0.077571
vt 0.250000 0.010000
vt 0.250000 0.063364
vt 0.158156 0.028269
vt 0.178578 0.077571
vt 0.080294 0.080294
vt 0.118029 0.118029
vt 0.028269 0.158156
vt 0.077571 0.178578
vt 0.010000 0.250000
vt 0.063364 0.250000
vt 0.028269 0.341844
vt 0.077571 0.321422
vt 0.080294 0.419706
vt 0.118029 0.381971
vt 0.158156 0.471731
vt 0.178578 0.422429
s 1
usemtl Toofs
f 2285/2367/2244 2301/2370/2260 2300/2369/2259 2284/2368/2243
f 2269/2367/2228 2268/2368/2227 2253/2369/2212 2252/2370/2211
f 2268/2368/2227 2270/2372/2229 2254/2371/2213 2253/2369/2212
f 2270/2372/2229 2271/2374/2230 2255/2373/2214 2254/2371/2213
f 2271/2374/2230 2272/2376/2231 2256/2375/2215 2255/2373/2214
f 2272/2376/2231 2273/2378/2232 2257/2377/2216 2256/2375/2215
f 2273/2378/2232 2274/2380/2233 2258/2379/2217 2257/2377/2216
f 2274/2380/2233 2275/2382/2234 2259/2381/2218 2258/2379/2217
f 2275/2382/2234 2276/2384/2235 2260/2383/2219 2259/2381/2218
f 2276/2384/2235 2277/2386/2236 2261/2385/2220 2260/2383/2219
f 2277/2386/2236 2278/2388/2237 2262/2387/2221 2261/2385/2220
f 2278/2388/2237 2279/2390/2238 2263/2389/2222 2262/2387/2221
f 2279/2390/2238 2280/2392/2239 2264/2391/2223 2263/2389/2222
f 2280/2392/2239 2281/2394/2240 2265/2393/2224 2264/2391/2223
f 2281/2394/2240 2282/2396/2241 2266/2395/2225 2265/2393/2224
f 2282/2396/2241 2283/2398/2242 2267/2397/2226 2266/2395/2225
f 2283/2398/2242 2269/2367/2228 2252/2370/2211 2267/2397/2226
f 2284/2368/2243 2300/2369/2259 2302/2371/2261 2286/2372/2245
f 2286/2372/2245 2302/2371/2261 2303/2373/2262 2287/2374/2246
f 2287/2374/2246 2303/2373/2262 2304/2375/2263 2288/2376/2247
f 2288/2376/2247 2304/2375/2263 2305/2377/2264 2289/2378/2248
f 2289/2378/2248 2305/2377/2264 2306/2379/2265 2290/2380/2249
f 2290/2380/2249 2306/2379/2265 2307/2381/2266 2291/2382/2250
f 2291/2382/2250 2307/2381/2266 2308/2383/2267 2292/2384/2251
f 2292/2384/2251 2308/2383/2267 2309/2385/2268 2293/2386/2252
f 2293/2386/2252 2309/2385/2268 2310/2387/2269 2294/2388/2253
f 2294/2388/2253 2310/2387/2269 2311/2389/2270 2295/2390/2254
f 2295/2390/2254 2311/2389/2270 2312/2391/2271 2296/2392/2255
f 2296/2392/2255 2312/2391/2271 2313/2393/2272 2297/2394/2256
f 2297/2394/2256 2313/2393/2272 2314/2395/2273 2298/2396/2257
f 2298/2396/2257 2314/2395/2273 2315/2397/2274 2299/2398/2258
f 2299/2398/2258 2315/2397/2274 2301/2370/2260 2285/2367/2244
f 2257/2377/2216 2305/2377/2264 2304/2375/2263 2256/2375/2215
f 2275/2382/2234 2291/2382/2250 2292/2384/2251 2276/2384/2235
f 2258/2379/2217 2306/2379/2265 2305/2377/2264 2257/2377/2216
f 2276/2384/2235 2292/2384/2251 2293/2386/2252 2277/2386/2236
f 2259/2381/2218 2307/2381/2266 2306/2379/2265 2258/2379/2217
f 2277/2386/2236 2293/2386/2252 2294/2388/2253 2278/2388/2237
f 2260/2383/2219 2308/2383/2267 2307/2381/2266 2259/2381/2218
f 2278/2388/2237 2294/2388/2253 2295/2390/2254 2279/2390/2238
f 2261/2385/2220 2309/2385/2268 2308/2383/2267 2260/2383/2219
f 2279/2390/2238 2295/2390/2254 2296/2392/2255 2280/2392/2239
f 2262/2387/2221 2310/2387/2269 2309/2385/2268 2261/2385/2220
f 2280/2392/2239 2296/2392/2255 2297/2394/2256 2281/2394/2240
f 2263/2389/2222 2311/2389/2270 2310/2387/2269 2262/2387/2221
f 2281/2394/2240 2297/2394/2256 2298/2396/2257 2282/2396/2241
f 2269/2367/2228 2285/2367/2244 2284/2368/2243 2268/2368/2227
f 2264/2391/2223 2312/2391/2271 2311/2389/2270 2263/2389/2222
f 2282/2396/2241 2298/2396/2257 2299/2398/2258 2283/2398/2242
f 2268/2368/2227 2284/2368/2243 2286/2372/2245 2270/2372/2229
f 2265/2393/2224 2313/2393/2272 2312/2391/2271 2264/2391/2223
f 2283/2398/2242 2299/2398/2258 2285/2367/2244 2269/2367/2228
f 2270/2372/2229 2286/2372/2245 2287/2374/2246 2271/2374/2230
f 2266/2395/2225 2314/2395/2273 2313/2393/2272 2265/2393/2224
f 2253/2369/2212 2300/2369/2259 2301/2370/2260 2252/2370/2211
f 2271/2374/2230 2287/2374/2246 2288/2376/2247 2272/2376/2231
f 2267/2397/2226 2315/2397/2274 2314/2395/2273 2266/2395/2225
f 2254/2371/2213 2302/2371/2261 2300/2369/2259 2253/2369/2212
f 2272/2376/2231 2288/2376/2247 2289/2378/2248 2273/2378/2232
f 2252/2370/2211 2301/2370/2260 2315/2397/2274 2267/2397/2226
f 2255/2373/2214 2303/2373/2262 2302/2371/2261 2254/2371/2213
f 2273/2378/2232 2289/2378/2248 2290/2380/2249 2274/2380/2233
f 2256/2375/2215 2304/2375/2263 2303/2373/2262 2255/2373/2214
f 2274/2380/2233 2290/2380/2249 2291/2382/2250 2275/2382/2234
o Cube.009
v -0.137071 -3.688115 32.726788
v -0.185559 -3.455129 32.686352
v -0.150760 -3.692795 32.726578
v -0.134617 -3.694424 32.707722
v -0.173298 -3.486655 32.591084
v -0.148306 -3.699104 32.707512
v -0.165419 -3.559659 32.736862
v -0.206457 -3.573692 32.736221
v -0.199099 -3.592610 32.679054
v -0.158061 -3.578577 32.679695
v -0.128469 -3.726114 32.704781
v -0.133682 -3.727896 32.704700
v -0.129217 -3.723577 32.697128
v -0.134430 -3.725360 32.697044
v -0.325454 -3.707752 32.709045
v -0.253948 -3.478514 32.685291
v -0.339513 -3.705460 32.706474
v -0.324193 -3.467057 32.672459
v -0.323000 -3.714062 32.689980
v -0.241687 -3.510041 32.590023
v -0.337059 -3.711769 32.687408
v -0.311931 -3.498584 32.577190
v -0.292889 -3.581302 32.727619
v -0.335039 -3.574427 32.719921
v -0.327682 -3.593345 32.662754
v -0.285531 -3.600220 32.670452
v -0.331695 -3.744851 32.684830
v -0.337048 -3.743978 32.683849
v -0.329894 -3.742097 32.677429
v -0.335246 -3.741224 32.676453
v -0.177928 -3.403702 32.565632
v -0.187664 -3.401676 32.662315
v -0.257630 -3.406647 32.660370
v -0.326242 -3.414247 32.648453
v -0.316507 -3.416273 32.551769
v -0.247894 -3.408672 32.563683
v -0.185227 -3.320533 32.563152
v -0.194962 -3.318507 32.659840
v -0.264928 -3.323478 32.657890
v -0.333540 -3.331079 32.645977
v -0.323805 -3.333104 32.549290
v -0.255193 -3.325504 32.561207
vn 0.6796 -0.0629 0.7309
vn 0.5925 0.3790 0.7109
vn -0.5216 -0.4710 0.7114
vn 0.7785 0.1760 -0.6025
vn 0.7448 -0.2536 -0.6173
vn -0.7075 -0.3297 -0.6251
vn 0.5718 0.2800 0.7711
vn -0.6431 -0.1355 0.7537
vn -0.5789 -0.6230 -0.5260
vn 0.8545 -0.1317 -0.5024
vn 0.7576 -0.5743 0.3102
vn -0.2557 -0.9208 0.2944
vn 0.6542 -0.1961 -0.7304
vn -0.3766 -0.5486 -0.7465
vn 0.4407 -0.3902 0.8084
vn -0.1121 0.1687 0.9793
vn -0.7910 -0.1867 0.5826
vn -0.7772 0.2590 0.5734
vn 0.8613 -0.1968 -0.4685
vn 0.1314 -0.6122 -0.7797
vn -0.6632 0.0542 -0.7465
vn -0.5557 -0.3667 -0.7462
vn 0.4975 -0.0377 0.8667
vn -0.7501 0.1656 0.6403
vn -0.7025 -0.2673 -0.6596
vn 0.7694 -0.5063 -0.3894
vn 0.3448 -0.8691 0.3546
vn -0.6955 -0.6994 0.1646
vn 0.6035 -0.4643 -0.6482
vn -0.4546 -0.2917 -0.8416
vn 0.7346 -0.0503 -0.6766
vn 0.6914 0.1892 0.6973
vn -0.1144 0.1911 0.9749
vn -0.8361 0.0559 0.5457
vn -0.5664 -0.1659 -0.8073
vn 0.1110 -0.1421 -0.9836
vn 0.5681 0.6040 -0.5590
vn 0.4890 0.6386 0.5942
vn -0.1336 0.7071 0.6943
vn -0.7014 0.5307 0.4758
vn -0.5463 0.5028 -0.6699
vn 0.0060 0.7101 -0.7040
vt 0.500000 0.000000
vt 0.625000 0.000000
vt 0.625000 0.250000
vt 0.500000 0.250000
vt 0.625000 0.500000
vt 0.500000 0.500000
vt 0.625000 0.750000
vt 0.500000 0.750000
vt 0.625000 1.000000
vt 0.500000 1.000000
vt 0.375000 0.750000
vt 0.375000 1.000000
vt 0.375000 0.500000
vt 0.375000 0.250000
vt 0.375000 0.000000
vt 0.125000 0.500000
vt 0.125000 0.750000
vt 0.875000 0.500000
vt 0.875000 0.750000
s 1
usemtl Leggies
f 2322/2399/2281 2317/2400/2276 2331/2401/2290 2323/2402/2282
f 2323/2402/2282 2331/2401/2290 2335/2403/2294 2324/2404/2283
f 2324/2404/2283 2335/2403/2294 2320/2405/2279 2325/2406/2284
f 2325/2406/2284 2320/2405/2279 2317/2407/2276 2322/2408/2281
f 2319/2409/2278 2316/2410/2275 2326/2410/2285 2328/2409/2287
f 2331/2401/2290 2317/2400/2276 2347/2400/2306 2348/2401/2307
f 2319/2409/2278 2325/2406/2284 2322/2408/2281 2316/2410/2275
f 2321/2411/2280 2324/2404/2283 2325/2406/2284 2319/2409/2278
f 2318/2412/2277 2323/2402/2282 2324/2404/2283 2321/2411/2280
f 2316/2413/2275 2322/2399/2281 2323/2402/2282 2318/2412/2277
f 2327/2414/2286 2329/2411/2288 2328/2409/2287 2326/2415/2285
f 2318/2412/2277 2321/2411/2280 2329/2411/2288 2327/2412/2286
f 2316/2413/2275 2318/2412/2277 2327/2412/2286 2326/2413/2285
f 2321/2411/2280 2319/2409/2278 2328/2409/2287 2329/2411/2288
f 2338/2399/2297 2331/2400/2290 2333/2401/2292 2339/2402/2298
f 2339/2402/2298 2333/2401/2292 2337/2403/2296 2340/2404/2299
f 2340/2404/2299 2337/2403/2296 2335/2405/2294 2341/2406/2300
f 2341/2406/2300 2335/2405/2294 2331/2407/2290 2338/2408/2297
f 2334/2409/2293 2330/2410/2289 2342/2410/2301 2344/2409/2303
f 2335/2405/2294 2337/2403/2296 2350/2403/2309 2351/2405/2310
f 2334/2409/2293 2341/2406/2300 2338/2408/2297 2330/2410/2289
f 2336/2411/2295 2340/2404/2299 2341/2406/2300 2334/2409/2293
f 2332/2412/2291 2339/2402/2298 2340/2404/2299 2336/2411/2295
f 2330/2413/2289 2338/2399/2297 2339/2402/2298 2332/2412/2291
f 2343/2414/2302 2345/2411/2304 2344/2409/2303 2342/2415/2301
f 2332/2412/2291 2336/2411/2295 2345/2411/2304 2343/2412/2302
f 2330/2413/2289 2332/2412/2291 2343/2412/2302 2342/2413/2301
f 2336/2411/2295 2334/2409/2293 2344/2409/2303 2345/2411/2304
f 2349/2401/2308 2348/2400/2307 2354/2400/2313 2355/2401/2314
f 2351/2405/2310 2350/2403/2309 2356/2403/2315 2357/2405/2316
f 2333/2401/2292 2331/2400/2290 2348/2400/2307 2349/2401/2308
f 2320/2405/2279 2335/2403/2294 2351/2403/2310 2346/2405/2305
f 2317/2407/2276 2320/2405/2279 2346/2405/2305 2347/2407/2306
f 2337/2403/2296 2333/2401/2292 2349/2401/2308 2350/2403/2309
f 2357/2403/2316 2354/2416/2313 2353/2417/2312 2352/2405/2311
f 2356/2403/2315 2355/2416/2314 2354/2417/2313 2357/2405/2316
f 2346/2405/2305 2351/2403/2310 2357/2403/2316 2352/2405/2311
f 2350/2403/2309 2349/2401/2308 2355/2401/2314 2356/2403/2315
f 2347/2407/2306 2346/2405/2305 2352/2405/2311 2353/2407/2312
f 2348/2401/2307 2347/2400/2306 2353/2400/2312 2354/2401/2313
o Cube.010
v -0.520422 -3.704027 32.689259
v -0.514249 -3.471041 32.626423
v -0.527943 -3.708708 32.677818
v -0.503276 -3.710337 32.680565
v -0.428575 -3.502568 32.582993
v -0.510797 -3.715017 32.669128
v -0.544691 -3.575572 32.671482
v -0.567240 -3.589605 32.637188
v -0.515830 -3.608523 32.611126
v -0.493281 -3.594490 32.645420
v -0.497386 -3.742027 32.683998
v -0.500251 -3.743809 32.679642
v -0.491477 -3.739490 32.679073
v -0.494341 -3.741273 32.674717
v -0.611679 -3.723665 32.523502
v -0.551828 -3.494427 32.569275
v -0.617461 -3.721373 32.510433
v -0.580717 -3.482970 32.503971
v -0.594534 -3.729975 32.514809
v -0.466153 -3.525954 32.525841
v -0.600316 -3.727682 32.501740
v -0.495043 -3.514497 32.460541
v -0.608728 -3.597215 32.560875
v -0.626062 -3.590340 32.521690
v -0.574652 -3.609258 32.495628
v -0.557318 -3.616133 32.534813
v -0.595165 -3.760764 32.504723
v -0.597366 -3.759891 32.499748
v -0.588033 -3.758010 32.502052
v -0.590234 -3.757137 32.497078
v -0.410131 -3.419614 32.564850
v -0.495557 -3.417589 32.611168
v -0.533290 -3.422559 32.552216
v -0.562019 -3.430160 32.488781
v -0.476594 -3.432186 32.442463
v -0.447865 -3.424585 32.505898
v -0.412187 -3.336446 32.557423
v -0.497612 -3.334420 32.603741
v -0.535346 -3.339391 32.544788
v -0.564074 -3.346991 32.481350
v -0.478649 -3.349017 32.435032
v -0.449920 -3.341416 32.498470
vn -0.2223 -0.0629 0.9730
vn -0.2546 0.3790 0.8897
vn -0.8816 -0.4710 -0.0313
vn 0.9360 0.1760 0.3050
vn 0.9292 -0.2536 0.2688
vn 0.1191 -0.3297 -0.9366
vn -0.3161 0.2800 0.9065
vn -0.9849 -0.1355 -0.1080
vn 0.1095 -0.6230 -0.7745
vn 0.8960 -0.1317 0.4241
vn 0.1695 -0.5743 0.8009
vn -0.3873 -0.9208 -0.0459
vn 0.9719 -0.1961 0.1303
vn 0.4055 -0.5486 -0.7312
vn -0.4207 -0.3902 0.8190
vn -0.8728 0.1687 0.4580
vn -0.9266 -0.1867 -0.3265
vn -0.9112 0.2590 -0.3202
vn 0.8717 -0.1968 0.4488
vn 0.7186 -0.6122 -0.3298
vn 0.2443 0.0542 -0.9682
vn 0.3046 -0.3667 -0.8791
vn -0.4369 -0.0377 0.8987
vn -0.9513 0.1656 -0.2602
vn 0.1504 -0.2673 -0.9518
vn 0.7546 -0.5063 0.4173
vn -0.0994 -0.8691 0.4845
vn -0.5272 -0.6994 -0.4826
vn 0.8754 -0.4643 0.1345
vn 0.4403 -0.2917 -0.8492
vn 0.9726 -0.0503 0.2270
vn -0.1878 0.1892 0.9638
vn -0.8705 0.1911 0.4536
vn -0.9214 0.0559 -0.3845
vn 0.3491 -0.1659 -0.9223
vn 0.8758 -0.1421 -0.4613
vn 0.7817 0.6040 0.1554
vn -0.2164 0.6386 0.7385
vn -0.6493 0.7071 0.2799
vn -0.7879 0.5307 -0.3124
vn 0.2467 0.5028 -0.8285
vn 0.5856 0.7101 -0.3909
vt 0.500000 0.000000
vt 0.625000 0.000000
vt 0.625000 0.250000
vt 0.500000 0.250000
vt 0.625000 0.500000
vt 0.500000 0.500000
vt 0.625000 0.750000
vt 0.500000 0.750000
vt 0.625000 1.000000
vt 0.500000 1.000000
vt 0.375000 0.750000
vt 0.375000 1.000000
vt 0.375000 0.500000
vt 0.375000 0.250000
vt 0.375000 0.000000
vt 0.125000 0.500000
vt 0.125000 0.750000
vt 0.875000 0.500000
vt 0.875000 0.750000
s 1
usemtl Leggies
f 2364/2418/2323 2359/2419/2318 2373/2420/2332 2365/2421/2324
f 2365/2421/2324 2373/2420/2332 2377/2422/2336 2366/2423/2325
f 2366/2423/2325 2377/2422/2336 2362/2424/2321 2367/2425/2326
f 2367/2425/2326 2362/2424/2321 2359/2426/2318 2364/2427/2323
f 2361/2428/2320 2358/2429/2317 2368/2429/2327 2370/2428/2329
f 2373/2420/2332 2359/2419/2318 2389/2419/2348 2390/2420/2349
f 2361/2428/2320 2367/2425/2326 2364/2427/2323 2358/2429/2317
f 2363/2430/2322 2366/2423/2325 2367/2425/2326 2361/2428/2320
f 2360/2431/2319 2365/2421/2324 2366/2423/2325 2363/2430/2322
f 2358/2432/2317 2364/2418/2323 2365/2421/2324 2360/2431/2319
f 2369/2433/2328 2371/2430/2330 2370/2428/2329 2368/2434/2327
f 2360/2431/2319 2363/2430/2322 2371/2430/2330 2369/2431/2328
f 2358/2432/2317 2360/2431/2319 2369/2431/2328 2368/2432/2327
f 2363/2430/2322 2361/2428/2320 2370/2428/2329 2371/2430/2330
f 2380/2418/2339 2373/2419/2332 2375/2420/2334 2381/2421/2340
f 2381/2421/2340 2375/2420/2334 2379/2422/2338 2382/2423/2341
f 2382/2423/2341 2379/2422/2338 2377/2424/2336 2383/2425/2342
f 2383/2425/2342 2377/2424/2336 2373/2426/2332 2380/2427/2339
f 2376/2428/2335 2372/2429/2331 2384/2429/2343 2386/2428/2345
f 2377/2424/2336 2379/2422/2338 2392/2422/2351 2393/2424/2352
f 2376/2428/2335 2383/2425/2342 2380/2427/2339 2372/2429/2331
f 2378/2430/2337 2382/2423/2341 2383/2425/2342 2376/2428/2335
f 2374/2431/2333 2381/2421/2340 2382/2423/2341 2378/2430/2337
f 2372/2432/2331 2380/2418/2339 2381/2421/2340 2374/2431/2333
f 2385/2433/2344 2387/2430/2346 2386/2428/2345 2384/2434/2343
f 2374/2431/2333 2378/2430/2337 2387/2430/2346 2385/2431/2344
f 2372/2432/2331 2374/2431/2333 2385/2431/2344 2384/2432/2343
f 2378/2430/2337 2376/2428/2335 2386/2428/2345 2387/2430/2346
f 2391/2420/2350 2390/2419/2349 2396/2419/2355 2397/2420/2356
f 2393/2424/2352 2392/2422/2351 2398/2422/2357 2399/2424/2358
f 2375/2420/2334 2373/2419/2332 2390/2419/2349 2391/2420/2350
f 2362/2424/2321 2377/2422/2336 2393/2422/2352 2388/2424/2347
f 2359/2426/2318 2362/2424/2321 2388/2424/2347 2389/2426/2348
f 2379/2422/2338 2375/2420/2334 2391/2420/2350 2392/2422/2351
f 2399/2422/2358 2396/2435/2355 2395/2436/2354 2394/2424/2353
f 2398/2422/2357 2397/2435/2356 2396/2436/2355 2399/2424/2358
f 2388/2424/2347 2393/2422/2352 2399/2422/2358 2394/2424/2353
f 2392/2422/2351 2391/2420/2350 2397/2420/2356 2398/2422/2357
f 2389/2426/2348 2388/2424/2347 2394/2424/2353 2395/2426/2354
f 2390/2420/2349 2389/2419/2348 2395/2419/2354 2396/2420/2355
o Cube.015
v 1.623221 -3.555549 32.054333
v 1.571968 -3.322563 32.091202
v 1.619600 -3.560230 32.067535
v 1.605369 -3.561859 32.047203
v 1.482769 -3.354090 32.055569
v 1.601749 -3.566539 32.060406
v 1.625904 -3.427094 32.084297
v 1.615051 -3.441127 32.123878
v 1.561526 -3.460045 32.102497
v 1.572379 -3.446012 32.062916
v 1.604054 -3.593549 32.040512
v 1.602676 -3.595331 32.045544
v 1.596454 -3.591012 32.039330
v 1.595076 -3.592795 32.044357
v 1.559052 -3.575187 32.232338
v 1.553883 -3.345949 32.157166
v 1.553058 -3.572895 32.245312
v 1.523937 -3.334492 32.221992
v 1.541201 -3.581496 32.225204
v 1.464683 -3.377476 32.121532
v 1.535207 -3.579204 32.238178
v 1.434738 -3.366019 32.186356
v 1.585162 -3.448737 32.205433
v 1.567193 -3.441862 32.244331
v 1.513667 -3.460780 32.222950
v 1.531637 -3.467655 32.184052
v 1.534045 -3.612286 32.232342
v 1.531763 -3.611413 32.237282
v 1.527329 -3.609532 32.228752
v 1.525047 -3.608659 32.233692
v 1.456964 -3.271136 32.053703
v 1.548166 -3.269111 32.087246
v 1.528831 -3.274081 32.154514
v 1.500179 -3.281682 32.217987
v 1.408978 -3.283708 32.184444
v 1.437629 -3.276107 32.120975
v 1.452745 -3.187968 32.060154
v 1.543947 -3.185942 32.093697
v 1.524612 -3.190912 32.160965
v 1.495960 -3.198513 32.224438
v 1.404758 -3.200539 32.190895
v 1.433410 -3.192938 32.127422
vn 0.8773 -0.0629 -0.4758
vn 0.8362 0.3790 -0.3965
vn 0.5588 -0.4710 0.6826
vn -0.3893 0.1760 -0.9042
vn -0.4120 -0.2536 -0.8752
vn -0.7818 -0.3297 0.5292
vn 0.8893 0.2800 -0.3614
vn 0.5695 -0.1355 0.8107
vn -0.6538 -0.6230 0.4294
vn -0.2734 -0.1317 -0.9528
vn 0.4893 -0.5743 -0.6563
vn 0.2213 -0.9208 0.3211
vn -0.5442 -0.1961 -0.8157
vn -0.8168 -0.5486 0.1785
vn 0.8928 -0.3902 -0.2252
vn 0.9204 0.1687 0.3528
vn 0.3669 -0.1867 0.9113
vn 0.3615 0.2590 0.8957
vn -0.2388 -0.1968 -0.9509
vn -0.7223 -0.6122 -0.3217
vn -0.8883 0.0542 0.4561
vn -0.8612 -0.3667 0.3520
vn 0.9634 -0.0377 -0.2656
vn 0.4330 0.1656 0.8861
vn -0.8140 -0.2673 0.5157
vn -0.1851 -0.5063 -0.8422
vn 0.4294 -0.8691 -0.2454
vn -0.0141 -0.6994 0.7145
vn -0.4772 -0.4643 -0.7461
vn -0.9284 -0.2917 0.2304
vn -0.4720 -0.0503 -0.8802
vn 0.8477 0.1892 -0.4956
vn 0.9155 0.1911 0.3539
vn 0.3200 0.0559 0.9458
vn -0.9230 -0.1659 0.3471
vn -0.9249 -0.1421 -0.3528
vn -0.3996 0.6040 -0.6895
vn 0.6974 0.6386 -0.3253
vn 0.6391 0.7071 0.3026
vn 0.2858 0.5307 0.7979
vn -0.7850 0.5028 0.3620
vn -0.6803 0.7101 -0.1814
vt 0.500000 0.000000
vt 0.625000 0.000000
vt 0.625000 0.250000
vt 0.500000 0.250000
vt 0.625000 0.500000
vt 0.500000 0.500000
vt 0.625000 0.750000
vt 0.500000 0.750000
vt 0.625000 1.000000
vt 0.500000 1.000000
vt 0.375000 0.750000
vt 0.375000 1.000000
vt 0.375000 0.500000
vt 0.375000 0.250000
vt 0.375000 0.000000
vt 0.125000 0.500000
vt 0.125000 0.750000
vt 0.875000 0.500000
vt 0.875000 0.750000
s 1
usemtl Leggies
f 2406/2437/2365 2401/2438/2360 2415/2439/2374 2407/2440/2366
f 2407/2440/2366 2415/2439/2374 2419/2441/2378 2408/2442/2367
f 2408/2442/2367 2419/2441/2378 2404/2443/2363 2409/2444/2368
f 2409/2444/2368 2404/2443/2363 2401/2445/2360 2406/2446/2365
f 2403/2447/2362 2400/2448/2359 2410/2448/2369 2412/2447/2371
f 2415/2439/2374 2401/2438/2360 2431/2438/2390 2432/2439/2391
f 2403/2447/2362 2409/2444/2368 2406/2446/2365 2400/2448/2359
f 2405/2449/2364 2408/2442/2367 2409/2444/2368 2403/2447/2362
f 2402/2450/2361 2407/2440/2366 2408/2442/2367 2405/2449/2364
f 2400/2451/2359 2406/2437/2365 2407/2440/2366 2402/2450/2361
f 2411/2452/2370 2413/2449/2372 2412/2447/2371 2410/2453/2369
f 2402/2450/2361 2405/2449/2364 2413/2449/2372 2411/2450/2370
f 2400/2451/2359 2402/2450/2361 2411/2450/2370 2410/2451/2369
f 2405/2449/2364 2403/2447/2362 2412/2447/2371 2413/2449/2372
f 2422/2437/2381 2415/2438/2374 2417/2439/2376 2423/2440/2382
f 2423/2440/2382 2417/2439/2376 2421/2441/2380 2424/2442/2383
f 2424/2442/2383 2421/2441/2380 2419/2443/2378 2425/2444/2384
f 2425/2444/2384 2419/2443/2378 2415/2445/2374 2422/2446/2381
f 2418/2447/2377 2414/2448/2373 2426/2448/2385 2428/2447/2387
f 2419/2443/2378 2421/2441/2380 2434/2441/2393 2435/2443/2394
f 2418/2447/2377 2425/2444/2384 2422/2446/2381 2414/2448/2373
f 2420/2449/2379 2424/2442/2383 2425/2444/2384 2418/2447/2377
f 2416/2450/2375 2423/2440/2382 2424/2442/2383 2420/2449/2379
f 2414/2451/2373 2422/2437/2381 2423/2440/2382 2416/2450/2375
f 2427/2452/2386 2429/2449/2388 2428/2447/2387 2426/2453/2385
f 2416/2450/2375 2420/2449/2379 2429/2449/2388 2427/2450/2386
f 2414/2451/2373 2416/2450/2375 2427/2450/2386 2426/2451/2385
f 2420/2449/2379 2418/2447/2377 2428/2447/2387 2429/2449/2388
f 2433/2439/2392 2432/2438/2391 2438/2438/2397 2439/2439/2398
f 2435/2443/2394 2434/2441/2393 2440/2441/2399 2441/2443/2400
f 2417/2439/2376 2415/2438/2374 2432/2438/2391 2433/2439/2392
f 2404/2443/2363 2419/2441/2378 2435/2441/2394 2430/2443/2389
f 2401/2445/2360 2404/2443/2363 2430/2443/2389 2431/2445/2390
f 2421/2441/2380 2417/2439/2376 2433/2439/2392 2434/2441/2393
f 2441/2441/2400 2438/2454/2397 2437/2455/2396 2436/2443/2395
f 2440/2441/2399 2439/2454/2398 2438/2455/2397 2441/2443/2400
f 2430/2443/2389 2435/2441/2394 2441/2441/2400 2436/2443/2395
f 2434/2441/2393 2433/2439/2392 2439/2439/2398 2440/2441/2399
f 2431/2445/2390 2430/2443/2389 2436/2443/2395 2437/2445/2396
f 2432/2439/2391 2431/2438/2390 2437/2438/2396 2438/2439/2397
o Cube.016
v 1.466905 -3.555549 32.346607
v 1.406550 -3.322563 32.328072
v 1.454199 -3.560230 32.351704
v 1.461794 -3.561859 32.328075
v 1.381011 -3.354090 32.235474
v 1.449088 -3.566539 32.333176
v 1.444658 -3.427094 32.366859
v 1.406568 -3.441127 32.382145
v 1.391242 -3.460045 32.326580
v 1.429333 -3.446012 32.311295
v 1.466326 -3.593549 32.322987
v 1.461487 -3.595331 32.324928
v 1.462675 -3.591012 32.316216
v 1.457836 -3.592795 32.318157
v 1.286319 -3.575187 32.403103
v 1.343073 -3.345949 32.353542
v 1.272361 -3.572895 32.406174
v 1.273332 -3.334492 32.368877
v 1.281208 -3.581496 32.384575
v 1.317533 -3.377476 32.260944
v 1.267250 -3.579204 32.387642
v 1.247793 -3.366019 32.276283
v 1.323534 -3.448737 32.407639
v 1.281686 -3.441862 32.416840
v 1.266361 -3.460780 32.361279
v 1.308209 -3.467655 32.352074
v 1.271198 -3.612286 32.383186
v 1.265884 -3.611413 32.384354
v 1.269997 -3.609532 32.375668
v 1.264683 -3.608659 32.376835
v 1.366895 -3.271136 32.213791
v 1.395313 -3.269111 32.306721
v 1.330039 -3.274081 32.331985
v 1.262158 -3.281682 32.347534
v 1.233740 -3.283708 32.254608
v 1.301622 -3.276107 32.239059
v 1.359207 -3.187968 32.214333
v 1.387624 -3.185942 32.307259
v 1.322351 -3.190912 32.332523
v 1.254469 -3.198513 32.348072
v 1.226052 -3.200539 32.255146
v 1.293933 -3.192938 32.239597
vn 0.9094 -0.0629 0.4112
vn 0.8213 0.3790 0.4264
vn -0.2059 -0.4710 0.8578
vn 0.4849 0.1760 -0.8567
vn 0.4481 -0.2536 -0.8573
vn -0.8942 -0.3297 -0.3028
vn 0.8256 0.2800 0.4899
vn -0.3015 -0.1355 0.9438
vn -0.7373 -0.6230 -0.2612
vn 0.5937 -0.1317 -0.7938
vn 0.8186 -0.5743 -0.0070
vn -0.1220 -0.9208 0.3704
vn 0.3208 -0.1961 -0.9266
vn -0.6360 -0.5486 -0.5427
vn 0.7191 -0.3902 0.5750
vn 0.2754 0.1687 0.9464
vn -0.5042 -0.1867 0.8432
vn -0.4949 0.2590 0.8294
vn 0.6131 -0.1968 -0.7651
vn -0.1804 -0.6122 -0.7699
vn -0.9003 0.0542 -0.4318
vn -0.8010 -0.3667 -0.4732
vn 0.7939 -0.0377 0.6068
vn -0.4440 0.1656 0.8806
vn -0.9029 -0.2673 -0.3366
vn 0.5590 -0.5063 -0.6567
vn 0.4551 -0.8691 0.1937
vn -0.5777 -0.6994 0.4207
vn 0.3058 -0.4643 -0.8312
vn -0.7448 -0.2917 -0.6002
vn 0.4158 -0.0503 -0.9081
vn 0.9073 0.1892 0.3756
vn 0.2715 0.1911 0.9433
vn -0.5599 0.0559 0.8266
vn -0.8345 -0.1659 -0.5254
vn -0.2781 -0.1421 -0.9500
vn 0.3077 0.6040 -0.7352
vn 0.6808 0.6386 0.3589
vn 0.1453 0.7071 0.6920
vn -0.4628 0.5307 0.7100
vn -0.7629 0.5028 -0.4064
vn -0.2667 0.7101 -0.6516
vt 0.500000 0.000000
vt 0.625000 0.000000
vt 0.625000 0.250000
vt 0.500000 0.250000
vt 0.625000 0.500000
vt 0.500000 0.500000
vt 0.625000 0.750000
vt 0.500000 0.750000
vt 0.625000 1.000000
vt 0.500000 1.000000
vt 0.375000 0.750000
vt 0.375000 1.000000
vt 0.375000 0.500000
vt 0.375000 0.250000
vt 0.375000 0.000000
vt 0.125000 0.500000
vt 0.125000 0.750000
vt 0.875000 0.500000
vt 0.875000 0.750000
s 1
usemtl Leggies
f 2448/2456/2407 2443/2457/2402 2457/2458/2416 2449/2459/2408
f 2449/2459/2408 2457/2458/2416 2461/2460/2420 2450/2461/2409
f 2450/2461/2409 2461/2460/2420 2446/2462/2405 2451/2463/2410
f 2451/2463/2410 2446/2462/2405 2443/2464/2402 2448/2465/2407
f 2445/2466/2404 2442/2467/2401 2452/2467/2411 2454/2466/2413
f 2457/2458/2416 2443/2457/2402 2473/2457/2432 2474/2458/2433
f 2445/2466/2404 2451/2463/2410 2448/2465/2407 2442/2467/2401
f 2447/2468/2406 2450/2461/2409 2451/2463/2410 2445/2466/2404
f 2444/2469/2403 2449/2459/2408 2450/2461/2409 2447/2468/2406
f 2442/2470/2401 2448/2456/2407 2449/2459/2408 2444/2469/2403
f 2453/2471/2412 2455/2468/2414 2454/2466/2413 2452/2472/2411
f 2444/2469/2403 2447/2468/2406 2455/2468/2414 2453/2469/2412
f 2442/2470/2401 2444/2469/2403 2453/2469/2412 2452/2470/2411
f 2447/2468/2406 2445/2466/2404 2454/2466/2413 2455/2468/2414
f 2464/2456/2423 2457/2457/2416 2459/2458/2418 2465/2459/2424
f 2465/2459/2424 2459/2458/2418 2463/2460/2422 2466/2461/2425
f 2466/2461/2425 2463/2460/2422 2461/2462/2420 2467/2463/2426
f 2467/2463/2426 2461/2462/2420 2457/2464/2416 2464/2465/2423
f 2460/2466/2419 2456/2467/2415 2468/2467/2427 2470/2466/2429
f 2461/2462/2420 2463/2460/2422 2476/2460/2435 2477/2462/2436
f 2460/2466/2419 2467/2463/2426 2464/2465/2423 2456/2467/2415
f 2462/2468/2421 2466/2461/2425 2467/2463/2426 2460/2466/2419
f 2458/2469/2417 2465/2459/2424 2466/2461/2425 2462/2468/2421
f 2456/2470/2415 2464/2456/2423 2465/2459/2424 2458/2469/2417
f 2469/2471/2428 2471/2468/2430 2470/2466/2429 2468/2472/2427
f 2458/2469/2417 2462/2468/2421 2471/2468/2430 2469/2469/2428
f 2456/2470/2415 2458/2469/2417 2469/2469/2428 2468/2470/2427
f 2462/2468/2421 2460/2466/2419 2470/2466/2429 2471/2468/2430
f 2475/2458/2434 2474/2457/2433 2480/2457/2439 2481/2458/2440
f 2477/2462/2436 2476/2460/2435 2482/2460/2441 2483/2462/2442
f 2459/2458/2418 2457/2457/2416 2474/2457/2433 2475/2458/2434
f 2446/2462/2405 2461/2460/2420 2477/2460/2436 2472/2462/2431
f 2443/2464/2402 2446/2462/2405 2472/2462/2431 2473/2464/2432
f 2463/2460/2422 2459/2458/2418 2475/2458/2434 2476/2460/2435
f 2483/2460/2442 2480/2473/2439 2479/2474/2438 2478/2462/2437
f 2482/2460/2441 2481/2473/2440 2480/2474/2439 2483/2462/2442
f 2472/2462/2431 2477/2460/2436 2483/2460/2442 2478/2462/2437
f 2476/2460/2435 2475/2458/2434 2481/2458/2440 2482/2460/2441
f 2473/2464/2432 2472/2462/2431 2478/2462/2437 2479/2464/2438
f 2474/2458/2433 2473/2457/2432 2479/2457/2438 2480/2458/2439
o Cube.017
v -3.735217 -3.189778 28.524284
v -3.701411 -2.956792 28.470961
v -3.736781 -3.194458 28.510683
v -3.715994 -3.196087 28.524244
v -3.605357 -2.988318 28.470758
v -3.717558 -3.200767 28.510643
v -3.748881 -3.061322 28.497482
v -3.753572 -3.075355 28.456709
v -3.695934 -3.094273 28.456589
v -3.691242 -3.080240 28.497362
v -3.712279 -3.227777 28.529959
v -3.712875 -3.229559 28.524778
v -3.704786 -3.225240 28.528223
v -3.705382 -3.227023 28.523045
v -3.742059 -3.209415 28.335190
v -3.709230 -2.980177 28.403011
v -3.741337 -3.207123 28.320917
v -3.705620 -2.968720 28.331696
v -3.722837 -3.215725 28.335150
v -3.613176 -3.011704 28.402809
v -3.722114 -3.213432 28.320877
v -3.609566 -3.000247 28.331495
v -3.756253 -3.082965 28.369890
v -3.754086 -3.076090 28.327097
v -3.696448 -3.095008 28.326977
v -3.698615 -3.101883 28.369770
v -3.718858 -3.246514 28.325861
v -3.718583 -3.245641 28.320427
v -3.711288 -3.243760 28.326687
v -3.711012 -3.242887 28.321253
v -3.580720 -2.905365 28.462866
v -3.677851 -2.903339 28.465755
v -3.684997 -2.908310 28.396128
v -3.682083 -2.915910 28.326550
v -3.584952 -2.917936 28.323660
v -3.587866 -2.910335 28.393238
v -3.579210 -2.822196 28.455307
v -3.676342 -2.820170 28.458197
v -3.683488 -2.825141 28.388569
v -3.680573 -2.832741 28.318991
v -3.583442 -2.834767 28.316101
v -3.586356 -2.827167 28.385679
vn -0.6366 -0.0629 0.7686
vn -0.6280 0.3790 0.6797
vn -0.7731 -0.4710 -0.4249
vn 0.6984 0.1760 0.6938
vn 0.7087 -0.2536 0.6584
vn 0.5281 -0.3297 -0.7826
vn -0.6904 0.2800 0.6670
vn -0.8308 -0.1355 -0.5399
vn 0.4465 -0.6230 -0.6422
vn 0.6090 -0.1317 0.7821
vn -0.2093 -0.5743 0.7914
vn -0.3251 -0.9208 -0.2154
vn 0.8091 -0.1961 0.5539
vn 0.6913 -0.5486 -0.4702
vn -0.7444 -0.3902 0.5419
vn -0.9855 0.1687 0.0159
vn -0.6803 -0.1867 -0.7088
vn -0.6694 0.2590 -0.6963
vn 0.5762 -0.1968 0.7932
vn 0.7902 -0.6122 0.0291
vn 0.6541 0.0542 -0.7545
vn 0.6678 -0.3667 -0.6478
vn -0.7948 -0.0377 0.6057
vn -0.7322 0.1656 -0.6607
vn 0.5629 -0.2673 -0.7821
vn 0.4859 -0.5063 0.7124
vn -0.3069 -0.8691 0.3878
vn -0.2534 -0.6994 -0.6683
vn 0.7211 -0.4643 0.5143
vn 0.7755 -0.2917 -0.5600
vn 0.7662 -0.0503 0.6406
vn -0.6017 0.1892 0.7760
vn -0.9815 0.1911 0.0130
vn -0.6496 0.0559 -0.7582
vn 0.7270 -0.1659 -0.6663
vn 0.9897 -0.1421 -0.0176
vn 0.6280 0.6040 0.4908
vn -0.5258 0.6386 0.5619
vn -0.7058 0.7071 -0.0424
vn -0.5628 0.5307 -0.6337
vn 0.5933 0.5028 -0.6286
vn 0.6989 0.7101 -0.0854
vt 0.500000 0.000000
vt 0.625000 0.000000
vt 0.625000 0.250000
vt 0.500000 0.250000
vt 0.625000 0.500000
vt 0.500000 0.500000
vt 0.625000 0.750000
vt 0.500000 0.750000
vt 0.625000 1.000000
vt 0.500000 1.000000
vt 0.375000 0.750000
vt 0.375000 1.000000
vt 0.375000 0.500000
vt 0.375000 0.250000
vt 0.375000 0.000000
vt 0.125000 0.500000
vt 0.125000 0.750000
vt 0.875000 0.500000
vt 0.875000 0.750000
s 1
usemtl Leggies
f 2490/2475/2449 2485/2476/2444 2499/2477/2458 2491/2478/2450
f 2491/2478/2450 2499/2477/2458 2503/2479/2462 2492/2480/2451
f 2492/2480/2451 2503/2479/2462 2488/2481/2447 2493/2482/2452
f 2493/2482/2452 2488/2481/2447 2485/2483/2444 2490/2484/2449
f 2487/2485/2446 2484/2486/2443 2494/2486/2453 2496/2485/2455
f 2499/2477/2458 2485/2476/2444 2515/2476/2474 2516/2477/2475
f 2487/2485/2446 2493/2482/2452 2490/2484/2449 2484/2486/2443
f 2489/2487/2448 2492/2480/2451 2493/2482/2452 2487/2485/2446
f 2486/2488/2445 2491/2478/2450 2492/2480/2451 2489/2487/2448
f 2484/2489/2443 2490/2475/2449 2491/2478/2450 2486/2488/2445
f 2495/2490/2454 2497/2487/2456 2496/2485/2455 2494/2491/2453
f 2486/2488/2445 2489/2487/2448 2497/2487/2456 2495/2488/2454
f 2484/2489/2443 2486/2488/2445 2495/2488/2454 2494/2489/2453
f 2489/2487/2448 2487/2485/2446 2496/2485/2455 2497/2487/2456
f 2506/2475/2465 2499/2476/2458 2501/2477/2460 2507/2478/2466
f 2507/2478/2466 2501/2477/2460 2505/2479/2464 2508/2480/2467
f 2508/2480/2467 2505/2479/2464 2503/2481/2462 2509/2482/2468
f 2509/2482/2468 2503/2481/2462 2499/2483/2458 2506/2484/2465
f 2502/2485/2461 2498/2486/2457 2510/2486/2469 2512/2485/2471
f 2503/2481/2462 2505/2479/2464 2518/2479/2477 2519/2481/2478
f 2502/2485/2461 2509/2482/2468 2506/2484/2465 2498/2486/2457
f 2504/2487/2463 2508/2480/2467 2509/2482/2468 2502/2485/2461
f 2500/2488/2459 2507/2478/2466 2508/2480/2467 2504/2487/2463
f 2498/2489/2457 2506/2475/2465 2507/2478/2466 2500/2488/2459
f 2511/2490/2470 2513/2487/2472 2512/2485/2471 2510/2491/2469
f 2500/2488/2459 2504/2487/2463 2513/2487/2472 2511/2488/2470
f 2498/2489/2457 2500/2488/2459 2511/2488/2470 2510/2489/2469
f 2504/2487/2463 2502/2485/2461 2512/2485/2471 2513/2487/2472
f 2517/2477/2476 2516/2476/2475 2522/2476/2481 2523/2477/2482
f 2519/2481/2478 2518/2479/2477 2524/2479/2483 2525/2481/2484
f 2501/2477/2460 2499/2476/2458 2516/2476/2475 2517/2477/2476
f 2488/2481/2447 2503/2479/2462 2519/2479/2478 2514/2481/2473
f 2485/2483/2444 2488/2481/2447 2514/2481/2473 2515/2483/2474
f 2505/2479/2464 2501/2477/2460 2517/2477/2476 2518/2479/2477
f 2525/2479/2484 2522/2492/2481 2521/2493/2480 2520/2481/2479
f 2524/2479/2483 2523/2492/2482 2522/2493/2481 2525/2481/2484
f 2514/2481/2473 2519/2479/2478 2525/2479/2484 2520/2481/2479
f 2518/2479/2477 2517/2477/2476 2523/2477/2482 2524/2479/2483
f 2515/2483/2474 2514/2481/2473 2520/2481/2479 2521/2483/2480
f 2516/2477/2475 2515/2476/2474 2521/2476/2480 2522/2477/2481
o Cube.018
v -3.595711 -3.216948 28.179554
v -3.561629 -2.978102 28.187271
v -3.581773 -3.220717 28.180473
v -3.598025 -3.220681 28.199303
v -3.573190 -2.996754 28.285957
v -3.584087 -3.224450 28.200224
v -3.574904 -3.089666 28.151766
v -3.533118 -3.100967 28.154526
v -3.540055 -3.112160 28.213743
v -3.581841 -3.100858 28.210983
v -3.602320 -3.251967 28.206614
v -3.597012 -3.253402 28.206964
v -3.601820 -3.248350 28.213844
v -3.596512 -3.249785 28.214193
v -3.406732 -3.222504 28.200642
v -3.491992 -2.996936 28.191870
v -3.392867 -3.219031 28.202921
v -3.422716 -2.979581 28.203264
v -3.409046 -3.226237 28.220390
v -3.503554 -3.015589 28.290554
v -3.395181 -3.222764 28.222672
v -3.434278 -2.998234 28.301949
v -3.446501 -3.102068 28.164463
v -3.404932 -3.091655 28.171301
v -3.411869 -3.102847 28.230518
v -3.453438 -3.113261 28.223680
v -3.398606 -3.255429 28.229824
v -3.393327 -3.254106 28.230692
v -3.400660 -3.251786 28.236759
v -3.395381 -3.250463 28.237627
v -3.573803 -2.910940 28.299601
v -3.562997 -2.921797 28.203619
v -3.492889 -2.922211 28.206530
v -3.424101 -2.923919 28.219671
v -3.434907 -2.913062 28.315651
v -3.503695 -2.911353 28.302509
v -3.571479 -2.827947 28.290474
v -3.560673 -2.838804 28.194494
v -3.490565 -2.839218 28.197403
v -3.421777 -2.840926 28.210545
v -3.432584 -2.830069 28.306526
v -3.501372 -2.828361 28.293383
vn -0.6655 -0.2049 -0.7178
vn -0.6050 0.2399 -0.7592
vn 0.5575 -0.5329 -0.6365
vn -0.7950 0.2107 0.5688
vn -0.7361 -0.2098 0.6435
vn 0.7179 -0.1962 0.6679
vn -0.5777 0.1350 -0.8050
vn 0.6594 -0.1999 -0.7248
vn 0.6082 -0.5077 0.6102
vn -0.8514 -0.1119 0.5124
vn -0.7183 -0.6566 -0.2301
vn 0.3135 -0.9357 -0.1620
vn -0.6505 -0.1318 0.7479
vn 0.3991 -0.4157 0.8173
vn -0.4067 -0.5248 -0.7478
vn 0.1141 0.0373 -0.9928
vn 0.8079 -0.2178 -0.5475
vn 0.7676 0.2232 -0.6008
vn -0.8539 -0.1814 0.4878
vn -0.1046 -0.5046 0.8570
vn 0.6495 0.1975 0.7343
vn 0.5670 -0.2251 0.7923
vn -0.4835 -0.1879 -0.8550
vn 0.7469 0.1199 -0.6541
vn 0.7088 -0.1300 0.6934
vn -0.7429 -0.4928 0.4531
vn -0.2882 -0.9292 -0.2312
vn 0.7377 -0.6722 -0.0625
vn -0.5830 -0.4052 0.7042
vn 0.4606 -0.1437 0.8759
vn -0.7388 -0.0000 0.6740
vn -0.6926 0.0482 -0.7197
vn 0.1151 0.0603 -0.9915
vn 0.8381 0.0299 -0.5448
vn 0.5651 -0.0175 0.8249
vn -0.1147 -0.0103 0.9934
vn -0.6098 0.6404 0.4669
vn -0.5185 0.5190 -0.6796
vn 0.1002 0.6105 -0.7857
vn 0.6746 0.5008 -0.5423
vn 0.5071 0.6232 0.5954
vn -0.0569 0.7995 0.5980
vt 0.500000 0.000000
vt 0.625000 0.000000
vt 0.625000 0.250000
vt 0.500000 0.250000
vt 0.625000 0.500000
vt 0.500000 0.500000
vt 0.625000 0.750000
vt 0.500000 0.750000
vt 0.625000 1.000000
vt 0.500000 1.000000
vt 0.375000 0.750000
vt 0.375000 1.000000
vt 0.375000 0.500000
vt 0.375000 0.250000
vt 0.375000 0.000000
vt 0.125000 0.500000
vt 0.125000 0.750000
vt 0.875000 0.500000
vt 0.875000 0.750000
s 1
usemtl Leggies
f 2532/2494/2491 2527/2495/2486 2541/2496/2500 2533/2497/2492
f 2533/2497/2492 2541/2496/2500 2545/2498/2504 2534/2499/2493
f 2534/2499/2493 2545/2498/2504 2530/2500/2489 2535/2501/2494
f 2535/2501/2494 2530/2500/2489 2527/2502/2486 2532/2503/2491
f 2529/2504/2488 2526/2505/2485 2536/2505/2495 2538/2504/2497
f 2541/2496/2500 2527/2495/2486 2557/2495/2516 2558/2496/2517
f 2529/2504/2488 2535/2501/2494 2532/2503/2491 2526/2505/2485
f 2531/2506/2490 2534/2499/2493 2535/2501/2494 2529/2504/2488
f 2528/2507/2487 2533/2497/2492 2534/2499/2493 2531/2506/2490
f 2526/2508/2485 2532/2494/2491 2533/2497/2492 2528/2507/2487
f 2537/2509/2496 2539/2506/2498 2538/2504/2497 2536/2510/2495
f 2528/2507/2487 2531/2506/2490 2539/2506/2498 2537/2507/2496
f 2526/2508/2485 2528/2507/2487 2537/2507/2496 2536/2508/2495
f 2531/2506/2490 2529/2504/2488 2538/2504/2497 2539/2506/2498
f 2548/2494/2507 2541/2495/2500 2543/2496/2502 2549/2497/2508
f 2549/2497/2508 2543/2496/2502 2547/2498/2506 2550/2499/2509
f 2550/2499/2509 2547/2498/2506 2545/2500/2504 2551/2501/2510
f 2551/2501/2510 2545/2500/2504 2541/2502/2500 2548/2503/2507
f 2544/2504/2503 2540/2505/2499 2552/2505/2511 2554/2504/2513
f 2545/2500/2504 2547/2498/2506 2560/2498/2519 2561/2500/2520
f 2544/2504/2503 2551/2501/2510 2548/2503/2507 2540/2505/2499
f 2546/2506/2505 2550/2499/2509 2551/2501/2510 2544/2504/2503
f 2542/2507/2501 2549/2497/2508 2550/2499/2509 2546/2506/2505
f 2540/2508/2499 2548/2494/2507 2549/2497/2508 2542/2507/2501
f 2553/2509/2512 2555/2506/2514 2554/2504/2513 2552/2510/2511
f 2542/2507/2501 2546/2506/2505 2555/2506/2514 2553/2507/2512
f 2540/2508/2499 2542/2507/2501 2553/2507/2512 2552/2508/2511
f 2546/2506/2505 2544/2504/2503 2554/2504/2513 2555/2506/2514
f 2559/2496/2518 2558/2495/2517 2564/2495/2523 2565/2496/2524
f 2561/2500/2520 2560/2498/2519 2566/2498/2525 2567/2500/2526
f 2543/2496/2502 2541/2495/2500 2558/2495/2517 2559/2496/2518
f 2530/2500/2489 2545/2498/2504 2561/2498/2520 2556/2500/2515
f 2527/2502/2486 2530/2500/2489 2556/2500/2515 2557/2502/2516
f 2547/2498/2506 2543/2496/2502 2559/2496/2518 2560/2498/2519
f 2567/2498/2526 2564/2511/2523 2563/2512/2522 2562/2500/2521
f 2566/2498/2525 2565/2511/2524 2564/2512/2523 2567/2500/2526
f 2556/2500/2515 2561/2498/2520 2567/2498/2526 2562/2500/2521
f 2560/2498/2519 2559/2496/2518 2565/2496/2524 2566/2498/2525
f 2557/2502/2516 2556/2500/2515 2562/2500/2521 2563/2502/2522
f 2558/2496/2517 2557/2495/2516 2563/2495/2522 2564/2496/2523
o Cube.019
v -2.058903 -3.550884 27.838331
v -2.024260 -3.312038 27.833738
v -2.045511 -3.554653 27.834356
v -2.054217 -3.554617 27.857656
v -2.000846 -3.330690 27.930300
v -2.040825 -3.558386 27.853680
v -2.049035 -3.423601 27.805048
v -2.008889 -3.434903 27.793131
v -1.994839 -3.446096 27.851074
v -2.034985 -3.434794 27.862991
v -2.055707 -3.585902 27.866003
v -2.050607 -3.587338 27.864489
v -2.052728 -3.582286 27.872610
v -2.047628 -3.583721 27.871096
v -1.874355 -3.556440 27.792507
v -1.957358 -3.330872 27.813877
v -1.860560 -3.552967 27.789833
v -1.888435 -3.313517 27.800514
v -1.869669 -3.560173 27.811831
v -1.933944 -3.349524 27.910439
v -1.855874 -3.556700 27.809156
v -1.865020 -3.332169 27.897078
v -1.924209 -3.436004 27.772383
v -1.882851 -3.425590 27.764366
v -1.868801 -3.436783 27.822309
v -1.910159 -3.447197 27.830326
v -1.856604 -3.589364 27.817053
v -1.851352 -3.588042 27.816036
v -1.856122 -3.585722 27.824270
v -1.850871 -3.584399 27.823252
v -1.996685 -3.244875 27.943308
v -2.019868 -3.255733 27.849545
v -1.953110 -3.256146 27.827936
v -1.884038 -3.257855 27.816383
v -1.860854 -3.246997 27.910147
v -1.929927 -3.245289 27.921700
v -1.997673 -3.161883 27.933943
v -2.020857 -3.172740 27.840179
v -1.954099 -3.173154 27.818571
v -1.885027 -3.174862 27.807016
v -1.861843 -3.164005 27.900780
v -1.930915 -3.162297 27.912334
vn -0.8732 -0.2049 -0.4421
vn -0.8309 0.2399 -0.5020
vn 0.3019 -0.5329 -0.7905
vn -0.5481 0.2107 0.8094
vn -0.4669 -0.2098 0.8590
vn 0.9051 -0.1962 0.3772
vn -0.8213 0.1350 -0.5544
vn 0.3668 -0.1999 -0.9086
vn 0.7822 -0.5077 0.3612
vn -0.6206 -0.1119 0.7761
vn -0.7535 -0.6566 0.0336
vn 0.2378 -0.9357 -0.2607
vn -0.3504 -0.1318 0.9273
vn 0.6580 -0.4157 0.6279
vn -0.6410 -0.5248 -0.5601
vn -0.2376 0.0373 -0.9706
vn 0.5676 -0.2178 -0.7940
vn 0.5113 0.2232 -0.8299
vn -0.6315 -0.1814 0.7539
vn 0.1994 -0.5046 0.8400
vn 0.8640 0.1975 0.4632
vn 0.8068 -0.2251 0.5462
vn -0.7502 -0.1879 -0.6340
vn 0.4734 0.1199 -0.8726
vn 0.9054 -0.1300 0.4042
vn -0.5394 -0.4928 0.6828
vn -0.3505 -0.9292 -0.1168
vn 0.6702 -0.6722 -0.3147
vn -0.3023 -0.4052 0.8628
vn 0.7360 -0.1437 0.6616
vn -0.4589 -0.0000 0.8885
vn -0.8994 0.0482 -0.4345
vn -0.2363 0.0603 -0.9698
vn 0.5968 0.0299 -0.8018
vn 0.8163 -0.0175 0.5774
vn 0.2373 -0.0103 0.9714
vn -0.4098 0.6404 0.6495
vn -0.7222 0.5190 -0.4573
vn -0.1788 0.6105 -0.7716
vn 0.4444 0.5008 -0.7428
vn 0.6823 0.6232 0.3823
vn 0.1542 0.7995 0.5806
vt 0.500000 0.000000
vt 0.625000 0.000000
vt 0.625000 0.250000
vt 0.500000 0.250000
vt 0.625000 0.500000
vt 0.500000 0.500000
vt 0.625000 0.750000
vt 0.500000 0.750000
vt 0.625000 1.000000
vt 0.500000 1.000000
vt 0.375000 0.750000
vt 0.375000 1.000000
vt 0.375000 0.500000
vt 0.375000 0.250000
vt 0.375000 0.000000
vt 0.125000 0.500000
vt 0.125000 0.750000
vt 0.875000 0.500000
vt 0.875000 0.750000
s 1
usemtl Leggies
f 2574/2513/2533 2569/2514/2528 2583/2515/2542 2575/2516/2534
f 2575/2516/2534 2583/2515/2542 2587/2517/2546 2576/2518/2535
f 2576/2518/2535 2587/2517/2546 2572/2519/2531 2577/2520/2536
f 2577/2520/2536 2572/2519/2531 2569/2521/2528 2574/2522/2533
f 2571/2523/2530 2568/2524/2527 2578/2524/2537 2580/2523/2539
f 2583/2515/2542 2569/2514/2528 2599/2514/2558 2600/2515/2559
f 2571/2523/2530 2577/2520/2536 2574/2522/2533 2568/2524/2527
f 2573/2525/2532 2576/2518/2535 2577/2520/2536 2571/2523/2530
f 2570/2526/2529 2575/2516/2534 2576/2518/2535 2573/2525/2532
f 2568/2527/2527 2574/2513/2533 2575/2516/2534 2570/2526/2529
f 2579/2528/2538 2581/2525/2540 2580/2523/2539 2578/2529/2537
f 2570/2526/2529 2573/2525/2532 2581/2525/2540 2579/2526/2538
f 2568/2527/2527 2570/2526/2529 2579/2526/2538 2578/2527/2537
f 2573/2525/2532 2571/2523/2530 2580/2523/2539 2581/2525/2540
f 2590/2513/2549 2583/2514/2542 2585/2515/2544 2591/2516/2550
f 2591/2516/2550 2585/2515/2544 2589/2517/2548 2592/2518/2551
f 2592/2518/2551 2589/2517/2548 2587/2519/2546 2593/2520/2552
f 2593/2520/2552 2587/2519/2546 2583/2521/2542 2590/2522/2549
f 2586/2523/2545 2582/2524/2541 2594/2524/2553 2596/2523/2555
f 2587/2519/2546 2589/2517/2548 2602/2517/2561 2603/2519/2562
f 2586/2523/2545 2593/2520/2552 2590/2522/2549 2582/2524/2541
f 2588/2525/2547 2592/2518/2551 2593/2520/2552 2586/2523/2545
f 2584/2526/2543 2591/2516/2550 2592/2518/2551 2588/2525/2547
f 2582/2527/2541 2590/2513/2549 2591/2516/2550 2584/2526/2543
f 2595/2528/2554 2597/2525/2556 2596/2523/2555 2594/2529/2553
f 2584/2526/2543 2588/2525/2547 2597/2525/2556 2595/2526/2554
f 2582/2527/2541 2584/2526/2543 2595/2526/2554 2594/2527/2553
f 2588/2525/2547 2586/2523/2545 2596/2523/2555 2597/2525/2556
f 2601/2515/2560 2600/2514/2559 2606/2514/2565 2607/2515/2566
f 2603/2519/2562 2602/2517/2561 2608/2517/2567 2609/2519/2568
f 2585/2515/2544 2583/2514/2542 2600/2514/2559 2601/2515/2560
f 2572/2519/2531 2587/2517/2546 2603/2517/2562 2598/2519/2557
f 2569/2521/2528 2572/2519/2531 2598/2519/2557 2599/2521/2558
f 2589/2517/2548 2585/2515/2544 2601/2515/2560 2602/2517/2561
f 2609/2517/2568 2606/2530/2565 2605/2531/2564 2604/2519/2563
f 2608/2517/2567 2607/2530/2566 2606/2531/2565 2609/2519/2568
f 2598/2519/2557 2603/2517/2562 2609/2517/2568 2604/2519/2563
f 2602/2517/2561 2601/2515/2560 2607/2515/2566 2608/2517/2567
f 2599/2521/2558 2598/2519/2557 2604/2519/2563 2605/2521/2564
f 2600/2515/2559 2599/2514/2558 2605/2514/2564 2606/2515/2565
o Cube.020
v -2.153440 -3.527167 28.098091
v -2.138583 -3.288321 28.066460
v -2.149548 -3.530936 28.084675
v -2.134648 -3.530900 28.104591
v -2.044683 -3.306973 28.098944
v -2.130756 -3.534669 28.091175
v -2.176111 -3.399885 28.071802
v -2.164443 -3.411186 28.031582
v -2.108097 -3.422379 28.051075
v -2.119765 -3.411077 28.091293
v -2.128430 -3.562186 28.110355
v -2.126947 -3.563621 28.105247
v -2.121262 -3.558569 28.111420
v -2.119779 -3.560004 28.106310
v -2.092263 -3.532723 27.918049
v -2.119139 -3.307155 27.999435
v -2.087058 -3.529250 27.904997
v -2.093133 -3.289800 27.934223
v -2.073471 -3.536456 27.924549
v -2.025239 -3.325808 28.031919
v -2.068266 -3.532983 27.911497
v -1.999233 -3.308453 27.966707
v -2.136137 -3.412287 27.949120
v -2.120531 -3.401874 27.909988
v -2.064185 -3.413066 27.929482
v -2.079791 -3.423480 27.968613
v -2.062016 -3.565648 27.916378
v -2.060034 -3.564325 27.911409
v -2.055684 -3.562005 27.919874
v -2.053702 -3.560683 27.914906
v -2.031489 -3.221159 28.102472
v -2.122910 -3.232016 28.071308
v -2.105014 -3.232430 28.003460
v -2.077406 -3.234138 27.939098
v -1.985985 -3.223281 27.970264
v -2.013593 -3.221572 28.034624
v -2.039903 -3.138166 28.098244
v -2.131324 -3.149024 28.067078
v -2.113428 -3.149437 27.999229
v -2.085821 -3.151145 27.934870
v -1.994400 -3.140288 27.966034
v -2.022007 -3.138580 28.030396
vn -0.8439 -0.2049 0.4958
vn -0.8714 0.2399 0.4278
vn -0.5020 -0.5329 -0.6812
vn 0.3848 0.2107 0.8986
vn 0.4705 -0.2098 0.8571
vn 0.8065 -0.1962 -0.5577
vn -0.9103 0.1350 0.3914
vn -0.5663 -0.1999 -0.7996
vn 0.7266 -0.5077 -0.4629
vn 0.3176 -0.1119 0.9416
vn -0.3790 -0.6566 0.6521
vn -0.0908 -0.9357 -0.3410
vn 0.5908 -0.1318 0.7960
vn 0.8839 -0.4157 -0.2143
vn -0.8177 -0.5248 0.2366
vn -0.9451 0.0373 -0.3246
vn -0.3613 -0.2178 -0.9067
vn -0.4219 0.2232 -0.8787
vn 0.2931 -0.1814 0.9387
vn 0.8145 -0.5046 0.2862
vn 0.8566 0.1975 -0.4766
vn 0.8956 -0.2251 -0.3837
vn -0.9388 -0.1879 0.2886
vn -0.4784 0.1199 -0.8699
vn 0.8294 -0.1300 -0.5433
vn 0.2830 -0.4928 0.8228
vn -0.2877 -0.9292 0.2318
vn 0.0974 -0.6722 -0.7339
vn 0.5626 -0.4052 0.7206
vn 0.9544 -0.1437 -0.2617
vn 0.4996 -0.0000 0.8662
vn -0.8517 0.0482 0.5219
vn -0.9437 0.0603 -0.3253
vn -0.3521 0.0299 -0.9355
vn 0.9270 -0.0175 -0.3748
vn 0.9456 -0.0103 0.3253
vn 0.3250 0.6404 0.6959
vn -0.7751 0.5190 0.3605
vn -0.7458 0.6105 -0.2666
vn -0.3848 0.5008 -0.7753
vn 0.6904 0.6232 -0.3675
vn 0.5718 0.7995 0.1840
vt 0.500000 0.000000
vt 0.625000 0.000000
vt 0.625000 0.250000
vt 0.500000 0.250000
vt 0.625000 0.500000
vt 0.500000 0.500000
vt 0.625000 0.750000
vt 0.500000 0.750000
vt 0.625000 1.000000
vt 0.500000 1.000000
vt 0.375000 0.750000
vt 0.375000 1.000000
vt 0.375000 0.500000
vt 0.375000 0.250000
vt 0.375000 0.000000
vt 0.125000 0.500000
vt 0.125000 0.750000
vt 0.875000 0.500000
vt 0.875000 0.750000
s 1
usemtl Leggies
f 2616/2532/2575 2611/2533/2570 2625/2534/2584 2617/2535/2576
f 2617/2535/2576 2625/2534/2584 2629/2536/2588 2618/2537/2577
f 2618/2537/2577 2629/2536/2588 2614/2538/2573 2619/2539/2578
f 2619/2539/2578 2614/2538/2573 2611/2540/2570 2616/2541/2575
f 2613/2542/2572 2610/2543/2569 2620/2543/2579 2622/2542/2581
f 2625/2534/2584 2611/2533/2570 2641/2533/2600 2642/2534/2601
f 2613/2542/2572 2619/2539/2578 2616/2541/2575 2610/2543/2569
f 2615/2544/2574 2618/2537/2577 2619/2539/2578 2613/2542/2572
f 2612/2545/2571 2617/2535/2576 2618/2537/2577 2615/2544/2574
f 2610/2546/2569 2616/2532/2575 2617/2535/2576 2612/2545/2571
f 2621/2547/2580 2623/2544/2582 2622/2542/2581 2620/2548/2579
f 2612/2545/2571 2615/2544/2574 2623/2544/2582 2621/2545/2580
f 2610/2546/2569 2612/2545/2571 2621/2545/2580 2620/2546/2579
f 2615/2544/2574 2613/2542/2572 2622/2542/2581 2623/2544/2582
f 2632/2532/2591 2625/2533/2584 2627/2534/2586 2633/2535/2592
f 2633/2535/2592 2627/2534/2586 2631/2536/2590 2634/2537/2593
f 2634/2537/2593 2631/2536/2590 2629/2538/2588 2635/2539/2594
f 2635/2539/2594 2629/2538/2588 2625/2540/2584 2632/2541/2591
f 2628/2542/2587 2624/2543/2583 2636/2543/2595 2638/2542/2597
f 2629/2538/2588 2631/2536/2590 2644/2536/2603 2645/2538/2604
f 2628/2542/2587 2635/2539/2594 2632/2541/2591 2624/2543/2583
f 2630/2544/2589 2634/2537/2593 2635/2539/2594 2628/2542/2587
f 2626/2545/2585 2633/2535/2592 2634/2537/2593 2630/2544/2589
f 2624/2546/2583 2632/2532/2591 2633/2535/2592 2626/2545/2585
f 2637/2547/2596 2639/2544/2598 2638/2542/2597 2636/2548/2595
f 2626/2545/2585 2630/2544/2589 2639/2544/2598 2637/2545/2596
f 2624/2546/2583 2626/2545/2585 2637/2545/2596 2636/2546/2595
f 2630/2544/2589 2628/2542/2587 2638/2542/2597 2639/2544/2598
f 2643/2534/2602 2642/2533/2601 2648/2533/2607 2649/2534/2608
f 2645/2538/2604 2644/2536/2603 2650/2536/2609 2651/2538/2610
f 2627/2534/2586 2625/2533/2584 2642/2533/2601 2643/2534/2602
f 2614/2538/2573 2629/2536/2588 2645/2536/2604 2640/2538/2599
f 2611/2540/2570 2614/2538/2573 2640/2538/2599 2641/2540/2600
f 2631/2536/2590 2627/2534/2586 2643/2534/2602 2644/2536/2603
f 2651/2536/2610 2648/2549/2607 2647/2550/2606 2646/2538/2605
f 2650/2536/2609 2649/2549/2608 2648/2550/2607 2651/2538/2610
f 2640/2538/2599 2645/2536/2604 2651/2536/2610 2646/2538/2605
f 2644/2536/2603 2643/2534/2602 2649/2534/2608 2650/2536/2609
f 2641/2540/2600 2640/2538/2599 2646/2538/2605 2647/2540/2606
f 2642/2534/2601 2641/2533/2600 2647/2533/2606 2648/2534/2607
o Cube.021
v -0.235891 -3.725140 27.690811
v -0.206475 -3.486294 27.709675
v -0.223100 -3.728909 27.696423
v -0.244793 -3.728873 27.708591
v -0.250954 -3.504946 27.798523
v -0.232001 -3.732642 27.714205
v -0.206864 -3.597857 27.671770
v -0.168516 -3.609159 27.688597
v -0.195206 -3.620352 27.741911
v -0.233555 -3.609050 27.725084
v -0.251321 -3.760159 27.714003
v -0.246450 -3.761594 27.716141
v -0.253313 -3.756542 27.720970
v -0.248441 -3.757977 27.723108
v -0.065391 -3.730696 27.774998
v -0.142567 -3.505128 27.737713
v -0.053132 -3.727223 27.781864
v -0.081313 -3.487773 27.772020
v -0.074293 -3.734429 27.792778
v -0.187046 -3.523780 27.826561
v -0.062033 -3.730956 27.799644
v -0.125793 -3.506425 27.860868
v -0.090461 -3.610260 27.727438
v -0.053706 -3.599846 27.748026
v -0.080397 -3.611039 27.801340
v -0.117152 -3.621453 27.780752
v -0.067690 -3.763620 27.805204
v -0.063023 -3.762298 27.807817
v -0.071983 -3.759978 27.811024
v -0.067316 -3.758655 27.813639
v -0.256177 -3.419132 27.811142
v -0.213329 -3.429989 27.724579
v -0.148403 -3.430403 27.751192
v -0.088203 -3.432111 27.786976
v -0.131052 -3.421253 27.873537
v -0.191252 -3.419545 27.837753
v -0.250884 -3.336139 27.803352
v -0.208036 -3.346996 27.716789
v -0.143110 -3.347410 27.743402
v -0.082910 -3.349118 27.779186
v -0.125758 -3.338261 27.865747
v -0.185958 -3.336553 27.829964
vn -0.3812 -0.2049 -0.9015
vn -0.3103 0.2399 -0.9199
vn 0.7410 -0.5329 -0.4086
vn -0.9412 0.2107 0.2641
vn -0.9113 -0.2098 0.3544
vn 0.4475 -0.1962 0.8725
vn -0.2691 0.1350 -0.9536
vn 0.8668 -0.1999 -0.4569
vn 0.3640 -0.5077 0.7809
vn -0.9750 -0.1119 0.1918
vn -0.5970 -0.6566 -0.4610
vn 0.3499 -0.9357 -0.0455
vn -0.8664 -0.1318 0.4817
vn 0.0969 -0.4157 0.9043
vn -0.1277 -0.5248 -0.8416
vn 0.4454 0.0373 -0.8946
vn 0.9461 -0.2178 -0.2397
vn 0.9263 0.2232 -0.3035
vn -0.9690 -0.1814 0.1678
vn -0.3902 -0.5046 0.7701
vn 0.3606 0.1975 0.9116
vn 0.2633 -0.2251 0.9381
vn -0.1634 -0.1879 -0.9685
vn 0.9250 0.1199 -0.3606
vn 0.4303 -0.1300 0.8933
vn -0.8528 -0.4928 0.1730
vn -0.1922 -0.9292 -0.3155
vn 0.7149 -0.6722 0.1925
vn -0.7880 -0.4052 0.4636
vn 0.1347 -0.1437 0.9804
vn -0.9241 -0.0000 0.3821
vn -0.4061 0.0482 -0.9126
vn 0.4459 0.0603 -0.8931
vn 0.9735 0.0299 -0.2268
vn 0.2504 -0.0175 0.9680
vn -0.4461 -0.0103 0.8949
vn -0.7324 0.6404 0.2313
vn -0.2561 0.5190 -0.8155
vn 0.3618 0.6105 -0.7046
vn 0.8190 0.5008 -0.2802
vn 0.2741 0.6232 0.7325
vn -0.2572 0.7995 0.5429
vt 0.500000 0.000000
vt 0.625000 0.000000
vt 0.625000 0.250000
vt 0.500000 0.250000
vt 0.625000 0.500000
vt 0.500000 0.500000
vt 0.625000 0.750000
vt 0.500000 0.750000
vt 0.625000 1.000000
vt 0.500000 1.000000
vt 0.375000 0.750000
vt 0.375000 1.000000
vt 0.375000 0.500000
vt 0.375000 0.250000
vt 0.375000 0.000000
vt 0.125000 0.500000
vt 0.125000 0.750000
vt 0.875000 0.500000
vt 0.875000 0.750000
s 1
usemtl Leggies
f 2658/2551/2617 2653/2552/2612 2667/2553/2626 2659/2554/2618
f 2659/2554/2618 2667/2553/2626 2671/2555/2630 2660/2556/2619
f 2660/2556/2619 2671/2555/2630 2656/2557/2615 2661/2558/2620
f 2661/2558/2620 2656/2557/2615 2653/2559/2612 2658/2560/2617
f 2655/2561/2614 2652/2562/2611 2662/2562/2621 2664/2561/2623
f 2667/2553/2626 2653/2552/2612 2683/2552/2642 2684/2553/2643
f 2655/2561/2614 2661/2558/2620 2658/2560/2617 2652/2562/2611
f 2657/2563/2616 2660/2556/2619 2661/2558/2620 2655/2561/2614
f 2654/2564/2613 2659/2554/2618 2660/2556/2619 2657/2563/2616
f 2652/2565/2611 2658/2551/2617 2659/2554/2618 2654/2564/2613
f 2663/2566/2622 2665/2563/2624 2664/2561/2623 2662/2567/2621
f 2654/2564/2613 2657/2563/2616 2665/2563/2624 2663/2564/2622
f 2652/2565/2611 2654/2564/2613 2663/2564/2622 2662/2565/2621
f 2657/2563/2616 2655/2561/2614 2664/2561/2623 2665/2563/2624
f 2674/2551/2633 2667/2552/2626 2669/2553/2628 2675/2554/2634
f 2675/2554/2634 2669/2553/2628 2673/2555/2632 2676/2556/2635
f 2676/2556/2635 2673/2555/2632 2671/2557/2630 2677/2558/2636
f 2677/2558/2636 2671/2557/2630 2667/2559/2626 2674/2560/2633
f 2670/2561/2629 2666/2562/2625 2678/2562/2637 2680/2561/2639
f 2671/2557/2630 2673/2555/2632 2686/2555/2645 2687/2557/2646
f 2670/2561/2629 2677/2558/2636 2674/2560/2633 2666/2562/2625
f 2672/2563/2631 2676/2556/2635 2677/2558/2636 2670/2561/2629
f 2668/2564/2627 2675/2554/2634 2676/2556/2635 2672/2563/2631
f 2666/2565/2625 2674/2551/2633 2675/2554/2634 2668/2564/2627
f 2679/2566/2638 2681/2563/2640 2680/2561/2639 2678/2567/2637
f 2668/2564/2627 2672/2563/2631 2681/2563/2640 2679/2564/2638
f 2666/2565/2625 2668/2564/2627 2679/2564/2638 2678/2565/2637
f 2672/2563/2631 2670/2561/2629 2680/2561/2639 2681/2563/2640
f 2685/2553/2644 2684/2552/2643 2690/2552/2649 2691/2553/2650
f 2687/2557/2646 2686/2555/2645 2692/2555/2651 2693/2557/2652
f 2669/2553/2628 2667/2552/2626 2684/2552/2643 2685/2553/2644
f 2656/2557/2615 2671/2555/2630 2687/2555/2646 2682/2557/2641
f 2653/2559/2612 2656/2557/2615 2682/2557/2641 2683/2559/2642
f 2673/2555/2632 2669/2553/2628 2685/2553/2644 2686/2555/2645
f 2693/2555/2652 2690/2568/2649 2689/2569/2648 2688/2557/2647
f 2692/2555/2651 2691/2568/2650 2690/2569/2649 2693/2557/2652
f 2682/2557/2641 2687/2555/2646 2693/2555/2652 2688/2557/2647
f 2686/2555/2645 2685/2553/2644 2691/2553/2650 2692/2555/2651
f 2683/2559/2642 2682/2557/2641 2688/2557/2647 2689/2559/2648
f 2684/2553/2643 2683/2552/2642 2689/2552/2648 2690/2553/2649
o Cube.022
v -0.564535 -3.680375 27.960297
v -0.546532 -3.441529 27.930344
v -0.559296 -3.684144 27.947348
v -0.546503 -3.684108 27.968678
v -0.456430 -3.460181 27.972225
v -0.541264 -3.687877 27.955729
v -0.584409 -3.553092 27.931833
v -0.568704 -3.564394 27.893013
v -0.514637 -3.575587 27.918144
v -0.530342 -3.564285 27.956966
v -0.540905 -3.715394 27.975046
v -0.538909 -3.716829 27.970116
v -0.533882 -3.711777 27.976835
v -0.531887 -3.713212 27.971903
v -0.485332 -3.685931 27.787424
v -0.520361 -3.460363 27.865650
v -0.478824 -3.682458 27.774971
v -0.487846 -3.443008 27.803427
v -0.467300 -3.689664 27.795805
v -0.430259 -3.479015 27.907532
v -0.460792 -3.686191 27.783352
v -0.397744 -3.461660 27.845308
v -0.532144 -3.565495 27.813864
v -0.512632 -3.555081 27.776527
v -0.458566 -3.566274 27.801659
v -0.478077 -3.576688 27.838995
v -0.455072 -3.718855 27.788845
v -0.452595 -3.717533 27.784103
v -0.449129 -3.715213 27.792967
v -0.446652 -3.713890 27.788225
v -0.443665 -3.374367 27.977081
v -0.531435 -3.385224 27.936764
v -0.506719 -3.385638 27.871092
v -0.472698 -3.387346 27.809879
v -0.384928 -3.376488 27.850197
v -0.418949 -3.374780 27.911409
v -0.451605 -3.291374 27.972015
v -0.539375 -3.302231 27.931698
v -0.514659 -3.302645 27.866028
v -0.480637 -3.304353 27.804813
v -0.392868 -3.293496 27.845131
v -0.426889 -3.291788 27.906345
vn -0.8900 -0.2049 0.4072
vn -0.9105 0.2399 0.3368
vn -0.4300 -0.5329 -0.7288
vn 0.2913 0.2107 0.9332
vn 0.3807 -0.2098 0.9006
vn 0.8591 -0.1962 -0.4726
vn -0.9454 0.1350 0.2966
vn -0.4818 -0.1999 -0.8531
vn 0.7700 -0.5077 -0.3865
vn 0.2200 -0.1119 0.9691
vn -0.4434 -0.6566 0.6101
vn -0.0556 -0.9357 -0.3485
vn 0.5066 -0.1318 0.8520
vn 0.9011 -0.4157 -0.1231
vn -0.8376 -0.5248 0.1520
vn -0.9071 0.0373 -0.4192
vn -0.2670 -0.2178 -0.9388
vn -0.3302 0.2232 -0.9171
vn 0.1959 -0.1814 0.9637
vn 0.7811 -0.5046 0.3677
vn 0.9007 0.1975 -0.3869
vn 0.9300 -0.2251 -0.2904
vn -0.9634 -0.1879 0.1914
vn -0.3873 0.1199 -0.9141
vn 0.8804 -0.1300 -0.4560
vn 0.1976 -0.4928 0.8474
vn -0.3098 -0.9292 0.2013
vn 0.1717 -0.6722 -0.7202
vn 0.4862 -0.4052 0.7742
vn 0.9761 -0.1437 -0.1631
vn 0.4088 -0.0000 0.9126
vn -0.9004 0.0482 0.4324
vn -0.9056 0.0603 -0.4198
vn -0.2549 0.0299 -0.9665
vn 0.9603 -0.0175 -0.2784
vn 0.9075 -0.0103 0.4199
vn 0.2524 0.6404 0.7253
vn -0.8078 0.5190 0.2796
vn -0.7148 0.6105 -0.3412
vn -0.3038 0.5008 -0.8105
vn 0.7242 0.6232 -0.2952
vn 0.5501 0.7995 0.2413
vt 0.500000 0.000000
vt 0.625000 0.000000
vt 0.625000 0.250000
vt 0.500000 0.250000
vt 0.625000 0.500000
vt 0.500000 0.500000
vt 0.625000 0.750000
vt 0.500000 0.750000
vt 0.625000 1.000000
vt 0.500000 1.000000
vt 0.375000 0.750000
vt 0.375000 1.000000
vt 0.375000 0.500000
vt 0.375000 0.250000
vt 0.375000 0.000000
vt 0.125000 0.500000
vt 0.125000 0.750000
vt 0.875000 0.500000
vt 0.875000 0.750000
s 1
usemtl Leggies
f 2700/2570/2659 2695/2571/2654 2709/2572/2668 2701/2573/2660
f 2701/2573/2660 2709/2572/2668 2713/2574/2672 2702/2575/2661
f 2702/2575/2661 2713/2574/2672 2698/2576/2657 2703/2577/2662
f 2703/2577/2662 2698/2576/2657 2695/2578/2654 2700/2579/2659
f 2697/2580/2656 2694/2581/2653 2704/2581/2663 2706/2580/2665
f 2709/2572/2668 2695/2571/2654 2725/2571/2684 2726/2572/2685
f 2697/2580/2656 2703/2577/2662 2700/2579/2659 2694/2581/2653
f 2699/2582/2658 2702/2575/2661 2703/2577/2662 2697/2580/2656
f 2696/2583/2655 2701/2573/2660 2702/2575/2661 2699/2582/2658
f 2694/2584/2653 2700/2570/2659 2701/2573/2660 2696/2583/2655
f 2705/2585/2664 2707/2582/2666 2706/2580/2665 2704/2586/2663
f 2696/2583/2655 2699/2582/2658 2707/2582/2666 2705/2583/2664
f 2694/2584/2653 2696/2583/2655 2705/2583/2664 2704/2584/2663
f 2699/2582/2658 2697/2580/2656 2706/2580/2665 2707/2582/2666
f 2716/2570/2675 2709/2571/2668 2711/2572/2670 2717/2573/2676
f 2717/2573/2676 2711/2572/2670 2715/2574/2674 2718/2575/2677
f 2718/2575/2677 2715/2574/2674 2713/2576/2672 2719/2577/2678
f 2719/2577/2678 2713/2576/2672 2709/2578/2668 2716/2579/2675
f 2712/2580/2671 2708/2581/2667 2720/2581/2679 2722/2580/2681
f 2713/2576/2672 2715/2574/2674 2728/2574/2687 2729/2576/2688
f 2712/2580/2671 2719/2577/2678 2716/2579/2675 2708/2581/2667
f 2714/2582/2673 2718/2575/2677 2719/2577/2678 2712/2580/2671
f 2710/2583/2669 2717/2573/2676 2718/2575/2677 2714/2582/2673
f 2708/2584/2667 2716/2570/2675 2717/2573/2676 2710/2583/2669
f 2721/2585/2680 2723/2582/2682 2722/2580/2681 2720/2586/2679
f 2710/2583/2669 2714/2582/2673 2723/2582/2682 2721/2583/2680
f 2708/2584/2667 2710/2583/2669 2721/2583/2680 2720/2584/2679
f 2714/2582/2673 2712/2580/2671 2722/2580/2681 2723/2582/2682
f 2727/2572/2686 2726/2571/2685 2732/2571/2691 2733/2572/2692
f 2729/2576/2688 2728/2574/2687 2734/2574/2693 2735/2576/2694
f 2711/2572/2670 2709/2571/2668 2726/2571/2685 2727/2572/2686
f 2698/2576/2657 2713/2574/2672 2729/2574/2688 2724/2576/2683
f 2695/2578/2654 2698/2576/2657 2724/2576/2683 2725/2578/2684
f 2715/2574/2674 2711/2572/2670 2727/2572/2686 2728/2574/2687
f 2735/2574/2694 2732/2587/2691 2731/2588/2690 2730/2576/2689
f 2734/2574/2693 2733/2587/2692 2732/2588/2691 2735/2576/2694
f 2724/2576/2683 2729/2574/2688 2735/2574/2694 2730/2576/2689
f 2728/2574/2687 2727/2572/2686 2733/2572/2692 2734/2574/2693
f 2725/2578/2684 2724/2576/2683 2730/2576/2689 2731/2578/2690
f 2726/2572/2685 2725/2571/2684 2731/2571/2690 2732/2572/2691
o Cube.023
v 1.383091 -3.600293 28.128876
v 1.410644 -3.361446 28.150370
v 1.395311 -3.604062 28.135643
v 1.372589 -3.604026 28.145761
v 1.358167 -3.380099 28.234741
v 1.384809 -3.607795 28.152529
v 1.413749 -3.473010 28.112593
v 1.450384 -3.484312 28.132879
v 1.418894 -3.495504 28.183508
v 1.382259 -3.484203 28.163219
v 1.365590 -3.635311 28.150547
v 1.370243 -3.636747 28.153124
v 1.362965 -3.631694 28.157303
v 1.367618 -3.633130 28.159880
v 1.545108 -3.605849 28.228416
v 1.471696 -3.380280 28.184179
v 1.556683 -3.602376 28.236383
v 1.529528 -3.362925 28.223984
v 1.534606 -3.609582 28.245300
v 1.419219 -3.398933 28.268551
v 1.546181 -3.606109 28.253267
v 1.477051 -3.381578 28.308355
v 1.524527 -3.485413 28.178749
v 1.559229 -3.474999 28.202635
v 1.527739 -3.486192 28.253263
v 1.493037 -3.496606 28.229378
v 1.540036 -3.638773 28.258282
v 1.544442 -3.637450 28.261314
v 1.535225 -3.635130 28.263681
v 1.539631 -3.633808 28.266716
v 1.351803 -3.294284 28.246826
v 1.402446 -3.305141 28.164579
v 1.464643 -3.305555 28.197062
v 1.521289 -3.307263 28.238241
v 1.470647 -3.296406 28.320486
v 1.414001 -3.294698 28.279308
v 1.357791 -3.211292 28.239557
v 1.408434 -3.222149 28.157312
v 1.470631 -3.222563 28.189793
v 1.527278 -3.224271 28.230972
v 1.476635 -3.213413 28.313217
v 1.419989 -3.211705 28.272039
vn -0.2965 -0.2049 -0.9328
vn -0.2242 0.2399 -0.9446
vn 0.7755 -0.5329 -0.3386
vn -0.9615 0.2107 0.1762
vn -0.9400 -0.2098 0.2689
vn 0.3652 -0.1962 0.9100
vn -0.1800 0.1350 -0.9744
vn 0.9052 -0.1999 -0.3751
vn 0.2905 -0.5077 0.8111
vn -0.9886 -0.1119 0.1011
vn -0.5520 -0.6566 -0.5140
vn 0.3526 -0.9357 -0.0131
vn -0.9071 -0.1318 0.3998
vn 0.0131 -0.4157 0.9094
vn -0.0496 -0.5248 -0.8498
vn 0.5259 0.0373 -0.8497
vn 0.9642 -0.2178 -0.1515
vn 0.9503 0.2232 -0.2168
vn -0.9803 -0.1814 0.0778
vn -0.4595 -0.5046 0.7309
vn 0.2750 0.1975 0.9409
vn 0.1757 -0.2251 0.9584
vn -0.0734 -0.1879 -0.9794
vn 0.9543 0.1199 -0.2738
vn 0.3461 -0.1300 0.9291
vn -0.8651 -0.4928 0.0936
vn -0.1623 -0.9292 -0.3319
vn 0.6941 -0.6722 0.2576
vn -0.8273 -0.4052 0.3890
vn 0.0438 -0.1437 0.9886
vn -0.9554 -0.0000 0.2953
vn -0.3203 0.0482 -0.9461
vn 0.5263 0.0603 -0.8482
vn 0.9902 0.0299 -0.1361
vn 0.1601 -0.0175 0.9869
vn -0.5267 -0.0103 0.8500
vn -0.7506 0.6404 0.1628
vn -0.1798 0.5190 -0.8357
vn 0.4251 0.6105 -0.6683
vn 0.8413 0.5008 -0.2035
vn 0.2054 0.6232 0.7546
vn -0.3061 0.7995 0.5169
vt 0.500000 0.000000
vt 0.625000 0.000000
vt 0.625000 0.250000
vt 0.500000 0.250000
vt 0.625000 0.500000
vt 0.500000 0.500000
vt 0.625000 0.750000
vt 0.500000 0.750000
vt 0.625000 1.000000
vt 0.500000 1.000000
vt 0.375000 0.750000
vt 0.375000 1.000000
vt 0.375000 0.500000
vt 0.375000 0.250000
vt 0.375000 0.000000
vt 0.125000 0.500000
vt 0.125000 0.750000
vt 0.875000 0.500000
vt 0.875000 0.750000
s 1
usemtl Leggies
f 2742/2589/2701 2737/2590/2696 2751/2591/2710 2743/2592/2702
f 2743/2592/2702 2751/2591/2710 2755/2593/2714 2744/2594/2703
f 2744/2594/2703 2755/2593/2714 2740/2595/2699 2745/2596/2704
f 2745/2596/2704 2740/2595/2699 2737/2597/2696 2742/2598/2701
f 2739/2599/2698 2736/2600/2695 2746/2600/2705 2748/2599/2707
f 2751/2591/2710 2737/2590/2696 2767/2590/2726 2768/2591/2727
f 2739/2599/2698 2745/2596/2704 2742/2598/2701 2736/2600/2695
f 2741/2601/2700 2744/2594/2703 2745/2596/2704 2739/2599/2698
f 2738/2602/2697 2743/2592/2702 2744/2594/2703 2741/2601/2700
f 2736/2603/2695 2742/2589/2701 2743/2592/2702 2738/2602/2697
f 2747/2604/2706 2749/2601/2708 2748/2599/2707 2746/2605/2705
f 2738/2602/2697 2741/2601/2700 2749/2601/2708 2747/2602/2706
f 2736/2603/2695 2738/2602/2697 2747/2602/2706 2746/2603/2705
f 2741/2601/2700 2739/2599/2698 2748/2599/2707 2749/2601/2708
f 2758/2589/2717 2751/2590/2710 2753/2591/2712 2759/2592/2718
f 2759/2592/2718 2753/2591/2712 2757/2593/2716 2760/2594/2719
f 2760/2594/2719 2757/2593/2716 2755/2595/2714 2761/2596/2720
f 2761/2596/2720 2755/2595/2714 2751/2597/2710 2758/2598/2717
f 2754/2599/2713 2750/2600/2709 2762/2600/2721 2764/2599/2723
f 2755/2595/2714 2757/2593/2716 2770/2593/2729 2771/2595/2730
f 2754/2599/2713 2761/2596/2720 2758/2598/2717 2750/2600/2709
f 2756/2601/2715 2760/2594/2719 2761/2596/2720 2754/2599/2713
f 2752/2602/2711 2759/2592/2718 2760/2594/2719 2756/2601/2715
f 2750/2603/2709 2758/2589/2717 2759/2592/2718 2752/2602/2711
f 2763/2604/2722 2765/2601/2724 2764/2599/2723 2762/2605/2721
f 2752/2602/2711 2756/2601/2715 2765/2601/2724 2763/2602/2722
f 2750/2603/2709 2752/2602/2711 2763/2602/2722 2762/2603/2721
f 2756/2601/2715 2754/2599/2713 2764/2599/2723 2765/2601/2724
f 2769/2591/2728 2768/2590/2727 2774/2590/2733 2775/2591/2734
f 2771/2595/2730 2770/2593/2729 2776/2593/2735 2777/2595/2736
f 2753/2591/2712 2751/2590/2710 2768/2590/2727 2769/2591/2728
f 2740/2595/2699 2755/2593/2714 2771/2593/2730 2766/2595/2725
f 2737/2597/2696 2740/2595/2699 2766/2595/2725 2767/2597/2726
f 2757/2593/2716 2753/2591/2712 2769/2591/2728 2770/2593/2729
f 2777/2593/2736 2774/2606/2733 2773/2607/2732 2772/2595/2731
f 2776/2593/2735 2775/2606/2734 2774/2607/2733 2777/2595/2736
f 2766/2595/2725 2771/2593/2730 2777/2593/2736 2772/2595/2731
f 2770/2593/2729 2769/2591/2728 2775/2591/2734 2776/2593/2735
f 2767/2597/2726 2766/2595/2725 2772/2595/2731 2773/2597/2732
f 2768/2591/2727 2767/2590/2726 2773/2590/2732 2774/2591/2733
o Cube.024
v 1.087712 -3.600293 28.173988
v 1.121374 -3.361446 28.164606
v 1.100417 -3.604062 28.168184
v 1.095049 -3.604026 28.192471
v 1.158035 -3.380099 28.256956
v 1.107754 -3.607795 28.186666
v 1.092839 -3.473010 28.139656
v 1.130928 -3.484312 28.122252
v 1.152927 -3.495504 28.177668
v 1.114837 -3.484203 28.195070
v 1.094738 -3.635311 28.200945
v 1.099576 -3.636747 28.198734
v 1.098610 -3.631694 28.207069
v 1.103448 -3.633130 28.204859
v 1.264059 -3.605849 28.102859
v 1.184850 -3.380280 28.135603
v 1.277346 -3.602376 28.098286
v 1.251235 -3.362925 28.112755
v 1.271396 -3.609582 28.121340
v 1.221511 -3.398933 28.227953
v 1.284683 -3.606109 28.116768
v 1.287895 -3.381578 28.205103
v 1.211884 -3.485413 28.089890
v 1.251719 -3.474999 28.076180
v 1.273718 -3.486192 28.131596
v 1.233883 -3.496606 28.145306
v 1.285062 -3.638773 28.124689
v 1.290120 -3.637450 28.122948
v 1.286546 -3.635130 28.131767
v 1.291604 -3.633808 28.130026
v 1.163971 -3.294284 28.269257
v 1.127929 -3.305141 28.179646
v 1.191018 -3.305555 28.148932
v 1.257803 -3.307263 28.127853
v 1.293844 -3.296406 28.217463
v 1.227060 -3.294698 28.238543
v 1.161685 -3.211292 28.260120
v 1.125643 -3.222149 28.170509
v 1.188732 -3.222563 28.139797
v 1.255517 -3.224271 28.118717
v 1.291559 -3.213413 28.208328
v 1.224774 -3.211705 28.229406
vn -0.9264 -0.2049 -0.3159
vn -0.8928 0.2399 -0.3811
vn 0.1886 -0.5329 -0.8249
vn -0.4298 0.2107 0.8780
vn -0.3425 -0.2098 0.9158
vn 0.9489 -0.1962 0.2472
vn -0.8906 0.1350 -0.4343
vn 0.2364 -0.1999 -0.9509
vn 0.8249 -0.5077 0.2485
vn -0.5063 -0.1119 0.8551
vn -0.7414 -0.6566 0.1384
vn 0.1991 -0.9357 -0.2914
vn -0.2176 -0.1318 0.9671
vn 0.7392 -0.4157 0.5300
vn -0.7129 -0.5248 -0.4652
vn -0.3707 0.0373 -0.9280
vn 0.4513 -0.2178 -0.8654
vn 0.3905 0.2232 -0.8931
vn -0.5201 -0.1814 0.8346
vn 0.3147 -0.5046 0.8040
vn 0.9202 0.1975 0.3381
vn 0.8752 -0.2251 0.4283
vn -0.8313 -0.1879 -0.5231
vn 0.3470 0.1199 -0.9302
vn 0.9529 -0.1300 0.2739
vn -0.4389 -0.4928 0.7514
vn -0.3634 -0.9292 -0.0667
vn 0.6197 -0.6722 -0.4051
vn -0.1789 -0.4052 0.8965
vn 0.8211 -0.1437 0.5524
vn -0.3304 -0.0000 0.9439
vn -0.9512 0.0482 -0.3048
vn -0.3693 0.0603 -0.9274
vn 0.4791 0.0299 -0.8773
vn 0.8889 -0.0175 0.4578
vn 0.3705 -0.0103 0.9288
vn -0.3152 0.6404 0.7004
vn -0.7789 0.5190 -0.3521
vn -0.2847 0.6105 -0.7391
vn 0.3364 0.5008 -0.7975
vn 0.7290 0.6232 0.2834
vn 0.2337 0.7995 0.5534
vt 0.500000 0.000000
vt 0.625000 0.000000
vt 0.625000 0.250000
vt 0.500000 0.250000
vt 0.625000 0.500000
vt 0.500000 0.500000
vt 0.625000 0.750000
vt 0.500000 0.750000
vt 0.625000 1.000000
vt 0.500000 1.000000
vt 0.375000 0.750000
vt 0.375000 1.000000
vt 0.375000 0.500000
vt 0.375000 0.250000
vt 0.375000 0.000000
vt 0.125000 0.500000
vt 0.125000 0.750000
vt 0.875000 0.500000
vt 0.875000 0.750000
s 1
usemtl Leggies
f 2784/2608/2743 2779/2609/2738 2793/2610/2752 2785/2611/2744
f 2785/2611/2744 2793/2610/2752 2797/2612/2756 2786/2613/2745
f 2786/2613/2745 2797/2612/2756 2782/2614/2741 2787/2615/2746
f 2787/2615/2746 2782/2614/2741 2779/2616/2738 2784/2617/2743
f 2781/2618/2740 2778/2619/2737 2788/2619/2747 2790/2618/2749
f 2793/2610/2752 2779/2609/2738 2809/2609/2768 2810/2610/2769
f 2781/2618/2740 2787/2615/2746 2784/2617/2743 2778/2619/2737
f 2783/2620/2742 2786/2613/2745 2787/2615/2746 2781/2618/2740
f 2780/2621/2739 2785/2611/2744 2786/2613/2745 2783/2620/2742
f 2778/2622/2737 2784/2608/2743 2785/2611/2744 2780/2621/2739
f 2789/2623/2748 2791/2620/2750 2790/2618/2749 2788/2624/2747
f 2780/2621/2739 2783/2620/2742 2791/2620/2750 2789/2621/2748
f 2778/2622/2737 2780/2621/2739 2789/2621/2748 2788/2622/2747
f 2783/2620/2742 2781/2618/2740 2790/2618/2749 2791/2620/2750
f 2800/2608/2759 2793/2609/2752 2795/2610/2754 2801/2611/2760
f 2801/2611/2760 2795/2610/2754 2799/2612/2758 2802/2613/2761
f 2802/2613/2761 2799/2612/2758 2797/2614/2756 2803/2615/2762
f 2803/2615/2762 2797/2614/2756 2793/2616/2752 2800/2617/2759
f 2796/2618/2755 2792/2619/2751 2804/2619/2763 2806/2618/2765
f 2797/2614/2756 2799/2612/2758 2812/2612/2771 2813/2614/2772
f 2796/2618/2755 2803/2615/2762 2800/2617/2759 2792/2619/2751
f 2798/2620/2757 2802/2613/2761 2803/2615/2762 2796/2618/2755
f 2794/2621/2753 2801/2611/2760 2802/2613/2761 2798/2620/2757
f 2792/2622/2751 2800/2608/2759 2801/2611/2760 2794/2621/2753
f 2805/2623/2764 2807/2620/2766 2806/2618/2765 2804/2624/2763
f 2794/2621/2753 2798/2620/2757 2807/2620/2766 2805/2621/2764
f 2792/2622/2751 2794/2621/2753 2805/2621/2764 2804/2622/2763
f 2798/2620/2757 2796/2618/2755 2806/2618/2765 2807/2620/2766
f 2811/2610/2770 2810/2609/2769 2816/2609/2775 2817/2610/2776
f 2813/2614/2772 2812/2612/2771 2818/2612/2777 2819/2614/2778
f 2795/2610/2754 2793/2609/2752 2810/2609/2769 2811/2610/2770
f 2782/2614/2741 2797/2612/2756 2813/2612/2772 2808/2614/2767
f 2779/2616/2738 2782/2614/2741 2808/2614/2767 2809/2616/2768
f 2799/2612/2758 2795/2610/2754 2811/2610/2770 2812/2612/2771
f 2819/2612/2778 2816/2625/2775 2815/2626/2774 2814/2614/2773
f 2818/2612/2777 2817/2625/2776 2816/2626/2775 2819/2614/2778
f 2808/2614/2767 2813/2612/2772 2819/2612/2778 2814/2614/2773
f 2812/2612/2771 2811/2610/2770 2817/2610/2776 2818/2612/2777
f 2809/2616/2768 2808/2614/2767 2814/2614/2773 2815/2616/2774
f 2810/2610/2769 2809/2609/2768 2815/2609/2774 2816/2610/2775
